designmiami	2
wait	1
co/4eue5hesm9	1
shape	1
explore	1
maybe	1
unexpected	1
experience	1
follow	1
space	1
miami	1
beaches	1
snapchat	1
belonganywhere	1
(and	1
taking	1
co/itrxhehygdwelcome	1
designmiami	2
wait	1
co/4eue5hesm9	1
shape	1
explore	1
maybe	1
unexpected	1
experience	1
follow	1
space	1
miami	1
beaches	1
snapchat	1
belonganywhere	1
(and	1
taking	1
co/itrxhehygdwelcome	1
airbnbopen	23
hosts	19
mankind	16
host	15
paris	15
world	14
hostwithpride	13
see	11
best	10
new	9
guests	9
nightat	8
day	7
island	7
get	7
community	6
runairbnb	6
good	6
ever	6
local	6
time	6
go	6
home	6
treehousetuesday	6
now	5
kind	5
kindness	5
film	5
tcsnycmarathon	5
stay	5
celebrate	5
follow	5
destinations	4
hosting	4
(and	4
live	4
share	4
honor	4
today	4
welcome	4
takes	4
watch	4
thing	4
book	4
happy	4
experience	4
cuba	4
cirque	4
just	4
2015	4
thanks	4
make	4
makes	4
know	4
like	4
vip	3
authorities	3
left	3
got	3
red	3
act	3
need	3
winner	3
wait	3
tonight	3
bchesky	3
humankind	3
womankind	3
two	3
show	3
fenway	3
co/catmvlbdjp	3
race	3
far	3
runners	3
provide	3
great	3
before	3
along	3
park	3
nyc	3
trip	3
chicago	3
treehouse	3
bill	3
year‚Äôs	3
du	3
france	3
views	3
beach	3
transkind	3
big	3
ellis	3
summer	3
together	3
forward	3
espys	3
co/ybdh8bxojc	3
america‚Äôs	3
refugees	3
snapchat	3
guide	3
still	3
event	3
help	3
first	3
perfect	3
kreutzmann	3
year	2
attendees	2
you?	2
much	2
forest	2
listing	2
co/ntblueqo1k	2
caitlyn_jenner	2
cozy	2
pay	2
check	2
retreat	2
kindest	2
special	2
coffee	2
well	2
years	2
dinners	2
sfpride	2
spots	2
city	2
designmiami	2
encourage	2
vacation	2
thanksgiving	2
hand-built	2
biggest	2
dead50	2
took	2
everyone	2
adventure	2
running	2
working	2
lane	2
couch	2
events	2
soleil	2
inspiring	2
gives	2
stayed	2
through	2
employees	2
next	2
airbnbhelp	2
gateway	2
snapchatters	2
fan	2
card	2
oitnb	2
grid	2
travel	2
done	2
unexpected	2
win	2
san	2
visit	2
getaways	2
wedding	2
set	2
meet	2
won	2
journey	2
co/lp1izwf2b2	2
back	2
passes	2
500	2
join	2
opens	2
gave	2
weekend	2
you‚Äôve	2
may	2
places	2
century	2
international	2
sox	2
contest	2
friends	2
belong	2
runner	2
hawaiian	2
global	2
equality	2
one	2
people	2
open	2
story	2
apple	2
every	2
gay	2
hawaii	2
road	2
come	2
doors	2
love	2
across	2
lovewins	2
discover	2
mildenhall	2
embassy	2
week	2
tickets	2
ancestry	2
fans	2
airbnbhawaii	1
fare	1
‚úàÔ∏è	1
half	1
co/oo3hdhso9anominate	1
whcoameet	1
via	1
score	1
aloha	1
poor	1
understanding	1
schilling	1
educate	1
‚Äù	1
ran	1
fairy	1
hermit	1
unlikely	1
majorplotpoint	1
pool	1
namaste?	1
leaps	1
inspired	1
year-round	1
üòÉüç¶rt	1
$7,530	1
stop	1
runners'	1
rejoice	1
guest	1
providing	1
spends	1
12th	1
100%	1
weeks	1
nashville	1
in-home	1
100+	1
craftsmanship	1
founding	1
sleep	1
ginsburg	1
co/dcjbek5q14	1
caitlyn's	1
close	1
resolved	1
winners	1
comingout	1
photo	1
soleil?	1
straight	1
americans	1
police	1
bingewatchingpack	1
calling	1
exciting	1
thank	1
adage	1
information	1
exemplify	1
yours	1
register	1
instructions	1
november	1
couple	1
co/jdlnkycqb4an	1
co/vktqpqcrszhosts	1
(wide	1
miami	1
7-9am	1
co/ejlcx7tsbwhere's	1
finish	1
co/bvuricus7o	1
co/ktjlpiilr5we	1
co/xsyhlyuild	1
add	1
making	1
tix	1
co/vw255sp7j9explore	1
lowdown	1
ads	1
co/hkd4ozj2v7what	1
trust	1
private	1
co/uxcf2ybnrufrom	1
co/e3tubqd8m2important	1
cheering	1
defies	1
wednesday‚Äôs	1
co/fheyeviete2	1
airbnbhosttip	1
co/cfegqbia72you	1
rich	1
peak	1
co/tk3knkhpfrglitter	1
rice	1
leonardo	1
better	1
1,000	1
lady	1
co/uktndz1vbhwelcome	1
family	1
happens	1
taking	1
gift	1
movie	1
told	1
wrist	1
turns	1
co/r62zg1xwodpay	1
experiencing	1
co/ggrvnkxi9m	1
future‚Äîwho	1
rio	1
co/nt6hwgfhyjwith	1
write	1
reminds	1
co/rbjenxsfpr	1
co/u8li2n9tnibreakfast	1
period	1
shape	1
co/0jx68vo6rya	1
understand	1
traveling	1
illustrated	1
million	1
driver	1
even	1
alaindebotton	1
aid	1
kind?	1
12th-14th	1
pink	1
cmo	1
co/63hibvdfmxsneak	1
save	1
run-of-the-mill	1
co/zsckoxnntc	1
air	1
co/ptgtxewuzhyour	1
courage	1
instant	1
co/abmvstcute	1
asked	1
co/4n2mcb9m2u	1
co/s9epuiyt3ythe	1
co/j7wshwdpa2	1
shark	1
famous	1
question	1
transkindit	1
spirit	1
powerful	1
species	1
co/5use4e5sd4built	1
co/leduzsf1mq	1
co/5agkv02ffiwin	1
co/9bpooesg6z	1
francisco	1
almost	1
lets	1
(anywhere	1
mercycorps	1
judgment	1
charity	1
towel	1
2/3	1
co/e0f9lg4wmaif	1
members	1
quite	1
pit	1
dev_still71	1
nospoilersplease	1
co/oil8jt5lp4	1
heads-up	1
tower	1
keynote	1
read	1
already	1
4th	1
co/fllhldxtvs	1
real	1
co/dtrv8cmy3xfrom	1
airbnbopen‚Äîwhere	1
lake	1
co/8v6rlmtp0c	1
dreams	1
ceo/cofounder	1
around	1
co/a4w65pswzsjoin	1
design	1
co/veyj5bmiil	1
youüéÉ	1
‚Äòairbnb‚Äô	1
entrepreneurial	1
opening	1
rated	1
co/jpzbhvepbchosts	1
co/tb93tv5owq	1
apttherapy	1
queens	1
brothersosborne	1
respond	1
co/waeh8kgykhall	1
walk	1
co/4eue5hesm9	1
co/qphwv8afoxis	1
teresa	1
grecian	1
japan	1
concert	1
led	1
denmark's	1
scottish	1
co/mzg7lxlrrnwe'd	1
contest!host	1
beautiful	1
worked	1
liberty	1
cake	1
co/catmvljcrr	1
dance	1
cto	1
displayed	1
app	1
co/y4ucnietlcthis	1
co/jk2r3fugretraveling	1
expected	1
dark?	1
want	1
countries	1
co/08ggnuxkqithe	1
bamboo	1
letter	1
waterfront	1
co/mymvvf8w45hosts	1
difference	1
courtney	1
cup	1
ironcowboyjames	1
co/5noi5reexvyou've	1
co/qko49dba2r	1
maybe	1
justinablakeney	1
recommend	1
moment	1
co/p2menxoakpan	1
found	1
co/mqcapquplpbeard	1
came	1
patience	1
co/7p1pp7qiex	1
introverts	1
co/uagpmpivrj	1
kids	1
think	1
co/lspoestdwehow	1
shells	1
donating	1
tidal	1
hrc's	1
team	1
co/yuvcucvdfirt	1
tour	1
townhomes	1
call	1
co/6b3zcvqdfhcongratulations	1
airbnbinteriors‚Äîis	1
co/z4vmjoxmto	1
partners	1
splashing	1
speech	1
ask	1
co/e3wynqwde7	1
co/7tksg98vgrosa	1
host?	1
grab	1
co/ttliqz75r2you	1
co/fytf5weccv	1
becoming	1
castle	1
co/bgxe7ehjbt	1
film‚Äîfeatured	1
co/vxn4crkn9clooking	1
sf's	1
co/nazi0uorzqhow	1
features	1
rescuing	1
view	1
co/tvtnhrqw83you	1
white	1
school	1
co/ufbxclkjapenter	1
homes	1
co/xnnao5dlphthey	1
poolside	1
prefpolice	1
starts	1
dads‚Äîpast	1
marathon	1
town	1
ultimate	1
streaming/download	1
home?	1
co/pzzwjchb9uthese	1
brazil's	1
trybeforeyoubuy	1
co/qzsjf6d8zl	1
volunteer	1
malala	1
co/kebmlrrn1qproud	1
neighborhood	1
away	1
hidden	1
5,000	1
co/yz2tfskw5c	1
tirelessly	1
video	1
house	1
disaster	1
yesterday	1
co/8dzhvcljcwa	1
rite	1
news	1
hours	1
co/p4xvxn7owy	1
co/45x6djv2rbwhether	1
conquer	1
gateway-ellis	1
purchase	1
yet	1
windows	1
pair	1
way	1
can‚Äôt	1
co/ltuwkr6rgncelebrating	1
belonganywhere	1
typical	1
airbnbinteriors	1
stranger	1
good?	1
superbaby	1
pricing	1
rebecca	1
parking	1
father‚Äôs	1
quickly	1
collected	1
program	1
tips	1
co/yissyihwtobehind-the-scenes	1
‚Äãairbnb	1
decor?	1
co/bdhcvgmtns	1
catch	1
enter	1
truly	1
priority	1
londoners	1
hostwithpridejust	1
co/crt4zwz86m	1
tiny	1
co-founder	1
co/f2cysxg7tmjust	1
portion	1
citygymkc	1
beaches	1
co/yfgc120cswwake	1
co/ly5vvhmrpkto	1
web	1
corsica	1
co/5yqklszgpg	1
kimbalena1	1
older	1
virginamerica	1
co/ovclahryz4some	1
messer	1
co/wqtfpugax5	1
means	1
chain	1
explore	1
celebrates	1
mexico	1
happyhalloween	1
1761	1
award-winning	1
garden	1
board	1
co/sqqcc6f9xrdesigner	1
luck	1
tesla	1
wishlist	1
dad	1
tell	1
simple	1
co/mcch80oo9f	1
co/zkhkbeaqfcwe	1
co/xpoyxa4m9y	1
shows	1
co/vdotevhboe	1
storyline	1
co/mjry8u1laswho	1
worldwide	1
co/u59yvjpxvpoff	1
crisis	1
created	1
opened	1
history	1
co/dhrzkkybpi	1
co/igharbldr2	1
glimpse	1
elisa	1
rainbow	1
outside	1
keep	1
co/aj69dzb64n	1
co/l4zutslwktthere‚Äôs	1
co/omhges2eo6paris	1
chicago‚Äôs	1
option	1
largest	1
espysyou	1
co/wl545es5w9and	1
values	1
inspiration	1
co/3vpauccbvmearning	1
co/mkdxdsrz0p	1
hottest	1
hospitality	1
co/fnnjnmik0vone	1
rest	1
move	1
embassies	1
chef	1
also	1
designer	1
paulkahan	1
adult-sized	1
co/vtwmjgkgomtour	1
co/iqxgsxzt4l	1
heights	1
gratitude	1
francisco's	1
co/piyn5hfgwa	1
co/ick455rwa4get	1
co/e7oz2fwxfza	1
bad	1
appleevent	1
bring	1
bag	1
offer	1
mountain?	1
co/rysj8wu0p1are	1
giant	1
fo‚Ä¶the	1
co/y5tdlkrrff	1
pass	1
going	1
hnl	1
co/mcnd50tigdhow	1
july	1
co/yho8pvqj5e	1
co/hmhimy2bul	1
fathersday	1
route	1
globe	1
partnering	1
beds	1
co/cbfemppqc4	1
affect	1
dead	1
co/umbdzzzno8want	1
sea	1
proves	1
haunts	1
jaybirdsport	1
lolla	1
co/uunustrh0nthe	1
volcano	1
be?	1
foot	1
humanity	1
who've	1
staff	1
possible	1
right	1
250,000	1
stage	1
river	1
sfo	1
spotlight	1
japan's	1
co/5tuov7cmtzdear	1
co/7zor3ovh85	1
11th	1
london	1
beauty	1
co/nup4rlmkopour	1
emergency	1
barns	1
f1	1
believing	1
launching	1
recommendations	1
tale	1
brewed	1
co/pylf3rs3xiin	1
co/4qj1ijnqg9ready	1
listened	1
scary	1
celebrating	1
wow	1
needs	1
co/nekojjkolc	1
paris-	1
en	1
take	1
never	1
co/tkr0dxrgnq	1
co/rzmacnps0wdo	1
piece	1
co/fvuxxhxkgpcheers	1
final	1
co/bqlc3cghsfthanks	1
acres	1
helps	1
bookings	1
party	1
rica's	1
lucky	1
booked	1
snapping	1
2010	1
co/itrxhehygdhosts	1
parade	1
santa	1
states	1
getaway	1
co/fds8oard2oyou	1
co/yelvjj7c17we	1
airbnb's	1
reporting	1
sit	1
digital	1
owner	1
co/idkp3qphko	1
co/xlfjxhlhmv	1
firsthand	1
football	1
co/ppodekqvhu	1
co/xhyxxdvqkbit	1
marching	1
baby	1
fort	1
showing	1
isn‚Äôt	1
hammocks	1
reaches	1
thankful	1
mankindour	1
teepees	1
hope	1
fitzhugh's	1
attempt	1
soon	1
intricate	1
tables	1
else	1
drag	1
commuters	1
french	1
song	1
advisory	1
co/zeyn0kml3e	1
made	1
nycmarathon	1
field	1
asks	1
cancelled	1
airbnbs	1
hawaiiscape	1
re-opening	1
brought	1
bchesky?	1
bags	1
mecca	1
explores	1
co/mrvo7o7qqvcongrats	1
lollapalooza	1
headed	1
grader	1
co/4hefimrq9u	1
we‚Äôre	1
co/xqksbqcok9one	1
co/benoklej0y	1
travelnoire	1
3/3	1
member	1
countrymusic	1
co/jabvogkizr	1
everything	1
italy	1
co/cegargvhl7a	1
side	1
impromptu	1
corporate	1
report	1
co/bnzqdoh5y5we	1
evening	1
workplace	1
married	1
feet	1
sign	1
co/s2f38hdoxhalready	1
serino	1
co/7lixl8vh60	1
richardbranson	1
birthday!13	1
tipis	1
theirc	1
co/x8qfttvhqmproud	1
find	1
brian	1
different	1
awaits	1
officially	1
co/gxbv8lsbm3bonjour	1
co/k8fumnqpybto	1
windmill	1
relaxing	1
ideas	1
menswear	1
co/kghug8igtpif	1
experiences	1
daniel	1
theforceawakens	1
co/0odlkb6muz	1
wedding?	1
belongs	1
oregon	1
present	1
adorable	1
birthday	1
behind	1
co/r5x6igk5oy	1
tastes	1
student	1
keys	1
(both	1
head	1
bali	1
co/srrmajqgvj	1
1/3	1
co/wzwsclhz2w	1
met	1
included	1
hear	1
experienced	1
highly	1
pretty	1
co/8z85ywfl6r	1
co/18nqy4znivkindness	1
chance	1
realtordotcom	1
community's	1
co/odudatfk6s	1
100	1
witness	1
selfless	1
co/yh5z5htsse	1
awards	1
mankind?	1
accommodation	1
evandro	1
easier	1
nowboarding	1
co/sxsqmathwcan	1
inform	1
friendships	1
co/bupy1zwymb	1
trees	1
co/uwamhbtzeawhat‚Äôs	1
peacheschrist's	1
horrible	1
co/dxwzeoog08this	1
friend	1
fire	1
curt	1
adventures	1
co/r7kumculvkfrom	1
co/kv0fzb0oqgthousands	1
thee	1
13	1
co/ktl2kyokkzkindness	1
lssc	1
17	1
old	1
family?	1
australia	1
something	1
morning	1
accept	1
labor	1
unique	1
co/jq8ttqhabm	1
stops	1
co/vd2iis2zabyour	1
co/5ygiz1xjg3‚Äúhome	1
conference	1
lifelong	1
seniors	1
yoga	1
family‚Äù	1
netflix	1
seen	1
co/nntv2tajaq	1
shares	1
stadium?	1
listings	1
sf	1
co/kyg9zvpb2awhat	1
chesky	1
perspective	1
co/2omnczu4xmbrazilian	1
galaxy	1
reaction	1
co/mskvqfwn5taloha	1
37	1
necessary	1
co/swkym5590h	1
started	1
bans	1
oahu	1
many	1
actually	1
definitely	1
trips	1
afraid	1
maracan√£	1
40	1
experts	1
15%	1
co/jr21ulqxuw	1
bus	1
country	1
dead50's	1
tv	1
46	1
48	1
instinct	1
buy	1
us!beachgoers	1
available	1
trout	1
instantly	1
co/myisyxxkbq	1
w/	1
wood	1
details	1
california	1
co/i30cvbsywjon	1
co/wu4e2pvqjrthis	1
look	1
2,500	1
co/fivenkdwkmthere‚Äôs	1
extends	1
carpet	1
co/gitegyq1zqa	1
wood-burning	1
culinary	1
co/xr9nlg9dghare	1
thechadgordon	1
fema	1
support	1
co/n9bczfzcwp	1
nathanblec's	1
scheduled	1
destination	1
co/lyms5g4gblwatch	1
burritos	1
life	1
co/fyidmcg3lb	1
poem	1
backstage	1
wants	1
co/fvz2paahcwpack	1
co/9hsrlgabrikindness	1
üé∂	1
winning	1
willstevens_	1
incredible	1
cei2016	1
lemonade	1
co/bthqwofossan	1
co/ep8qv0dz1qlast	1
co/i2nbrdblecicymi	1
saddened	1
co/rgayjjrju9grateful	1
juliettekayyem	1
croatian	1
we‚Äôll	1
co/ekk8euvq6eour	1
co/nr20p4ycnm	1
co/1xcvf02v4a	1
whole	1
syrian	1
co/kmwiqyi1kdreclaimed	1
safety	1
deeply	1
bingalls	1
host's	1
profits	1
chipconley	1
superhosts	1
fortunemagazine	1
redsox	1
staten	1
books	1
americanexpress¬Æ	1
msmrsounds	1
pride	1
co/yyrwetyfeg	1
co/jzcwkw8q2z	1
lgbt	1
co/mc5wbodmqobatter	1
enjoy	1
fest	1
nick	1
co/qf8i9m8x3k	1
ihatobo	1
place	1
leahstrong	1
co/gnaltu0mf8bonjour	1
hiking	1
gathering	1
apologize	1
site	1
co/tnjzbjtiqj	1
runs	1
michael‚Äî6	1
passage	1
co/ay1vclfvxxyou	1
hosted	1
space	1
eco	1
lifesaving	1
costa	1
america's	1
create	1
justice	1
co/mhcjzxglzchidden	1
mankindthese	1
tap	1
copenhagen	1
proud	1
co/w4wblin7jkcongratulations	1
goes	1
riverside	1
garcia	1
thrush	1
17,000+	1
co/l8nmppvuhw	1
relives	1
'airbnb'	1
note	1
haven‚Äôt	1
lovewinscongratulations	1
co/xmqigyfvjpsee	1
line	1
congratulations	1
error	1
car	1
marriage	1
spend	1
stove	1
peninsula's	1
idaho	1
stories	1
motion	1
co/ptgtxewuzh	1
co/raspprhgy04	1
inn	1
co/tqiueiczu7congratulations	1
really	1
community‚Äîis	1
balancing	1
response	1
york	1
assured	1
landscape	1
