new	101
now	68
app	65
dropboxatwork	53
check	42
get	42
business	34
week	34
just	29
files	29
mailbox	28
web	28
help	28
getdropbox	26
space	26
ios	26
android	26
mobile	24
use	24
users	24
see	23
carouselapp	22
tip	22
pro	22
free	21
available	21
post	20
apps	19
thanks	19
photos	19
carousel	18
file	18
shared	18
share	18
back	17
great	17
iphone	17
try	16
working	16
team	16
tips	16
day	16
best	16
work	16
stuff	16
one	16
let	15
love	15
learn	15
today	15
using	15
office	15
like	15
upload	14
got	14
top	14
via	14
live	13
win	13
excited	13
go	13
access	13
email	13
w/	13
hack	13
even	12
want	12
vote	12
make	12
folders	12
update	12
version	12
folder	12
sorry	12
dropbox?	12
support	12
everyone	11
latest	11
drewhouston	11
right	11
links	11
read	11
next	11
keep	11
awesome	11
www	11
last	10
updated	10
updates	10
dropboxapi	10
we‚Äôre	10
released	10
year	10
photo	10
add	10
sync	10
way	10
join	10
starting	10
know	10
dropbox_support	10
send	10
link	10
hosting	9
service	9
school	9
full	9
video	9
build	9
dropquest	9
friends	9
issues	9
dropbox's	9
ipad	9
helps	9
big	9
life	9
come	9
feature	9
save	8
peek	8
design	8
find	8
dropboxbusiness	8
stay	8
sharing	8
give	8
store	8
teams	8
data	8
security	8
‚Äî	7
;	7
ever	7
maintenance	7
windows	7
ways	7
videos	7
easy	7
together	7
people	7
linux	7
requests	7
first	7
students	7
features	7
user	7
fix	7
search	7
desktop	7
easily	7
really	7
click	6
straight	6
folks	6
provider	6
better	6
crunchies	6
reminder	6
introducing	6
docs	6
tech	6
forums	6
quick	6
home	6
made	6
hour	6
designers	6
inside	6
favorite	6
sxsw	6
dropbox101	6
attachments	6
50gb	6
leopard	6
hiring	6
api	6
through	6
view	6
developers	6
phone	6
cloud	6
uses	6
integrates	6
digg	6
icon	6
chrome	6
drag	6
everything	6
faster	6
download	6
productivity	6
chance	6
devices	5
here‚Äôs	5
0	5
days	5
hard	5
tweet	5
million	5
transparency	5
previews	5
welcome	5
think	5
languages	5
early	5
hours	5
time	5
happy	5
chat	5
minutes	5
earn	5
going	5
talk	5
finally	5
--	5
film	5
problems	5
online	5
15	5
invites	5
invite	5
apply	5
again	5
lots	5
winners	5
website	5
need	5
release	5
screenshots	5
asked	5
makeover	5
automatically	5
featured	5
protips	5
used	5
also	5
sure	5
looking	5
strong	5
little	5
fastcompany	5
client	5
bizapp	5
camera	5
report	5
directly	5
what‚Äôs	5
drew	5
sf	5
started	5
privacy	5
proud	5
safe	5
aware	5
halp	4
pics	4
(	4
100gb	4
ahead	4
connect	4
resolved	4
business?	4
others	4
t-shirt	4
lifehacker	4
integration	4
hackweektips	4
lets	4
snow	4
chooser	4
ht‚Ä¶rt	4
shots	4
watch	4
page	4
house	4
program	4
today's	4
pros	4
computer	4
browser	4
nominated	4
account	4
info	4
dropbox-connected	4
2009	4
helping	4
hope	4
soon	4
being	4
may	4
phones	4
we‚Äôve	4
gentry	4
30	4
please	4
y'all	4
still	4
;-	4
<3	4
edu	4
(and	4
week's	4
family	4
tried	4
holiday	4
co/wv282yhwab	4
around	4
running	4
super	4
soleio	4
grabs	4
yet?	4
microsoft	4
outage	4
race	4
protect	4
simple	4
founders	4
dropbox101rt	4
partnering	4
set	4
founder	4
et	4
party	4
getting	4
gb	4
fresh	4
thankful	4
issue	4
announce	4
works	4
work?	4
contest	4
plus	4
hear	4
fight	4
http‚Ä¶rt	4
pt	4
brand	4
conference	4
offline	4
story	4
resolutions	4
technology	4
between	4
power	4
place	4
expect	4
referral	4
follow	4
hall	3
left	3
much	3
turn	3
ceo	3
gmt	3
giveaway	3
reports	3
resolve	3
exceed	3
uploads	3
illustrator	3
changing	3
gonna	3
tonight	3
passwords	3
sneak	3
extra	3
comments	3
opening	3
stable	3
night	3
lars	3
fixes	3
starts	3
compatibility	3
away	3
pst	3
gallery	3
priority	3
creative	3
comnew	3
travel	3
tell	3
launched	3
worldwide	3
twice	3
mins	3
meet	3
legal	3
take	3
waiting	3
houston	3
2014	3
2013	3
upcoming	3
mac	3
austin	3
menu	3
fine	3
international	3
includes	3
beta	3
coming	3
year's	3
25	3
global	3
collaboration	3
progress	3
open	3
techcrunch	3
dropboxshirt	3
look	3
internet	3
apple	3
(http	3
answered	3
versions	3
pride	3
pictures	3
partnerships	3
dribbble	3
event	3
wherever	3
htt‚Ä¶rt	3
quota	3
moving	3
stop	3
dropboxops	3
joining	3
choose	3
special	3
experiencing	3
against	3
future	3
upgrading	3
already	3
touch	3
simpler	3
designerfund	3
diversity	3
campuscup	3
grab	3
supercharged	3
huge	3
newest	3
submit	3
aditya	3
prizes	3
accounts	3
looks	3
arashf	3
important	3
move	3
designer	3
visit	3
bring	3
fjeldsoe-nielsen	3
personal	3
bd	3
dbx2013	3
food	3
‚Ä¶rt	3
creativity	3
votebox	3
sit	3
congrats	3
hp	3
q&a	3
hello	3
weekend	3
world	3
library	3
improvements	3
focused	3
tablets	3
head	3
100	3
'upload'	3
easier	3
edit	3
old	3
device	3
makes	3
bug	3
vp	3
drop	3
dublinpride	3
software	3
osx	3
cool	3
site	3
magic	3
wiki	3
sales	3
favorites	3
stories	3
gov't	3
groups	3
protected	2
size	2
ncsam	2
you?	2
accessible	2
chapter	2
address	2
snazzy	2
1password	2
yours	2
referrals	2
area	2
list	2
success	2
interface	2
vimeo	2
taking	2
reform	2
winner	2
install	2
bulk	2
leaked	2
ton	2
tos	2
documentary	2
product	2
retweet	2
co/7mkcenkfdropquest	2
verge	2
thanksgiving	2
hacked	2
verification	2
less	2
it‚Äôs	2
that?	2
apologies	2
interested	2
beautiful	2
password	2
press	2
convn	2
ctr	2
9am	2
dropboxrt	2
document	2
500mb	2
screenshot	2
prize	2
routine	2
weekend?	2
attach	2
gives	2
refresh	2
services	2
thing	2
secure	2
karaswisher	2
late	2
things	2
ballroom	2
nautilus-dropbox	2
ends	2
start	2
engineer	2
manage	2
thenextweb	2
short	2
put	2
enter	2
hey	2
hardware	2
right-click	2
log	2
presentations	2
lot	2
before	2
stoked	2
experience	2
deadlines	2
caching	2
keeps	2
group	2
created	2
history	2
part	2
asap	2
attachment	2
oops	2
process	2
dropboxdublin	2
someone	2
dev	2
millions	2
albums	2
di'm	2
year‚Äôs	2
hot	2
london	2
added	2
questions	2
hold	2
test	2
w/o	2
company	2
dropboxatpride	2
print	2
‚Ä¶how	2
collaborate	2
tablet	2
doc	2
stand	2
overheard	2
topics	2
space?	2
credit	2
ideas	2
master	2
instagram	2
crash	2
ifttt	2
saturday	2
shares	2
1st	2
supports	2
protections	2
many	2
project	2
lifehacker's	2
redesigned	2
assurance	2
co/fjmu2bdkqlrt	2
announced	2
nuts	2
wired	2
admin	2
smarter	2
winning	2
co/k7tlwtfsxm	2
drive?	2
all-new	2
forever	2
enable	2
playoff	2
word	2
internal	2
across	2
writing	2
explains	2
inbox	2
perfect	2
ubuntu	2
platform	2
network	2
shortcut	2
mwc	2
laptop	2
notch	2
dropboxers?	2
official	2
leave	2
testers	2
guys	2
gift	2
backup	2
c++	2
number	2
partnership	2
sfpride	2
cell	2
rights	2
powerful	2
keynote	2
settings	2
clock	2
collect	2
inconvenience	2
cnbc	2
media	2
auto-swipe	2
korean	2
minute	2
productive	2
tuned	2
companies	2
co/e1ye9bkmbu	2
maybe	2
fastcodesign	2
came	2
patience	2
11am	2
art	2
tour	2
co/b37wedckyy	2
worry	2
nom	2
caps	2
/‚Ä¶rt	2
supporting	2
news	2
milestones	2
play	2
cast	2
plan	2
case	2
double	2
epic	2
card	2
syncing	2
gain	2
memories	2
wef	2
forbes	2
board	2
scavenger	2
hunt	2
opened	2
explaining	2
job	2
selective	2
shine	2
front	2
simply	2
bad	2
bar	2
recipes	2
plans	2
drive	2
panel	2
cc	2
keeping	2
adobe	2
deleted	2
interview	2
db	2
language	2
startup	2
needs	2
en	2
browsers	2
commenting	2
pycon	2
ff	2
visiting	2
teachers	2
six	2
500	2
developer	2
co/dxiouvwf	2
large	2
tomorrow	2
become	2
turned	2
jv	2
thinking	2
missed	2
change	2
soc	2
sign	2
different	2
level	2
integrations	2
birthday	2
code	2
appstore	2
pretty	2
recover	2
os	2
pdfs	2
hackathon	2
pains	2
recent	2
s3	2
m&a	2
morning	2
mission	2
(our	2
bridge	2
rhomsany	2
omg	2
sd	2
intern	2
manager	2
spotify	2
manages	2
tu	2
(with	2
amazing	2
ui	2
yahoo	2
‚Äòduplicate‚Äô	2
dropquesters	2
desk	2
vs	2
preview	2
backing	2
previous	2
location	2
team?	2
cons	2
comi	2
expirations	2
tools	2
countries?	2
sxsw?	2
hits	2
carousel?	2
2-step	2
file?	2
salesforce	2
growing	2
tab	2
create	2
syncs	2
icloud	2
tt/edu	2
paris	2
organize	2
ready	2
compliance	2
snap	2
co/nijwo0nm	1
german	1
co/oqk1cxgaf0check	1
spoke	1
co/fjmu2bdkql	1
airprint	1
halo	1
spontaneous	1
co/capvbs1meq	1
hourofcode	1
mfrobben	1
introduced	1
hiccup	1
teamed	1
co/q5c0zkz5we‚Äôve	1
pick	1
infrastructure/storage	1
recruiting	1
warrant	1
investing	1
tiff_net	1
co/svsbn4otcgwe‚Äôre	1
blasts	1
co/paxas4zd53with	1
scroll!	1
included!	1
mydropboxstorynom	1
co/vb2hks2loo	1
‚Ä¶	1
agarwal	1
spreading	1
require	1
mylod	1
com/d315uuv	1
dropquesters2012	1
htt‚Ä¶rename	1
invites!new	1
>	1
?	1
dropboxshirtnominated	1
telling	1
com/6qwn6badded	1
achieve	1
co/o01v6xi074	1
grabs!up	1
ly/cg87cuwe're	1
co/zetwunx8love	1
co/ejsmr0qjeqpeek	1
5pm!check	1
co/hvrhsovwosjello	1
device?	1
arrived	1
co/rkg0yaflmu	1
shouldn't	1
com/us/app/dropbox/id327630330?mt=8this	1
policy	1
comdropbox	1
committed	1
inconvenience!only	1
co/smbkp91myowe‚Äôve	1
comments!read	1
eating	1
cfo	1
co/crgtmxvphey	1
(make	1
entering	1
co/zwisyzmjtqhow	1
speaks	1
thank	1
timeline	1
(beta	1
data?	1
co/ndgmefh1jtinterested	1
snazzier	1
rackspace	1
|	1
harmony	1
co/64snkoomyvwhich	1
thx	1
reader	1
100m	1
co/mqkgzr9sdynew	1
com/d3etsmlatest	1
pocketgems	1
timeserena	1
serious	1
co/9ey6ugcbe6sneak	1
co/f1jivjimw6	1
export	1
co/agccfapql8what	1
ÏÉÅÎ•ô	1
making	1
reformgovernmentsurveillance	1
co/ihd4njogay	1
co/u90og0eifpour	1
mailboxsupport	1
bouncing	1
toast	1
co/j1djwwdgnow	1
business-critical	1
co/vsaksxvg1urt	1
claims	1
scenes	1
co/gqtgzccxxzwhat	1
fotolia	1
co/lkflsgek7bdropbox	1
co/nfonbj8no1try	1
remove	1
1415926	1
co/4131zvtfyiskip	1
co/gbufyep8	1
samsung	1
ht‚Ä¶with	1
tutorial	1
(pls	1
routers	1
racers	1
comhelp	1
co/xhcvwie4nhstand	1
approval	1
√®	1
realized	1
mobili	1
co/auqxiucjuo	1
room	1
cheer	1
pdf	1
co/hwpj56od4rrt	1
ly/6v9umbeverything	1
co/ofeneht8jpwe're	1
co/vwo3iwramy	1
panda's	1
hearsaysocial	1
ly/9jnxrx	1
*blush*	1
school?	1
named	1
com/hey	1
channel	1
delivered	1
ly/wgfenwe	1
pioneer	1
(black	1
co/cxx5setdk‚Ä¶designers	1
loved	1
co/1q4t1thssm	1
com/o2xxj3follow	1
co/5caid8pc93furthering	1
reservation	1
block	1
co/t6p8xnitpsdo	1
$50/paid	1
per	1
write	1
co/pgal91aaqfhey	1
protecting	1
cli	1
period	1
arash	1
co/c5uln3mo6l	1
slowly	1
co/uoipcbrons	1
innovator	1
sydney	1
schools	1
presses	1
spots	1
crazy	1
orders	1
indication	1
champion	1
women	1
co/ev0gkgwrp7rt	1
100gb!!we've	1
questing	1
co/	1
hundred	1
co/ynzrrdac	1
haicolon	1
ping	1
guy	1
functionality	1
co/lrqy28lhe0http	1
native	1
2/25	1
‚Äúhey!‚Äù	1
neutrality	1
co/b31e5nsckzdropbox	1
worrying	1
opportunities	1
pacific	1
comthanks	1
co/cjb7b3dhjort	1
minutes!everything	1
itunes	1
co/qslhnd21lp	1
requiring	1
thousand	1
co/ypdo4hln	1
<3just	1
kudos	1
com/?p=166want	1
co/c5yyqj8bep	1
fcspotlight	1
tight!my	1
co/oeev4bhvewhere‚Äôs	1
co/tayexwgmrt	1
simplifies	1
fastcompany‚Äôs	1
co/0yf0y2uqptdo	1
earlier	1
biggest	1
whether	1
discusses	1
lan	1
founderoftheyear	1
ly/cu5droh	1
pipa	1
frontiers	1
including	1
mydropboxstoryhave	1
4th	1
pardon	1
hotness	1
limericks	1
affected	1
comohmagad	1
200	1
tablets?	1
thehill	1
co/rbxk0im1dropquesters	1
out!!	1
co/ddggastucwrt	1
became	1
5000	1
hall!chillin'	1
cause	1
supereasy	1
co/c4nxg4jcypsay	1
stephenpoletto	1
busy	1
ly/4mzzqr	1
exhibition	1
cranes	1
janelle	1
thoughand	1
nickstatt	1
co/qutgk3ixwhat's	1
drewhoustonwe	1
fantastic	1
enter!dropbox	1
wall	1
walk	1
accessibility	1
japan	1
carvers	1
ly/cox6ojust	1
3hey	1
mountain	1
acompli	1
ly/dhjwhssend	1
state	1
co/ikcpohmnl1rt	1
events	1
co/odq34apyil	1
landed	1
co/m27ulv0egn	1
com/5o7esjbunch	1
environmental	1
ferdowsi	1
co/sgvy5r2ckkwe	1
europe?	1
pack	1
javascript	1
co/ikk44a5jcv	1
unboxed	1
toothat's	1
creating	1
co/hd8ecn7s9khere's	1
htt‚Ä¶keep	1
panels	1
co/e7sii6gnmo	1
giving	1
-dwe're	1
co/3ydcvafloz	1
co/ir8c5i1hs8rt	1
dispositivi	1
moment	1
co/vefwqhigakrt	1
tsunami	1
dispositivo	1
sfgives	1
co/zbpqjlh25ewe	1
co/lok9sysysxbig	1
co/og7l64c5lf	1
kitchen	1
lunches	1
creation	1
co/ndst6daetoday	1
receive	1
everyone!attention	1
davisd79	1
putnam	1
co/w0td8da5ho	1
co/fh7vnxx4ht	1
marvin	1
standing	1
co/2huqhnoe2b	1
minutes!we	1
co/wor3u4x2e7	1
co/dmmzuvmstjusing	1
fashion	1
free?	1
principle	1
co/qrhqe0js	1
gvanrossumstudents	1
prendre	1
voting	1
co/ty7t1nce8j	1
anymore	1
co/yfeyh5hpqhtip	1
co/qpdopkbtjz	1
co/n3167r9tcheck	1
all-star	1
hai	1
guides	1
co/o2nao1uacgnew	1
holidays	1
continue	1
homes	1
co/nlqsbpfpd8thanks	1
top-of-mind	1
meetup	1
hansen	1
ly/bqjwnqblackberry	1
ultimate	1
‚Äúfavorite‚Äù	1
co/ykpbh02tcheck	1
home?	1
285	1
district	1
75,000	1
overall	1
fixed	1
playing	1
employees	1
co/egeskg7aat	1
psd	1
memory	1
asking	1
co/ilcxeivlbqhappy	1
hooked	1
com/topic	1
gupta	1
wave	1
anything	1
6/30	1
chilling	1
co/1dstpnqhnb	1
co/kv0ewrpyvicollect	1
stronger	1
lyrical	1
dropboxteams	1
co/3wobiaqcoq	1
painful	1
tina	1
enhance	1
easier?	1
pain	1
sanfrancisco	1
yes	1
co/oikal5s7wdwork	1
co/2ihfvzgkwith	1
co/ckcttypx38	1
co/cdjgf3tfidwe	1
datacenter	1
techcru‚Ä¶woohoo	1
‚Ä¶introducing	1
(12-1am	1
infrastructure	1
co/vo7xhu1xgadiscovering	1
cooler	1
co/50cldupcnc	1
deutschetelekom	1
com/clbljdthanks	1
co/uerbdswvsneak	1
studio	1
co/vmle6r7kcheck	1
co/emrkobesa	1
co/bquoohbqhow	1
limerick	1
co/p0gxubxpgw	1
techpioneersread	1
co/7qp9k6tmsmnew	1
co/musehtd18q	1
big?	1
co/gbdzp6y22vrt	1
27001	1
them!	1
t‚Ä¶here's	1
co/kcrcpvdgwl	1
comtypes	1
co/jy2mwx2s12we're	1
ericries	1
com/dropboxstill	1
phishing	1
aviary	1
(7/1	1
co/u47fx5rq3f	1
h‚Ä¶rt	1
visita	1
ly/ctj7vuupdate	1
co/ktjkgofxgkrt	1
co/ywvoso8yv7	1
running!	1
co/xvunin2sgihey	1
hour?	1
tiny	1
co/rtstxpxked	1
coffeescript?	1
co/h4qkdfzaxd	1
meals	1
sagan	1
doubled	1
enterprise	1
100,000	1
com/5z3px5just	1
tabs	1
bompasandparr	1
desk/notes	1
hoax	1
smart	1
rebound	1
co/nknpeyyfbmget	1
uploader	1
clicking	1
pngs	1
co/pbewvaltrs	1
meant	1
media?	1
ly/9lztqf	1
co/g5c875pehey	1
co/cg91kaq3vdthanks	1
co/t7zg8c0njpwhich	1
whitehouse	1
downtime	1
(just	1
organized	1
award-winning	1
soservice	1
small	1
tight!another	1
alliance	1
co/mhsmpzeu3	1
auto-upload	1
friendly	1
co/a860tgp7jprt	1
!dropquest	1
sofakimou	1
‚Ä¶struggling	1
ecpart	1
hit	1
shows	1
co/4shvc39b9h	1
co/dxiouvwf?	1
co/tlqoywqa6vrt	1
checked	1
phone's	1
consider	1
speeds	1
epic-er	1
co/6d84xepbq1rt	1
dropboxer	1
in-store	1
co/asjkq3nan	1
water	1
done	1
stays	1
congratulate	1
square	1
on-the-go	1
co/2hu3phyb9jand	1
that'll	1
co/vhdungfliqhere‚Äôs	1
citizen_watch	1
creates	1
dbx	1
24/7	1
launches	1
comall	1
request	1
10gb(!	1
advocating	1
fingers!dropbox	1
critical	1
houston‚Äôs	1
http‚Ä¶security	1
mob‚Ä¶congrats	1
general	1
kr/eqvotvrt	1
ipads	1
uphold	1
com/?p=492vote	1
portuguese	1
com/?p=811	1
hospital	1
co/olqcdzip34we‚Äôre	1
guests'	1
co/fki4ixplktglad	1
debug	1
wiredrive	1
restore	1
built	1
<3rt	1
tippingpointrt	1
clear	1
clean	1
ears	1
approve	1
crunchie	1
suggestions	1
co/nilqgo‚Ä¶rt	1
co/z1wkreubcxoverheard	1
vodafone	1
co/kidmzf9pzu	1
ticking	1
agarwal?	1
co/d59fd6uilsrt	1
com/?p=697dropbox	1
meee	1
attaching	1
path	1
co/1kpxhvidusing	1
sketches	1
record	1
webby	1
com/c87kqajust	1
1am	1
jump	1
dfb	1
co/7tjraavrmv	1
co/2bgf4rhbnow	1
co/0627axprrt	1
sequoia	1
stacks	1
valiantcomics	1
co/uaeuullklfwe're	1
bill	1
july	1
sparked	1
(ps	1
co/cfvlr2wz6bstudents	1
co/wqgofflnkg	1
co/4ifjxhjbswthanks	1
goodes	1
everything's	1
giveaways	1
average	1
mega	1
mascot	1
co/3fibvvsk0pdon‚Äôt	1
what‚Äôre	1
ly/9ttartaking	1
co/cr4eo98r0o	1
comsending	1
co/0ctk7ckpxc3	1
co/ilp8ioeyhr	1
psyched	1
co/jhuetsps9chere's	1
co/otv308yudavid	1
‚Ä¶meet	1
http‚Ä¶master	1
co/ade8t6nymo	1
handing	1
thrilled	1
mind	1
co/2hldalvekkhappy	1
co/ahyfib8yxrdo	1
dhi	1
marco	1
co/iu727hbghs3	1
ly/5nlvwan	1
leone	1
inaugural	1
cendemtech	1
answer	1
podio	1
series	1
complicated	1
restored	1
co/naclkfjcusing	1
autocad360	1
spotlight	1
co/zzjre7kxxyrt	1
masterpiece	1
co/oigeoislrr	1
co/c8rrbgx1bwwe're	1
ryan	1
co/v7mdjtcro8	1
com/?p=359dropbox	1
hollywood	1
co/sm5puyaf99	1
brasil	1
promise	1
co/n2v0oseggs	1
tweets	1
co/lvlipqlzry	1
ly/4kekbyey	1
sketchbookpro	1
later	1
adding	1
reply	1
simplifying	1
co/omd6g2qhdx	1
dedicated	1
co/lmdvlnerhey	1
journey	1
puedes	1
soluto	1
co/4uax9bouyzpro	1
month	1
co/hqy0xjklolhow	1
final	1
mailboxcurious	1
auditorium	1
co/wshksekmbay	1
co/jhymz9no9g	1
session	1
t‚Ä¶what	1
co/oz24yzsxzgnow	1
2012	1
auto-updates	1
co/rmeywfulrt	1
miss	1
co/osiejzeijttransparency	1
co/wtfkkwugqb	1
co/5rgqs8pdsy	1
alpha	1
co/szbmlliqjgedit	1
thomas	1
turbocharge	1
question?	1
*blushes*	1
featuring	1
notice	1
co/y2pu1nwjxn	1
co/mjjyltmgyg	1
up!	1
com/voteboxblog	1
travels	1
co/m8ahoxr7gt	1
michael	1
5pm	1
quickoffice	1
cappella	1
material	1
blackberry	1
(we	1
marching	1
productivitymeet	1
clicks	1
decades	1
dpd15and	1
showing	1
president	1
lunch	1
reaches	1
co/y8pbzc4lmbraise	1
co/lw6klqt8v6rt	1
mcp14rt	1
(0	1
(3	1
ones?new	1
com/676d8lnew	1
50billionapps	1
co/tfnuvahkim	1
bombarding	1
com/?p=257new	1
anticipated	1
(more	1
cinema?	1
fear	1
cofounder	1
python	1
co/g2cnkfkvbe	1
co/fpwgpxgw8a	1
co/6fegwjs93q	1
invisionapp's	1
cream	1
bbcworldbiz	1
co/rmnxft3mgvpreviewing	1
2013ces?	1
co/az7de6qwtbrt	1
co/vmaclguezclast	1
co/uo7dj6tntppro	1
2012!!	1
congresswoman	1
explored	1
reached	1
impression	1
messages	1
thumbtack	1
status	1
server	1
co/0w3yuxf2lndropbox	1
co/oeyjuyeowanna	1
us'	1
deliver	1
chunky	1
rstevens	1
about?	1
summer	1
co/1tbd30zxjo	1
co/tq2qfwxcyt	1
exploits	1
co/ylaziwhryzhey	1
mention	1
co/1tf4isl6wm	1
streaming	1
questing!seems	1
government	1
vistazo	1
2048	1
steve	1
ironing	1
maxvoltar	1
dropbox!the	1
co/nedmr5v1hey	1
co/rrczr7twnv	1
max	1
within	1
forward	1
/via	1
co/4f1luqzzstudents	1
co/aouwubfep6rt	1
com/5nzhbl	1
sopa	1
co/11lvmxuvdi	1
workplace	1
co/r2a6tozjvg	1
co/vxhadeex	1
co/nabb0dwovddropbox	1
residency	1
lion?	1
mail	1
spamming	1
com!dropbox	1
vitacoco	1
vid√©os	1
dailytekk	1
com/?p=804hey	1
co/iqocxk07	1
co/uxzigr6lhey	1
com/aboutseems	1
co/lembofaerrstruggling	1
co/dwhkykcwozrt	1
logs	1
co/zabuuwqf4o	1
combine	1
co/7gxb8iyjnbrt	1
me?	1
com/559enqdropbox	1
like?	1
fans'	1
com/?p=532i	1
rankings	1
woes	1
forget	1
wedding?	1
co/bknqicrinnrt	1
co/mdgvzpxrb1back	1
background	1
lists	1
opt-in	1
true	1
principles	1
co/rbaws9ytg3que	1
couldn‚Äôt	1
co/wozdqkybfhhave	1
present	1
works!	1
co/gwjed8ftem	1
in-doc	1
patent	1
womenintech	1
blend	1
breakfast/lunch/dinner?	1
delete	1
co/s24afzjxecrt	1
co/p6ntrtgdjs	1
co/smoixtsjie	1
=ddropbox	1
co/v119h2ztsydo	1
creative?	1
co/celztihepxrt	1
ly/8730jq	1
psds	1
co/gtjretbs08	1
thread	1
exactly	1
looking?	1
co/tbj‚Ä¶rt	1
freeing	1
due	1
co/6txmtnoaopgood	1
recents	1
writer	1
fast-growing	1
crunchieswe	1
atomfactory	1
00	1
ly/jthle1we're	1
usagov	1
co/kota3nx2g4	1
exploited;	1
co/vpgxqazrvo	1
ly/csbq0x	1
co/vrp6mwrklfwe	1
co/2irozafey7	1
‰Ω†Â•Ω	1
meaning	1
band	1
music?	1
sticking	1
based	1
12	1
13	1
16	1
co/brs4zbcqdn	1
myself	1
19	1
ronwyden	1
co/nz2c6lyjgbrt	1
comhappy	1
365	1
dropbox101how	1
unique	1
co/fhsdnpl1dropbox	1
co/1ro2glbb	1
ideaflight	1
more!we're	1
boost	1
stress-free	1
com/5dpvc7taking	1
worlds	1
m√≥vil	1
safari	1
participated	1
don‚Äôt	1
believe	1
co/dv5ouzdjmbwe're	1
catchfree	1
teaming	1
perspective	1
mit	1
equality	1
workers	1
devicesrt	1
1tb	1
co/uzjqbvqhexrt	1
tapengage	1
though	1
‚ô•	1
designing	1
entrepreneur	1
co/ckwp0iuyar	1
matthewcoooper	1
co/kqtvigmkxgthere's	1
co/55z6epw5cy	1
geraldine	1
fedexoffice	1
thewebbyawards	1
we‚Äôd	1
co/3pdekubd9krt	1
treat	1
co/jrehbnvtdnthe	1
com/voteboxnew	1
co/w4xdlr7m1crt	1
2x	1
com/?p=659oops	1
co/gbjfhzgcjdfind	1
ice	1
com/6lgzuk	1
3d	1
co/l1whz8yjvmon	1
whenever	1
co/ebey5esur8rt	1
+100gb!introducing	1
gormley	1
com/?p=516oh	1
client?	1
co/3o9meubhnvhow	1
co/qfllkndsza	1
celebrate	1
solutions	1
co/8qnlaycuthe	1
cooked	1
co/pplibzhifsrt	1
5?	1
finding	1
coconut	1
spin?	1
com/jobsmy	1
com/6jw5u3i	1
campaign	1
com/m3tdrgjust	1
com/7kzk9mhappy	1
co/zykpk49mxfrt	1
mobile?dropbox	1
scheduled	1
rule	1
ly/5aq9vupdate	1
updates!we‚Äôre	1
co/mxmjtkjcud	1
co/n0dacmbapv	1
folder?	1
iphone/ipad	1
2013ces	1
wonder	1
every	1
registry	1
co/m4vofij8have	1
co/2prbeanwl6	1
disclosing	1
nudge!the	1
shwag	1
co/fhxmce1m5b	1
prints	1
2008'	1
comment	1
co/yo8rnvkcse	1
passbook	1
co/kpwlgionai	1
tech?	1
co/fma0xbtidtnew	1
stem	1
ireland	1
twitter?	1
phelpswe're	1
co/kkdqi9vdxhrt	1
netneutrality	1
leaderboards	1
fingers	1
brogue	1
‚úè	1
co/fyrdqo9e4apssst	1
co/lgga3llwos	1
co/n0gsio3usrwe	1
permissions	1
co/7esrrnqeq4!rt	1
co/nkzdcurbix	1
habitatgsf	1
dropboxapithanks	1
jpgdropquest	1
/‚Ä¶our	1
co/p9ik6zwsvous	1
co/gekdr6djunrt	1
co/ldyohkk727thanks	1
matt	1
co/r8xvqwjj8musing	1
jedi	1
co/vi6sfnjc4ztips	1
com/?p=593the	1
toward	1
anyone	1
co/9mczmwdzattending	1
theory	1
co/dq9i7qqqnow	1
lgbt	1
contractor	1
ly/93gs5yios	1
co/pheuortk28don‚Äôt	1
olga	1
enjoy	1
commy	1
foundation	1
co/8dxjbk8ddropbox	1
co/tjdopvdwe're	1
whitepaper	1
fall	1
eat	1
europe	1
simplest	1
agency	1
com/dropbox	1
caused	1
co/pkvtkgphdh	1
co/ixyyf6nac9hey	1
co/ogbbvlcohow	1
co/0fypefklfort	1
excel	1
flashback	1
co/oxjr6mvbojwe‚Äôre	1
ÌïúÍµ≠Ïñ¥	1
co/g01w9cie5usorry	1
co/knvvrltxdbtry	1
mydropboxstoryyou	1
spam	1
runs	1
trello	1
full-screen	1
guru	1
co/yfgwzursend	1
craft	1
to-do	1
‚Äúdesktop	1
dakotaryan	1
tight	1
unshare	1
ubuntu/fedora	1
com/cqfmbj	1
co/mhsmpzeudropquest	1
swedish	1
cnbcdisruptorsdropbox	1
insights	1
co/nrdqkei6xa	1
commitment	1
choppa	1
finished	1
co/shs20kjm	1
co/uubjio5iabdropbox	1
co/fgopx6nfmn	1
co/06dgvxeosr	1
co/ikuulzrrsu	1
covered	1
co/moqrxkmqrt	1
co/8veqfxboof	1
honored	1
seems	1
pond	1
toolset	1
khoi	1
advice	1
=d	1
congratulations	1
co/9g5p3auzsj	1
statements	1
clouds	1
error	1
pong	1
co/7b3bried	1
natgeo	1
=o	1
jackson	1
operations	1
„ÇÑ„Å£„Åü„Éº	1
co/sh7wx7mcenbonjour	1
track	1
<3s	1
value	1
eff	1
ordenador	1
spent	1
co/pszys84p7b	1
co/6nwt3fy8ni	1
co/ioj8iysjxm	1
co/dpq1n3nmuu	1
fans	1
nifty	1
datacenters	1
co/oitnieuqsw	1
doops	1
co/90ruzb8kp7	1
performance	1
dropboxmakers	1
co/wcdjmpb2zbbay	1
currently	1
co/fatrgz4a5p	1
multi-photo	1
cze≈õƒá	1
co/ufh8dhwurt	1
comif	1
growth	1
veronica	1
providers	1
co/fwumq0psbwupdated	1
co/p6uziptdak	1
co/re9axadaffrt	1
temporary	1
co/987nsdcy8hdropbox	1
allowed	1
staying	1
co/lnu0ptneiwour	1
todd	1
building	1
dutch	1
score	1
earthhourrt	1
music	1
saves	1
lifehac	1
need-it-now	1
near	1
t-shirts	1
co/‚Ä¶we've	1
rap	1
upgrade	1
community	1
dropboxapidevelopers	1
co/rjreg52i7mdid	1
warming	1
8-9am	1
shortly	1
co/eovvtkzdd0rt	1
co/ekwrc95bdropbox	1
stars!woo	1
com/?p=659read	1
co/vqu1brk1md	1
archiving	1
posted	1
sleep	1
ready?dropbox	1
codecon	1
details!	1
tomorrow's	1
com/3s7eplwheeeeee	1
close	1
com/6e7brhnew	1
world‚Äôs	1
acer	1
repannaeshoo	1
co/rlqwbalqnsrt	1
ly/38tj6qitem	1
swing	1
years!dropboxing	1
fast	1
calling	1
week?	1
spin	1
galleries	1
co/lijdw1enyou	1
sweet	1
anniversary	1
(12am	1
glanderco	1
couple	1
notes	1
co/bfpre0ohuadropbox	1
iso	1
co/lr‚Ä¶rt	1
co/c46vjbl4txwe	1
pogue	1
csa‚Äôs	1
'11	1
co/nihykbpeejmake	1
red	1
co/97fwyzi8h5	1
duck	1
ebooks	1
2go	1
rep	1
siliconrepublic	1
co/dv961zixrxget	1
co/8h8d0pljlkthis	1
co/q69wsx4kdsdropboxers	1
co/xjfeandzhadropbox	1
co/65xexdqr5ydo	1
ly/bbtbzxjust	1
article	1
com/vote/?mtpecm9wym94	1
co/qsxulqwxkp	1
co/eh73cttdlgwe‚Äôre	1
‚Äúwhy	1
co/7xnrik4sfh	1
lasting	1
co/n6lavifgqa	1
co/vdpavbshkphttp	1
trust	1
scoop	1
technical	1
co/ctiwmmrhcv	1
searching	1
roles	1
directors	1
dcome	1
paste	1
(hint	1
co/mv4n72jbrt	1
directory	1
prevent	1
crunchies2009	1
urls	1
co/oc3xddgk8a	1
co/qo3qirmqao	1
undo	1
duel	1
pcmag	1
'best	1
end	1
bills	1
co/b64srig1t6	1
co/cut4bdfdbprt	1
(experiencing	1
6s?	1
pour	1
message	1
forum	1
aymannadeem's	1
vanessa	1
pushed	1
age	1
co/zldynrivt6	1
career	1
co/hqfcyluetjrt	1
co/2qmmbtbz56	1
education	1
told	1
co/smhx5qfzvzrt	1
weekend's	1
co/zqjnczdpe3	1
rolled	1
co/rhdtejeykaproud	1
turns	1
tbt?	1
co/dq9tbn5ikfswitch	1
iphones	1
co/33trb9wvkv	1
relaunched	1
videographer	1
co/zuhii9wiqfplanning	1
centers	1
co/fss4w2dbnf	1
inboxzero	1
businesses	1
dugg	1
ahh	1
picplz	1
marcin	1
testing	1
eps	1
com/?p=555this	1
hooray	1
impacts	1
thousands	1
wanna	1
crossing	1
co/cug3atabbatechnology	1
400	1
co/rh7egfrvfvjust	1
spot	1
co/w3oc70wlyf	1
405	1
dropboxdiscovery	1
co/mwdcombjhshttp	1
algorithms	1
salesforce1good	1
dropboxers!oops	1
superpowers	1
done?	1
exclusion	1
yours‚Ä¶	1
transparencywe'll	1
300m	1
up--	1
humpday	1
crew	1
yours?	1
co/4sriwfbr	1
com/3s57rulinux	1
co/ubjh2qtror	1
speak	1
(dropquesters	1
com/?p=18i	1
co/vu8u0jxiyou	1
co/nzgj91kvmprt	1
¬°hurra	1
co/xstqkdktklwe‚Äôre	1
hackpad	1
stores	1
2nd	1
filled	1
co/boqup9plo9	1
co/3vfx7gzbdropquest	1
com/3ofjp2added	1
co/timmzaihtypreviews	1
co/lsgy0edylzlivestream	1
com/?p=545our	1
urgently	1
writer/director	1
francisco	1
shake	1
co/nyhk9klbwvget	1
co/foxyalf6kc	1
co/gwcpquhcbk	1
co/irldj1bmwe‚Äôre	1
spice	1
c‚Ä¶tip	1
co/sevoydnpy4discover	1
points	1
mode	1
co/wmb2mjcbthe	1
updating	1
dropboxtake	1
followers!	1
co/bsk3m0wedmhere	1
net	1
always	1
co/12ddye16with	1
took	1
juggle	1
nscam	1
co/ojyni8zghq	1
expense	1
tool	1
rewrote	1
careers	1
followers	1
co/vxgdi1thy1happy	1
racer	1
tons	1
easy-to-use	1
co/prcd6kbypgrt	1
co/1hdksl7c4u	1
4/11	1
co/yvdgekkwgkthe	1
thedress	1
page?	1
co/t360wnya‚Ä¶rt	1
yo‚Ä¶we	1
reaching	1
trick	1
dropbugz	1
co/uasgns1g5brt	1
drag-n-drop	1
logo?	1
eve	1
chose	1
(like	1
co/3urorcgu8x	1
retweets	1
universal	1
koalas	1
co/0vxdkw96jawe're	1
warnings	1
ceos	1
com/iphoneapphttp	1
co/a85ap6ati4	1
co/1xadox4wuqhow	1
tonight's	1
application	1
co/zdrbgp84oy	1
veronism	1
dropbox-powered	1
followers?	1
co/v8euqeml42	1
amendment	1
expanding	1
rockband	1
millionth	1
co/j9whice3we've	1
ship	1
vineyards	1
co/xpj8dnb1dropbox	1
anywhere	1
professional	1
sparrowmailapp	1
app?	1
locally	1
thirds?	1
dropbox101the	1
twiliocon	1
co/ydvkxyvmoo	1
represented	1
poverty	1
7/9/13	1
mydropboxstory	1
co/dylkdurpycmeet	1
goodness	1
lightning	1
co/hmsi3reqkfuse	1
apr	1
codeorg‚Äôs	1
patches	1
investigating	1
co/xjnchdmhyrwe‚Äôre	1
co/mrul‚Ä¶windows	1
shabby	1
countries	1
peasy	1
demand	1
wanted	1
slow	1
turkey	1
co/m3eegcibsrrt	1
letter	1
obtener	1
mixer	1
echa	1
co/eppk8ie8w0	1
co/m7nh5frd17rt	1
co/jf8b5u5um4rt	1
co/yqd91d1nykheading	1
obtenez	1
dublin	1
com/5vg9hllooking	1
crunchiesnew	1
co/uq6dighrkz	1
–ø—Ä–∏–≤–µ—Ç	1
co/tmse2rotgxrt	1
journalists	1
worth	1
co/s0ik80zhhave	1
default	1
co/mese4scclove	1
co/epknux4wb1what	1
taken	1
co/jj6ji0zhbk	1
co/bpilbnanf9how	1
co/cf0xsdzefd	1
paypal	1
popular	1
broken	1
vice	1
malware	1
co/wbljdq4clarifying	1
empower	1
arionkrause	1
kick	1
ownership	1
cnet	1
co/dxdufkq26f	1
codebase	1
co/jdl0qgirspice	1
adrienne	1
com/5aax3blisted	1
sonyericsson	1
co/zakaxnodhow	1
charts	1
co/aokyewhswe‚Äôre	1
strength	1
hearstcorp	1
dropboxopslooks	1
developing	1
sf's	1
co/vosjc9xv9rrt	1
co/6hs5txt425	1
kickin'	1
co/u01uqlp4fbhow	1
either	1
white	1
co/gxjs2o6pcyrt	1
yourtrove	1
yourself	1
co/si8icflgkinow	1
results	1
co/9zvcfha6znour	1
n259headed	1
might	1
spacey	1
akhil	1
bold	1
engineering	1
duplicate	1
co/oxf7tca3eiwork	1
co/bucunhx3yywe're	1
co/oz4e9ma4jrüéÉ	1
co/agaquphsvmrt	1
aud	1
co/xvunin2sginew	1
co/urgpik8q6vrt	1
'meet	1
co/e2ljqzcnco	1
apple's	1
co/ss5bunl6ga	1
whatsapp	1
com/appsoopsialmostforgot	1
congressional	1
shop	1
<3sorry	1
blogger	1
show	1
you‚Äôre	1
ignac	1
disappear	1
co/rxgs9n8uuu	1
anyway?	1
londoncalling	1
shot	1
co/nz2fp7nff0we‚Äôve	1
co/pxo2urlnzcwhat	1
techcrunchsummer's	1
more!we	1
thoughts	1
oreillymedia	1
owls?	1
refreshed	1
learned	1
tight!ohi	1
multi-select	1
too!omg!!	1
editing	1
irene	1
co/ovq6h6dlqnrt	1
co/5loqcqt0jort	1
refer	1
learner	1
vulnerabilities	1
patience!rt	1
risk	1
jpegs	1
leader	1
bounce	1
night/early	1
quickly	1
co/fjhsbksoevviva	1
com/referrals	1
experimental	1
com/r62lcxmiss	1
user!	1
mcp14	1
mwc_barcelonadropbox	1
soooorry	1
collections	1
safari!a	1
co/ttuppfgl4c	1
ecpa	1
counsel	1
co/1p2ffoezthis	1
images	1
subscriber	1
co/qsry0dcrget	1
co/11c522461b	1
narvskaia	1
lifetimes	1
co/k1o2b2exhi	1
co/r09nuvlsz4ever	1
carl	1
co/l4xoa1esdknow	1
co/s8tyha5whp	1
italiano	1
ly/d6quqq	1
care	1
portraits	1
mydropboxstoryrt	1
pssst	1
freedom	1
estimator	1
hassle	1
wed	1
co/l4zr378jqxrt	1
enables	1
wen	1
siliconrepublic's	1
!hello	1
anytime	1
life's	1
co/vdsgcspwwatch	1
com/?p=577hi	1
89-year-old	1
beautifully	1
ussupremecourt	1
co/fsembkgxcheck	1
organization	1
co/d95ahdvs4v	1
worldcup2014	1
co/r2dmg49t37pro	1
com/6rlmanour	1
hotter	1
economic	1
test?	1
co/cpi4bqhkus	1
wittman	1
co/dvzebl6lp7rt	1
getspool	1
halloween	1
com/d6mkwdinterview	1
com!and	1
presented	1
co/jxo9‚Ä¶anand	1
co/bxeg3uzw7vsay	1
ilyaf	1
co/gzd4seosrf	1
co/axuwhwx9introducing	1
steipete	1
kind	1
co/ws8496zert	1
co/waarvonmxw	1
halping	1
(for	1
transfer	1
co/yzanbok0jqdropbox	1
co/yvmp1us‚Ä¶rt	1
com/co2cuplatest	1
tracker?	1
co/cobyheh	1
largest	1
popping	1
game	1
co/ypsqkv5rexsafeguarding	1
co/dezzkkgcby	1
contribute	1
affecting	1
trolls	1
integrated	1
co/sgrl4u3z	1
eprint	1
co/x8elar3icort	1
along	1
'about	1
addy	1
collaborates	1
co/6womzmmgij	1
here!	1
fastcompanythe	1
mentioned	1
designed	1
‚Ä¶easily	1
co/liq6ldz9ua	1
adds	1
san	1
co/vgpgdvejdropbox	1
saw	1
co/jkcbnhe5su	1
sandwich	1
co/w0lrp2su4vcan't	1
gets	1
hopped	1
differ	1
compatability	1
suppl√©mentaires	1
festivities	1
co/zqwvyfowat	1
affiliate	1
yahoo?	1
co/kebnxqbrzqdid	1
philkil	1
customer	1
softbank	1
shareable	1
co/oje1utepyi3	1
projects	1
co/aaxkvjdenvawesome	1
week!my	1
toolbox?	1
hamburger	1
co/tkgkyzzywu	1
co/nwwibn1hwrnew	1
co/dtr0gx9v0l	1
stories?	1
Î≤ÑÏ†Ñ	1
co/jjtqmf0u3xrt	1
addition	1
revolutionize	1
afterwards	1
grow	1
ad	1
co/oc4guf953hrt	1
urging	1
co/m3d0dzhbqq	1
ai	1
co/9gcooeywwh	1
engineers	1
al	1
‚Ä¶game	1
wunderlist	1
globe	1
submitted	1
(ubuntu	1
redesign	1
sdk	1
co/kjk3evrafollow	1
ly/du0jfmhey	1
co/naimqdfx7i	1
abuse	1
co/xgxcspx0	1
hunting?	1
mozy	1
emailing?	1
espa√±a?	1
co/bexki5hgdnrt	1
co/c4wdif1dir	1
fastest	1
quicker	1
jobs	1
words	1
practices	1
co/mdgvzpxrb1	1
phd3	1
com/698b3pjust	1
partner	1
7pm	1
petition	1
escapades	1
sfr	1
co/jjsnbfptgp	1
co/opoppsqwwe've	1
visualization	1
co/pohdfh17did	1
dl	1
co/8kqtoslxfollowing	1
co/zcigwp3nkgwhat's	1
monday‚Äôs	1
co/7mkcenkfgot	1
practice?	1
co/9zwhkobmlatest	1
japanese	1
com/o2xxj3i	1
woo	1
won	1
justin	1
earthhour	1
celebrating	1
powerpoint	1
phew	1
co/xqumvnhgdkthanks	1
searches	1
ly/gr3e0udropbox	1
sync??	1
dsuper	1
co/2dcuisalcheck	1
es	1
co/kalzt8amqgnew	1
co/jcs1b4isp9rt	1
co/aghqxq89vphave	1
boosts	1
frame	1
com/5wenc5i	1
lucky	1
com/d6mkwdwatch	1
co/9mudtkpniw	1
sierra	1
com/4jkl53new	1
ly/dsglmtread	1
mistakes	1
co/iiqxhrxawxwe‚Äôre	1
co/oyhljpe5v8pro	1
content	1
kaylenehongrt	1
co/dxikmvnv	1
co/ifhw72eyget	1
rate	1
skill	1
hourra	1
co/j‚Ä¶	1
trouble	1
co/ymgqpu7ax2rt	1
co/0mlvo3jgsecalling	1
covers	1
digital	1
spanish	1
co/4tebcrcj3ert	1
again!our	1
false	1
co/p8lv1rojr6our	1
paperless	1
co/mdgvzpxrb1control	1
co/oinu4kfqe0	1
management	1
back!s3	1
avoid	1
co/5zvlkgfivote	1
hd	1
rajiv	1
comcongrats	1
bonushey	1
presents	1
issuedropbox	1
hi	1
select	1
congress	1
improves	1
hq	1
com/tourwe're	1
how've	1
improved	1
comi'm	1
warrants	1
corner	1
thedarkpower	1
else	1
four	1
vessel	1
id	1
fri	1
costume	1
ü¶É	1
gears	1
french	1
dropbox‚Äù	1
ii	1
surface	1
place?	1
(one	1
(finally!	1
smoother	1
<3<3	1
co/d2mapuyqrwrt	1
co/8tpapx7qÎìúÎ°≠Î∞ïÏä§	1
gave	1
droptalks	1
continuing	1
thanks!rt	1
shortcuts‚Äù	1
viewer	1
co/3frnyjvlexcited	1
lyndseygilpinour	1
com/69vl3rwe've	1
co/x526swa1fh	1
co/og9yrslnnice	1
daddycubed	1
limits?	1
sending	1
co/b6myj1ailove	1
decks	1
ability	1
q's	1
encore	1
affordable	1
obi-wan	1
creator	1
4000	1
suggestion	1
knfb	1
co/l2hw9p7frbrt	1
co/swcocxnysxhi	1
places	1
la	1
ly/hapjb55	1
there?	1
co/6bd6ldrjjyexcited	1
obliterated	1
com/rcpmesvote	1
‚Ä¶we've	1
co/qsged6sgi0	1
co/eoatgkezsekickin'	1
enterprises	1
co/lndpmou4vxrt	1
photohacksf	1
co/drbklnkofh	1
mymailbox	1
co/onnkuvdjip	1
high	1
co/mx1ufaps8rnew	1
co/uwoqinw3lz	1
picked	1
organizedrt	1
seattle	1
http‚Ä¶the	1
communication	1
geekstatus	1
really?	1
webinar	1
throwdown	1
co/o1cbhlubathave	1
months	1
co/xg1ubntjvs	1
disruption	1
co/vsc24mdtmp	1
3rd	1
co/ycb3sixeuv	1
u2f	1
co/bu4rhh7coy	1
masanga	1
thai	1
preserve	1
comi've	1
w/head	1
daniel	1
startat14rt	1
amazon	1
bob	1
dream	1
co/zkxpjqccm5we‚Äôre	1
chats	1
co/k4t5lm4x	1
behind	1
scores	1
recipe	1
co/enrg4h0qxn	1
co/gqequmjrt	1
sean	1
dropbox101writers	1
fastcolead	1
switch	1
ly/8kocqmnew	1
30pmour	1
nancypelosi	1
com/co2cup	1
ok	1
highly	1
allows	1
brief	1
leahculver	1
console	1
economist	1
cross	1
tablet?	1
control	1
co‚Ä¶dbx	1
co/ssdy7fax	1
co/zmdnvisrd4	1
utilisez	1
co/31norslhvx	1
refinery29	1
dell	1
scored	1
co/rptgzbiuxd	1
earth	1
fyi	1
stance	1
pm	1
handles	1
designer-in-residence	1
co/ediuxjuya0building	1
rocket	1
upper	1
co/ub0mk3ouza	1
ht‚Ä¶dropbox	1
fighting	1
;dlifehacker	1
co/ib9nmsapzw	1
co/b31e5nsckz	1
co/z25udighdy	1
freelance	1
friend	1
co/djis5kelkbdropbox	1
12am	1
hundreds	1
publishing	1
haiku	1
hiccups	1
10a	1
vibrant	1
co/lpa9nrijaswhich	1
runningi'm	1
co/s0dkgvotvwwe‚Äôre	1
co/c0h649aulphere's	1
family?	1
ly/csbq0xuse	1
australia	1
cnet's	1
co/osollvmd9jwant	1
remaining	1
co/erls96azfp	1
accept	1
seat	1
badge	1
co/roxcg1rpuc	1
requested	1
co/yo6rywsywe	1
comadding	1
co/nnnrfj0w7jrt	1
co/pqioq8yv6v	1
viral	1
oppose	1
co/9w2htmyosq	1
strengthening	1
25gb	1
hands-on	1
sul	1
co/9pgccaldllrt	1
extended	1
seem	1
co/vo7ihumkceüçîüòéüéÜ	1
dropboxopen	1
pavel	1
artists	1
cfreewoohoo	1
byalicelee	1
key	1
thing!and	1
womenwhocode	1
espa√±ol	1
btw	1
svg	1
mobile-optimized	1
backtothefuture	1
co/xucksfizswwhat	1
commoncraft	1
loads	1
lighter	1
aren‚Äôt	1
launch	1
co/0jcximwjhart	1
carouselappmusicians	1
‚Ä¶now	1
closes	1
12p	1
connected	1
btw!	1
co/joyhct9tzr	1
htt‚Ä¶sharing	1
co/z58kg3bvlinyc	1
co/5pmbctpurt	1
see?	1
quota!update	1
censorship	1
co/duddsulmzqrt	1
co/7fpfu057dropbox	1
co/moovykwgns	1
co/e0kogyfijp	1
guiding	1
advocate	1
150	1
dbxhackathon	1
claiming	1
instantly	1
winner!!	1
co/ykywzmeenlwe're	1
un	1
details	1
warnings;	1
ensure	1
sink	1
co/oetiwpsprt	1
'd'	1
com/ycynnco	1
co/anmdpqqjf6	1
brazilian	1
failure	1
solve	1
co/zvcprcincheck	1
maccarthy	1
changed	1
comhaving	1
co/et7bkc3vpkhow	1
zxcvbn	1
ly/afqwf2hai	1
changes	1
learning	1
gag	1
finaldraftinc	1
pwhat's	1
crunchiesvote	1
creations	1
htt‚Ä¶introducing	1
com/67jtfxlinux	1
co/afyaxvaualso	1
ora	1
com/	1
co/m9j71q1zmgrt	1
normal	1
üéµ	1
co‚Ä¶rt	1
guido	1
co/fnhaelkzye	1
cei2016	1
filters	1
co/aquntnkcwe	1
flute	1
co/oejxykw1jhlearn	1
co/8u‚Ä¶rt	1
ones	1
jaunty	1
co/wess0fvhde‚úè	1
co/bhnfzk6zwprt	1
co/gn7t2ujvlgapartment	1
all!don't	1
ya	1
gobs	1
competition	1
displays	1
beyond	1
co/4eqk7nymwr	1
feedback	1
interns	1
terms	1
co/aljkozszvdrt	1
all-time	1
ly/nmpqrnominate	1
deeply	1
connection	1
ly/coa6ivupdated	1
co/39nuc8yy3i	1
guide	1
co/unodmeuxc3	1
~15	1
com/androidfirst	1
tv/mozyvdropboxhey	1
co‚Ä¶to	1
com/homereleased	1
co/y2koq5xqwe're	1
props	1
techrepublic	1
co/p6g3mg1lqsand	1
openssl	1
campuscup?	1
gizmodo	1
co/tjq4kumk	1
com/u/211024/dropquestaftermath	1
unison	1
accts	1
self-assessment	1
north	1
there‚Äôs	1
capacity	1
rock	1
announcing	1
transcript	1
screens	1
ly/bhlwb0	1
getor‚Ä¶we‚Äôre	1
co/mz6riuncmishare	1
it!250k	1
regular	1
30am	1
informed	1
danish	1
co/lxiy7rhwqvwhat	1
co/fghk9c6bynedit	1
co/u9nrlcwge0	1
co/cdpjedrktowhat's	1
resetthenettoday	1
lawmakers	1
puts	1
co/0ta71s5ldf	1
appenbutlerhill	1
co/u9vwjdxpdi	1
post!new	1
co/r8kmb9bpej	1
ended	1
located	1
company‚Äôs	1
lovewins	1
co/grviial43q	1
date	1
addresses	1
mashable	1
co/dmygyqpjwe	1
co/vd5krltymeet	1
co/2q3marohpxthis	1
co/1mzgjnfdf9rt	1
eucalyptus	1
comspread	1
jon_y	1
crashes	1
co/07eja7iguo	1
co/3ptd99a65p	1
router	1
co/jd3ptvigq5	1
co‚Ä¶we	1
com/?p=709learn	1
surprisingly	1
tag	1
long-time	1
'ropbox'	1
tap	1
development	1
filed	1
tax	1
earthquake	1
sent	1
post-session	1
core	1
php?id=18389three	1
co/jbnbvs2ithjust	1
person	1
disponibile	1
avec	1
co/yrqfb4ttx3there‚Äôs	1
co/1ejomt4tmnrt	1
(snow	1
workarounds	1
cross-platform	1
co/y4ssy7sai1	1
co/850raxg2c2we're	1
tbt	1
cad	1
co/iqungfxjtell	1
12pm	1
scale	1
ly/b0ifarthere	1
travel-inspired	1
co/q9a2t2e1nyrt	1
co/2huys20ihave	1
co/ceyr6zlz	1
mbconf?	1
win?	1
com/like	1
floating	1
alarm	1
co-workers	1
sparrow	1
village	1
gogo	1
subramani	1
motion	1
co/jnwxdcuxabrt	1
weds	1
co/xumpo0fzkdrt	1
co/lzdfqnsdzv	1
android?	1
co/qvb1uytnco	1
co/zerf26dkcowe‚Äôve	1
co/i2fcoxaxux	1
team!	1
team'	1
co/zxo6ezuwt9	1
challenge	1
irelandhow	1
co/qnpncb46ea	1
slo-mo	1
revolutionizing	1
co/qijoxivz¬øen	1
