oculus	2
new	1
samsungmobile	1
pre-order	1
powered	1
$99	1
learn	1
gearvr	1
co/khawwwuaed	1
co…	1
oculus	2
new	1
samsungmobile	1
pre-order	1
powered	1
$99	1
learn	1
gearvr	1
co/khawwwuaed	1
co…	1
new	124
people	114
now	92
live	79
friends	77
week	65
today	60
social	47
f8	43
page	41
video	40
day	39
world	39
share	37
facebookdevelopers	35
one	35
life	34
check	33
photos	32
mark	30
web	30
after	29
help	29
connect	27
app	27
zuckerberg	26
questions	26
open	25
q&a	25
watch	24
like	24
use	23
get	23
story	23
look	22
available	22
stories	21
see	21
make	20
learn	20
way	20
working	20
facebooklive	20
chat	20
feed	19
online	19
platform	18
engineering	18
news	18
last	18
just	18
pages	17
around	17
mobile	17
everyone	17
home	17
find	17
first	17
developers	17
friend	17
tune	17
instagram	16
30	16
sticker	16
sharing	16
support	16
privacy	16
million	16
ways	16
thanks	16
pack	15
status	15
apps	15
engineers	15
groups	15
update	15
posted	15
through	15
album	15
download	15
team	14
launched	14
year	14
search	14
series	14
making	13
part	13
back	13
features	13
pm	13
w/	13
updates	13
time	13
applications	13
read	13
using	13
facebookstories	12
profile	12
graph	12
go	12
know	12
data	12
timeline	12
tips	12
favorite	12
post	12
future	12
spirit	11
times	11
messages	11
stream	11
next	11
election	11
fb_engineering	11
easier	11
tools	11
want	11
fblaunch	11
happy	11
together	11
photo	11
birthday	11
control	11
announcing	11
site	11
better	10
introducing	10
experience	10
we’re	10
music	10
family	10
keynote	10
issue	10
starting	10
pdt	10
messenger	10
take	10
fans	10
posts	10
facebook's	10
unavailable	9
source	9
made	9
love	9
community	9
fix	9
looking	9
et	9
hq	9
places	9
security	9
talking	9
things	9
small	9
answering	9
application	9
developer	9
improvements	9
/	8
women	8
top	8
product	8
moment	8
today's	8
minutes	8
right	8
work	8
across	8
media	8
students	8
great	8
used	8
excited	8
admins	8
faster	8
hear	8
pt	8
email	8
details	8
connecting	8
fbchat	8
pst	8
program	8
games	8
advice	8
message	8
ago	8
book	8
phone	8
connections	8
launch	8
feedback	8
place	8
0	7
role	7
information	7
taking	7
fbfund	7
relief	7
being	7
stay	7
against	7
credits	7
ur	7
location	7
come	7
iphone	7
power	7
engineer	7
group	7
2010	7
since	7
best	7
global	7
inside	7
safety	7
network	7
moments	7
joining	7
call	7
ask	7
results	7
android	7
founder	7
big	7
change	7
store	7
taylor	7
policy	6
woman	6
try	6
cup	6
two	6
think	6
townhall	6
build	6
announcement	6
past	6
info	6
month	6
bret	6
helping	6
need	6
facebook?	6
gift	6
asked	6
honor	6
settings	6
tour	6
sheryl	6
memories	6
keep	6
bring	6
ability	6
appstore	6
recent	6
th	6
terms	6
tonight	6
giving	6
president	6
summer	6
international	6
every	6
briefly	6
public	6
ios	6
weeks	6
calling	6
red	6
gifts	6
haiti	6
years	6
city	6
join	6
tomorrow	6
access	6
normal	6
technology	6
ceo	5
thank	5
200	5
comments	5
holidays	5
tech	5
fixed	5
sandberg	5
palo	5
tell	5
mike	5
stage	5
miss	5
may	5
websites	5
15	5
shared	5
many	5
personalized	5
honored	5
via	5
holiday	5
behind-the-scenes	5
inconvenience	5
florida	5
fairytales'	5
issues	5
economic	5
ipv6	5
conference	5
tv	5
software	5
proud	5
ghc	5
earthquake	5
rsvp	5
wish	5
service	5
obama	5
school	5
vote	5
major	5
square	5
debut	5
plugins	5
free	5
again	5
comment	5
event	5
building	5
controls	5
businesses	5
local	5
inauguration	5
f8watch	5
donate	5
alto	5
personal	5
getting	5
different	5
announcements	5
honoring	5
following	5
notifications	5
person	5
energy	4
spreading	4
turn	4
exciting	4
|	4
olympic	4
rngmrk	4
cnn	4
cox	4
biggest	4
state	4
cto	4
night	4
250	4
away	4
start	4
three	4
lot	4
shows	4
created	4
launches	4
going	4
easy	4
bing	4
added	4
human	4
man	4
released	4
11	4
shares	4
project	4
money	4
step	4
mom	4
movies	4
inbox	4
f8open	4
users	4
special	4
forum	4
rights	4
companies	4
leads	4
button	4
thoughts	4
play	4
quickly	4
fan	4
give	4
rumor	4
game	4
sure	4
panel	4
keeping	4
celebrating	4
content	4
slingshotcrew	4
announce	4
camera	4
www	4
old	4
connected	4
tagging	4
follow	4
without	4
discuss	4
reunite	4
got	4
miami	4
list	4
pbs	4
integration	4
discusses	4
design	4
latest	4
chris	4
efficient	4
hit	4
worldwide	4
account	4
oculus	4
june	4
yrs	4
talk	4
beginning	4
2011	4
2009	4
2013	4
able	4
experiences	4
livestream	4
zuckerberg's	4
father	4
spam	4
rolling	4
fast	4
sorry	4
father's	4
always	4
real	4
kids	4
show	4
people's	4
moms	4
awesome	4
slingshot	4
begin	4
office	4
parents	4
behind	4
demo	4
100	4
fbplatform	4
internet_org	4
makes	4
between	4
efficiency	4
seeing	4
begun	4
leaders	4
safe	4
click	3
hosting	3
good	3
à	3
multiple	3
cheer	3
cancer	3
outlook	3
question	3
thanksgiving	3
coo	3
raise	3
las	3
christmas	3
improve	3
stats	3
let	3
environmental	3
full	3
water	3
residents	3
bike	3
prevention	3
mentions	3
final	3
upcoming	3
navigation	3
dog	3
ideas	3
veterans	3
ebola	3
friendships	3
received	3
industry	3
1st	3
relationship	3
california	3
internet	3
recently	3
worldcup	3
foundation	3
voice	3
discover	3
edt	3
talks	3
i’ve	3
upgrade	3
version	3
planning	3
stop	3
happening	3
official	3
gather	3
(and	3
ride	3
end	3
connecttheworld	3
stores	3
another	3
davos	3
town	3
fac	3
long-lost	3
plan	3
study	3
constantly	3
grow	3
former	3
innovation	3
interview	3
won	3
celebration	3
watching	3
teachers	3
json	3
digital	3
today’s	3
gave	3
turned	3
keynotes	3
co/bruuotf1rt	3
months	3
author	3
headquarters	3
ny	3
spotify	3
garage	3
started	3
ringmark	3
vp	3
changes	3
closing	3
teams	3
create	3
efforts	3
note	3
scams	3
educators	3
vancouver	3
days	3
reports	3
compute	3
channel	3
period	3
heading	3
names	3
charity	3
discussion	3
advertising	3
welcome	3
events	3
found	3
continue	3
updated	3
asking	3
effort	3
meets	3
before	3
asap	3
trip	3
comes	3
answer	3
oprah	3
answers	3
america	3
return	3
film	3
steps	3
nyti	3
heard	3
extraordinary	3
ongoing	3
based	3
democracy	3
face	3
five	3
finding	3
announced	3
enable	3
pictures	3
space	3
insights	3
track	3
resources	3
memology	3
performance	3
couple	3
ads	3
choose	3
number	3
connects	3
smday	3
touch	3
com/5f58gz	3
grace	3
patience	3
run	3
view	3
you’re	3
simple	3
important	3
job	3
causing	3
hopper	3
national	3
words	3
battle	3
facebookbrandee	3
hillaryclinton	3
helps	3
visiting	3
improved	3
messaging	3
weekend	3
thinking	3
son	3
what’s	3
recipe	3
interesting	3
awards	3
trends	3
netflix	3
current	3
carpet	3
guide	3
women's	3
feature	3
bigger	3
tag	3
goes	3
computing	3
paris	3
hall	2
—	2
pick	2
ten	2
pics	2
telling	2
roll	2
slowing	2
skype	2
reconnect	2
address	2
police	2
powered	2
thx	2
scholarship	2
relatives	2
gracehopper	2
survivors	2
provider	2
hard	2
well	2
hate	2
flow	2
transparency	2
walls	2
gaming	2
picture	2
rose	2
including	2
became	2
opening	2
pres	2
japan	2
led	2
les	2
press	2
networks	2
services	2
two-thirds	2
cards	2
house	2
huffington	2
creative	2
congressman	2
clip	2
dad	2
husband	2
merry	2
built	2
startups	2
fellowship	2
further	2
verizon	2
viewing	2
finds	2
impact	2
census	2
mind	2
possible	2
hollywood	2
launching	2
journey	2
test	2
states	2
company	2
billions	2
custom	2
grand	2
blackberry	2
baby	2
real-time	2
signed	2
server	2
postcards	2
known	2
map	2
most-buzzed-about	2
300	2
feel	2
networking	2
liked	2
continuous	2
stickers	2
likes	2
--	2
becomes	2
30p	2
lists	2
f8?	2
com/videocalling	2
parsing	2
goals	2
20	2
21	2
24	2
believe	2
childhood	2
everyday	2
texts	2
f8timeline	2
co…join	2
admin	2
scribe	2
face-to-face	2
toward	2
enjoy	2
hockey	2
queensland	2
opinion	2
(red	2
mtv	2
incubator	2
coremob	2
moving	2
victims	2
hungry	2
d'une	2
anniversary	2
notes	2
leave	2
elf	2
washingtonpost	2
traditions	2
private	2
10th	2
technical	2
education	2
release	2
gradually	2
olympics	2
thousands	2
spinach	2
est	2
updating	2
tonight's	2
engage	2
slow	2
scaling	2
research	2
white	2
summit	2
statement	2
green	2
suicide	2
davis	2
browse	2
fogg	2
tornado	2
explore	2
hulu	2
friend's	2
happened	2
charlie	2
looks	2
halloween	2
opened	2
ipad	2
unexpected	2
designed	2
festivities	2
user	2
doubts	2
ap	2
partnering	2
systems	2
food	2
sites	2
fighters	2
startup	2
en	2
never	2
india	2
trouble	2
congress	2
easily	2
index	2
sígueles	2
la	2
le	2
fun	2
leukemia	2
second	2
heat	2
code	2
pretty	2
sports	2
ou	2
valentine's	2
families	2
ph	2
hackathon	2
pr	2
speaking	2
grouped	2
orgs	2
se	2
teenager	2
apart	2
intern	2
v2	2
v5	2
phillips	2
awareness	2
uk	2
aids	2
co/3qycrui0	2
changed	2
yesterday's	2
previous	2
type	2
wife	2
innovative	2
story?	2
north	2
continued	2
apologize	2
hosted	2
resource	2
send	2
hero	2
third-party	2
mother’s	2
non-profits	2
sister	2
co/oevlhrymee	2
ahead	2
arrived	2
union	2
speaks	2
conversation	2
remove	2
wisdom	2
american	2
changing	2
ever	2
even	2
wait	2
monday	2
who’s	2
almost	2
earlier	2
members	2
gcmall	2
affected	2
bush	2
it’s	2
ties	2
friday	2
cyber	2
prototypes	2
password	2
began	2
difference	2
colombia	2
gives	2
ppl	2
doesn’t	2
late	2
offers	2
marathon	2
twitpic	2
erlang	2
windows	2
universities	2
iran	2
co-founder	2
barack	2
theme	2
touching	2
january	2
event?	2
mean	2
videos	2
safely	2
deals	2
cicr_espanol	2
restored	2
comité	2
waiting	2
2012	2
calif	2
owner	2
encouragement	2
classmates	2
explain	2
soon	2
action	2
products	2
within	2
5th	2
menu	2
trusted	2
radio	2
scientists	2
true	2
beta	2
internacional	2
coming	2
fire	2
impacted	2
facebookdc	2
hyperlapse	2
falcons	2
please	2
campaign	2
smarter	2
versions	2
anyone	2
pride	2
donations	2
requests	2
fall	2
explains	2
caused	2
nice	2
toolbar	2
uploading	2
commitment	2
published	2
publisher	2
interruptions	2
45pm	2
close	2
supporters	2
winners	2
awarded	2
moved	2
act	2
helped	2
add	2
rev	2
unicef	2
production	2
minifigures	2
happiness	2
college	2
speak	2
joinred	2
hiring	2
simpler	2
creamed	2
tuned	2
friending	2
anywhere	2
english	2
investigating	2
cnnheroes	2
choices	2
armados	2
releasing	2
takes	2
popular	2
birthdays	2
becoming	2
offices	2
mother	2
protests	2
camp	2
everywhere	2
crunch	2
emails	2
editing	2
cast	2
15pm	2
care	2
protect	2
schroepfer	2
cruz	2
kind	2
patient	2
rest	2
projects	2
campaigns	2
entreprise	2
drive	2
abuse	2
eyes	2
dear	2
set	2
xhproflive	2
7th	2
life-saving	2
director	2
everything	2
creator	2
side	2
function-level	2
co/3qycrui0watch	2
relevant	2
errors	2
initiative	2
earth	2
episode	2
reunites	2
requested	2
extended	2
preferred	2
matchmaker	2
cricket	2
contacts	2
(album	2
interviews	2
randi	2
garages	2
brazil	2
kid	2
missing	2
reach	2
road	2
obama's	2
suggest	2
growing	2
favorites	2
award	2
really	2
response	2
roja	1
upload	1
interacting	1
293,900	1
surgeon	1
uribe	1
owners	1
clinton	1
morning's	1
spontaneous	1
ly/427ltpage	1
lego	1
rabbit	1
$	1
foodspotting	1
ly/cujkcji	1
persian	1
size	1
left	1
eleven	1
frantic	1
?	1
newspaper	1
accessible	1
hank	1
ly/2szyistory	1
me/erdwezwowatch	1
gold	1
haystack	1
cet	1
co/pohjzxjtwatch	1
postings	1
hand	1
rebuild	1
familiars	1
ly/3uhzowe	1
com/6rbluu	1
blood	1
neighbor	1
upda	1
earthquake/tsunami	1
sale	1
readers	1
418,691	1
everyone's	1
me/yfgf4b4ostory	1
co/ksncysb5ezrt	1
thy	1
ly/3rf3g9how	1
analytics	1
co/bmzrzv9cwe're	1
serious	1
tim	1
're	1
tip	1
laugh	1
others	1
well-being	1
ncaa	1
co/xbyk2t1jfu	1
onto	1
sand	1
100s	1
scholars	1
logins	1
texgov	1
expanded	1
arranged	1
romantic	1
co/je9gxv8qsj	1
ly/pzzof	1
ly/9raxxastory	1
uploads	1
co/okrlb7pwlyyour	1
our series	1
romance	1
voters	1
catalog	1
com/66s2qf	1
julieward	1
gains	1
jaredquinn	1
f8what's	1
cla	1
ly/7ne2u4facebook	1
ly/3hi8ea	1
went	1
ly/4tjtfmessages	1
traveling	1
desmond-hellmann	1
ly/gu3p	1
co/xwramtw4rt	1
bringing	1
schools	1
ly/3t1bar	1
crazy	1
sparking	1
ly/2m5vmthanks	1
com/fyystory	1
ly/ppui9	1
ly/2etianow	1
browser’s	1
save	1
tod	1
cmu	1
launc	1
matter	1
widgets	1
shutting	1
ly/amuxqestory	1
co/9ekgpmpohujoin	1
truste	1
hastings	1
ly/bu3adtdon’t	1
kurzweil	1
produce	1
trotz	1
rory	1
ly/2phyrufacebook	1
ly/6bwk2debunking	1
donorschoose	1
kudos	1
minor	1
cos	1
findings	1
ly/9lcz3ni	1
pleas	1
lets	1
ly/vq9fp	1
benbeath	1
2/3	1
co/ykxrcofognas	1
co/kyp9ikcyifrt	1
cpl	1
law	1
grassroots	1
ly/4bkks	1
ly/coh9eh	1
andy	1
ly/2unovwe	1
naming	1
started'	1
ly/vk2i1now	1
perkins	1
effective	1
teacher	1
common—a	1
ly/3bzfu	1
suivez-le	1
retelling	1
ly/ew1pfour	1
flickr	1
spoken	1
ly/aript7need	1
reliving	1
ly/2bbqjfilmmakers	1
respond	1
co/uouj5xzq8ptoday’s	1
co/lidnvu8lluwelcome	1
ly/civmyddone	1
friends”	1
lieutenant	1
quid	1
friends’	1
supply	1
beautiful	1
impo	1
ly/l6nmapublishing	1
com/6m8r6e	1
merge	1
worker	1
defined	1
friends'	1
ly/3vw4dfacebook	1
9am	1
pace	1
havent	1
co/np8uhy2l6zrt	1
offering	1
co/errs9pv1m3rt	1
toronto	1
tmrw	1
untrue	1
attack	1
attach	1
reacquaintance	1
worried	1
kitchen	1
cornerstone	1
politi	1
co/ilbrydpu47	1
ly/3kst5	1
quiz	1
ly/2asqnyou	1
languages	1
donating	1
marketing	1
ly/2viy8read	1
ly/exidehow	1
thing	1
ly/dfnyk1site	1
reconnected	1
clai	1
second-annual	1
ly/fglx7fighting	1
medical	1
co/7lhk6qpsunrt	1
clips	1
kanyewest	1
redes	1
initiate	1
unable	1
kevin	1
separation	1
unirte	1
fellows	1
celebração	1
smday?fb	1
dogs	1
donation	1
motorcyclist	1
shoot	1
ly/78gdz	1
stability	1
budget	1
co/kd0cvz8rqwin	1
280	1
athletes	1
ly/5y8civideo	1
ly/778qggcommunicating	1
co/3qycrui0learn	1
ly/3wejs5get	1
ly/mxdnc	1
co/cmmglg5ouljoin	1
involved	1
ly/a7ld7vfor	1
concept	1
ly/2x3jelearn	1
ly/8o0islturn	1
disaster	1
co/errs9pv1m3	1
ly/1ndqtfast	1
pt/2	1
co/5gvytjeto	1
log-in	1
ly/cgt0nki	1
pt/4	1
fftoday	1
hours	1
appropriately	1
co/byk6xhzert	1
stars	1
gdcthx	1
lifestyle	1
manage	1
equal	1
mcilroy	1
silicon	1
co/pa9bvewllisten	1
short	1
yahoonews	1
studio	1
palm	1
interactive	1
me/btfui3vqpedram	1
ly/2k2wxa	1
ly/ew1pfresponding	1
ly/d4jbkufaces	1
ly/2cbqqjfacebook	1
golden	1
season	1
cgallello	1
ly/1qssnwatch	1
sessions	1
ferrera	1
players	1
ly/4wpe8	1
actor/director	1
dates	1
familiale	1
dot-com	1
com/5z38lo	1
co/dfjsrwwimproved	1
provide	1
cesarr93	1
com/6o45mq	1
primary	1
arianna	1
techmemedeals	1
tumblr	1
techmemestory	1
los	1
ly/33vt7thanks	1
pros	1
ly/g5b8fthere's	1
ly/23qiwstory	1
f8words	1
com/cvd74h	1
meant	1
bullyproof	1
means	1
prob	1
decisions?	1
celebrates	1
prof	1
conceptual	1
doma	1
fellow	1
co/hbr…captain	1
ly/3lfkadetails	1
interests	1
outlines	1
alliance	1
seinfeld	1
com/arh3vk	1
ly/1vbzqenew	1
dan	1
celebrated	1
intro	1
checked	1
affair	1
’09	1
phone's	1
tool--facebook	1
tryrooms	1
qualcomm	1
partnered	1
com/4m2zut	1
fixing	1
sparks	1
done	1
ly/3wfcrfacebook	1
com/bagygxur	1
ly/1xk1ithe	1
creates	1
ly/czd0drpulse	1
me/mvm4j8rt	1
gottta	1
ease	1
deceptive	1
ly/5y5kdcheck	1
conversations	1
broadband's	1
tend	1
east	1
para	1
com/9lu2ax	1
co/ix2gusguhk	1
buzzfeedbrews	1
subscribe	1
co/vcfzilcezecozy	1
seeking	1
facebookgreenannouncing	1
ly/20si7answering	1
co/qtfia2vuintroducing	1
com/defcuo	1
stack	1
allan	1
ly/3wprffacebook	1
del	1
(or	1
ly/4egxfthe	1
ly/1hnhjnew	1
co/geftqfw4rt	1
der	1
path	1
ly/idhpkconnecting	1
det	1
des	1
dev	1
shoutout	1
record	1
examining	1
past--from	1
preventing	1
ly/cbmdkya	1
ly/6zvsfja	1
ly/2ouowfacebook	1
bill	1
winfrey	1
com/6lnk6b	1
ly/1ov9rstory	1
ly/1t8s4thanks	1
treatment	1
compare	1
monkey's	1
technologist	1
ly/3jsfustory	1
choosing	1
com/ve5story	1
mins	1
adoption	1
co/gpkapug5registration	1
stack”	1
wednesday	1
me/m46fzz	1
volcano	1
celebs	1
business	1
su2c	1
involve	1
rossum	1
co/hhudsyj55zlove	1
1/2on	1
spotlight	1
quarter	1
incl	1
proposing	1
ly/1kg13the	1
battling	1
dir	1
later	1
ly/3pj4j2010	1
club	1
boundaries	1
namaste	1
seasons	1
puzzles	1
brown	1
videocalling?we	1
co/xtgkbvuxzwrt	1
ly/3cqyahelp	1
expiration	1
chuck	1
com/bhoja3	1
virtual	1
embraces	1
rather	1
importance	1
endless	1
ly/9br8o0we	1
ignore	1
ly/bsj6ryrt	1
mothersday	1
ly/21ttbfamilies	1
lunar	1
prince	1
partie	1
relax	1
partic	1
co/ojxa8yrzasjoin	1
ly/9hoqmqstory	1
co/2wynrn8122sarah	1
une	1
season?	1
jesse	1
decidedly	1
ly/4aa5bh	1
showing	1
ly/i/8vvcstory	1
ly/9jfc12on	1
lunch	1
ly/cnizg5from	1
ly/dqcey3introducing	1
co/seaprjint4happy	1
co/a7wkexc0the	1
com/62c4sr	1
lock	1
me/udbsrv58	1
'a	1
pitch	1
usually	1
bollywood	1
kindness	1
today?	1
ly/74metwhow	1
w2e	1
filmed	1
cyberbullying	1
hoping	1
field	1
ly/abxn3thow's	1
samberg	1
served	1
warned	1
opens	1
sarahwatson221	1
list?	1
saythankssay	1
curve	1
ly/cvnmd7story	1
bands	1
co/zvzjtdldhd	1
government	1
3/3	1
ly/2sijsfind	1
crime	1
stand	1
exponentially	1
forward	1
2500+phones	1
entrepreneurship	1
ly/cqmh14'facebook	1
shop!	1
gearing	1
co/jszltra5new	1
com/bnrpcz	1
ly/3cgnyrt	1
ly/dgy2r9	1
mail	1
co/dggcma0vrt	1
main	1
legit	1
ly/auua3cchris	1
carolina	1
ly/39zcx	1
includes	1
shervin	1
chuckle	1
cleanup	1
ly/vcuef	1
ly/7lgguthe	1
ly/3wq8pwe	1
ly/2tlpfbringing	1
waitin	1
recent?	1
transformer	1
we’ve	1
ly/bwpzziour	1
2010?	1
co/0tiflqwsnew	1
me/fibanjinsights	1
f83	1
constable	1
co/tlcpyaabrbrt	1
1pm	1
newsgroup	1
selfielapse	1
viewpoints	1
duo	1
00	1
inform	1
me/vuki4lozwe're	1
15,915	1
09	1
me/wdypfgapa	1
bank	1
treem	1
ly/3ydhball	1
f8tell	1
playback	1
revoir	1
band	1
tales	1
year's	1
resident	1
12	1
13	1
14	1
v6launchnew	1
ly/46oxspages	1
19	1
benefit	1
quality	1
ly/9cfvezanother	1
ly/auua3cbret	1
me/aazk7dslcheck	1
unique	1
(iit	1
me/nhogy8the	1
switching	1
worlds	1
25	1
ly/2i2g37back	1
ly/a3wxcdthe	1
participated	1
don’t	1
facebooking	1
co/y9whgxvayou	1
listings	1
ly/4lj1mwhen	1
ly/aswfeusoon	1
ly/26lgdmaking	1
co/5xw6fgs306today	1
cuts	1
34	1
stat	1
com/6b84lt	1
middle	1
36	1
star	1
38	1
strategies	1
ly/9ga3xccheck	1
co/muyhdyiqwatch	1
co/j7itdrdqa	1
friendfeed	1
diary	1
inspire	1
40	1
seeks	1
co/dcqvkpvxour	1
45	1
46	1
treat	1
ly/1vk9lwatch	1
wordpress	1
2x	1
suffering	1
rapid	1
cup™	1
neurons	1
techcrunch	1
ly/2vhz9rt	1
55	1
com/dkgw7c	1
me/mqh1ewa	1
beard	1
30pmet	1
co/ypxy27nowatch	1
notifications?	1
eisenberg	1
nuts	1
50,000	1
forces	1
ly/2xya2we've	1
statuses	1
snoopy	1
65	1
wiederhergestellt	1
ly/2zaiyrafter	1
needed	1
lord	1
ranger	1
mass	1
co/jgl54ofxbta	1
polls	1
co/peifoaiqtimeline	1
sharin	1
ly/ew1pfgiving	1
ly/9cnaiofaster	1
70	1
ly/5g2se8story	1
twin	1
apply	1
incredible	1
f8discover	1
80	1
electionday	1
86	1
ly/atgp0ti	1
ly/2pxc5tune	1
ly/ct2hi2valentine’s	1
sharks	1
whole	1
revolution	1
ly/34rrachat	1
ly/4dvr3stay	1
still	1
ly/jrsfqcoming	1
linking	1
facebook!educating	1
books	1
delays	1
com/d5wzlr	1
cross-channel	1
word	1
lgbt	1
internal	1
extension	1
ly/dwthhystory	1
com/3nunpt	1
siga-os	1
co/ormhwdqyjn	1
identity	1
usernames	1
videocalling	1
ly/1qlpwmark	1
europe	1
ly/xrtsf	1
include	1
scho	1
co/vaq0hty5ixrt	1
com/3jsz7m	1
me/pj2jsbtktune	1
co/cshhsprr7c	1
mrs	1
ly/66vjosglobal	1
lots	1
-ccclaims	1
<3	1
aldrin	1
100,000+	1
exists	1
co/mozdwtnmaking	1
indian	1
specifics	1
zuck's	1
co/qey4c0ow8athe	1
rekindled	1
basketball	1
co/dmbqjposzsdr	1
ly/weohrfriend	1
co/e2x0hi2k	1
ly/1huj5a	1
ly/7lzepnpersonal	1
adapting	1
showtime's	1
fb-like	1
rybowden	1
com/7qhlu3	1
co/bdtx6vc0d3try	1
relief!	1
ly/3sfgaalso	1
step-by-step	1
co/lhhdzaae5dmake	1
bullying	1
e-reader	1
co/1ajn9r73andrew	1
tickets	1
ly/3cywx0we’re	1
winter	1
bouska	1
co/cedyolqqwatch	1
ly/5y64xif	1
11/10c	1
spend	1
ellenpompeo	1
ly/dck5e3we've	1
spent	1
ly/4unimwe're	1
bridgetrissmann	1
fbchatvideo	1
instead	1
command	1
pre-show	1
revised	1
floods	1
saved	1
html5	1
ly/5wedfgthe	1
endings	1
themes	1
co/cnetfuqlrt	1
ly/9ahsblstaying	1
barcelona	1
ly/2x0lplearn	1
ly/3kfzscxbox	1
inviting	1
economy	1
inspired	1
heartfelt	1
returns	1
f8iheartradio	1
boston	1
ly/4eeazone	1
com/ccl83x	1
ly/3tvrhplan	1
devastated	1
desi7885	1
(aka	1
ly/3yhg9find	1
wouldn't	1
leagueoflegends	1
pinterest	1
ly/3iowatune	1
ly/5xktdnan	1
perceptions	1
ericsson	1
eager	1
advertisingweek	1
designdork	1
ly/fq5poevent	1
facebook!	1
ws/jamurw	1
spring	1
ly/nzjiuget	1
co/pozrw3girt	1
co/muyhdyiqdoors	1
minister	1
co/fghlny52u9soak	1
collide	1
often	1
ly/1bjh95	1
facebook'	1
ly/cnmdpuready	1
tests	1
junkies	1
ly/ct5rk8watch	1
locator	1
me/ccyrn8vysearching	1
co/3qycrui0andy	1
ly/3kda5more	1
desperately	1
gates	1
co/3c4x5rqfkpfacebook	1
ly/5fkma	1
ly/bradtcacademy	1
me/vzh8qnmxapplications	1
medal	1
jimmysawczuk	1
eng	1
ly/1xnbl1hear	1
rich	1
linda	1
ly/5pqx1day	1
apple’s	1
ly/3p6ywhappy	1
happens	1
ly/2vqlxr	1
springs	1
told	1
ly/iemluwatch	1
co/jaf1mzfnsurt	1
turns	1
com/5cyoen	1
newly	1
bravo	1
fbchattogether	1
t…john	1
partnership	1
co/20kzjhv1efjoin	1
ly/2j5dawe've	1
ly/2prlynew	1
nbc	1
tmwinand	1
alerts	1
wescott	1
connector	1
ly/92luy9pulse	1
hack-a-thon?	1
1000s	1
fbchatto	1
creators	1
co/uzxwreor9pcomedian	1
encourage	1
com/4jy24n	1
co/banhuhotvqstatement	1
ly/9ge7q4pulse	1
television	1
ly/34zv0find	1
techno	1
com/dfod38	1
2nd	1
everytime	1
com/6vxxhz	1
career?	1
greenpeace	1
trial	1
representin	1
co/gtsv0klxzp	1
optimize	1
enhancements	1
facebook!in	1
links	1
bureau	1
shoppers	1
intense	1
took	1
zuckerberg?	1
me/vnpgqtaxever	1
followers	1
typing	1
ly/auua3cbuilding	1
ly/cs7gsoconnecting	1
financial	1
ly/f4dtjinviting	1
page?	1
trick	1
ly/avhj3bwe	1
running	1
tore	1
talented	1
ly/hjox8	1
'get	1
hardes	1
ios?	1
ly/35huonew	1
decides	1
fatherhood	1
york's	1
ayuda	1
martin	1
hindernissen	1
needle	1
forms	1
israel!	1
ring	1
effect'	1
maintain	1
gloira	1
apne	1
nig	1
ly/2cwhrn	1
differently	1
…141	1
pounds	1
ly/blmkehkenyan	1
naím	1
verifying	1
voices	1
countries	1
ly/xgmvftag	1
dictionary	1
wanted	1
com/6lskyy	1
feels	1
me/kvfxuqnow	1
ly/6kqf5ybetter	1
automatically	1
comeback	1
default	1
lives?	1
president's	1
code?	1
com/facebooklivedon't	1
disabled	1
ly/3j61yrt	1
com/bdcpno	1
ly/czhmzc'the	1
ly/bpqxyshare	1
newcomers	1
black	1
co/ccll0mbvzo	1
me/puck7gqhwatch	1
yet?	1
ly/9bvddkresponding	1
ly/4gc1p5parents	1
ly/3poglreality	1
me/milrchthree	1
describe	1
grab	1
co/tk6ncynsthis	1
kerrywashington	1
gotpremierenycfacebook	1
resulted	1
featured	1
co…we’re	1
co/3gmza5cjtimeline	1
victimes	1
19th	1
microsoft	1
icrc_english	1
station's	1
co/jxk03zneuhjoin	1
ly/diq10in	1
ly/wm68x	1
golfer	1
co/2byqwc4l8zthe	1
might	1
girl	1
whatever	1
baseball's	1
co/yu16opvtune	1
improving	1
ly/4dxnwa	1
ly/xgxgaa	1
ly/p4ks7	1
blind	1
import	1
hidden	1
nearly	1
com/6lcmn7	1
ly/3qtwmcno	1
simplicity	1
scalability	1
drops	1
ly/9fjeiastory	1
kendra	1
effectively	1
com/5z777b	1
grew	1
detailed	1
checking-in	1
safeway	1
softwa	1
ly/c1chxqexploring	1
co/fwlmlow2dqdata	1
fb?	1
f8mark	1
taxes	1
far	1
ly/88stf	1
we'	1
embed	1
dashboard	1
anti-violence	1
co/r8vz3wqq2g	1
republishing	1
lives	1
openid	1
howto	1
ly/dhblzc	1
squarepants	1
unfriend	1
co/6b3eahwgbmwe	1
ly/ikusitone	1
we?	1
techwomen	1
didnt	1
ponemon	1
ly/bxl7qjum	1
syncing	1
--this	1
ly/fihwvlog	1
ly/8ycdzbcitizen	1
co/qifr4qerget	1
ly/2rdrawho	1
com/66ztqe	1
modern	1
co/mfvvf9voefwatch	1
wed	1
feeds	1
older	1
ly/ew1pfnew	1
ly/ew1pfolympic	1
ly/updpb	1
ly/4vupjwatch	1
recordings	1
songs	1
ly/nn69b	1
heads	1
organizing	1
wondered	1
stuff	1
me/mecu87watch	1
co/ngk6edfopjright	1
someone's	1
ly/50egh	1
cutucada	1
ly/97zyfy'facebook	1
protocol	1
ly/ac4y8bwhat's	1
letting	1
ly/1f5c6wwe	1
me/facebookhq	1
tornadoes	1
fbliveoprahrt	1
co/6tvqmfqvhsstarting	1
ly/mbu6y	1
cdcgov	1
co/bt6uiu7want	1
turkish	1
facebookhtml5mapping	1
effect	1
topic	1
weigh	1
politics	1
'diary	1
ly/cnerlsi	1
ly/9pr6cmrt	1
ly/1anszlapplications	1
unveil	1
ly/ohywr	1
integrated	1
relaxed	1
co/fbeasg4bottoday	1
co/b0taldhtsmthe	1
donor	1
along	1
parallel	1
lifechurch	1
diet	1
win	1
ly/8msrx9updates	1
iceland	1
co/yqawwlzqrktogether	1
co/fyyuurbwe're	1
kleiner	1
10/9c	1
com/59d5pz	1
attention	1
uses	1
visit	1
fulfillment	1
politico	1
parent	1
fightebolamark	1
assures	1
digg	1
com/668mlc	1
co/ua5lxpwh5m	1
com/5spnld	1
ly/453psbtoday	1
three20	1
deaths	1
addition	1
ly/ab5jnzsharing	1
promoting	1
vein	1
ly/idhpkstory	1
days,’	1
ly/cvdvf1celebrating	1
ar	1
steven	1
au	1
co/b9osfsli	1
submissions	1
truste's	1
…ben	1
co/kuslcliamxmark	1
brother	1
https…messenger	1
bc	1
bj	1
co/uhqgoysqvhthere	1
appendicitis	1
bl	1
coding	1
co/ncutwwvclearn	1
ca	1
enabling	1
dld2011	1
familiar	1
survivor	1
fly	1
w/ticker	1
da	1
font	1
turnred	1
language	1
co/98helsdfjpin	1
ly/15ekq2more	1
yesterday’s	1
showtime	1
justin	1
me/fibanjstory	1
ea	1
ek	1
me/dihatestory	1
robertplant	1
fbstart	1
co/usfqqki6ndkeep	1
ly/4vqdatune	1
lançamos	1
browsers	1
ly/7yobvubeware	1
me/ailg5d	1
“hide”	1
147-year-old	1
katyperry	1
commenting	1
co/3uczqzfhctwatch	1
identifying	1
vote!	1
foo	1
ly/mdh9nlook	1
fr	1
random	1
$100m	1
brightest	1
co/yqmgb8t3ojstickered	1
ly/bhjjbdcontrol	1
doctor-patient	1
marketin	1
co/civxvp5j7tcelebrate	1
contrary	1
reporting	1
oc2	1
com/6bvmpe	1
50'	1
ly/3h3xtrt	1
dream-ruiner	1
facebo	1
wiseman's	1
forw	1
promotion	1
hi	1
canadian	1
ht	1
co/jzloesyylk	1
occ	1
astronaut	1
relationships	1
else	1
four	1
ly/1wpvwpelé’	1
co/qtfia2vurt	1
perks	1
ii	1
frm	1
oct	1
verb	1
diagnoses	1
ly/395vethank	1
resulting	1
talked	1
50m	1
co/muyhdyiqintroducing	1
publ	1
continuing	1
diagnosed	1
become	1
wider	1
jo	1
ly/bf0u8wfacebook	1
grades	1
ju	1
grader	1
ms/a36b8rhelping	1
ly/9wekvkstory	1
library	1
ly/19zy2h	1
kc	1
vets	1
co/xtloqbxuxrrt	1
folgende	1
samsungmobile	1
co/gj9jgwf9bwdon’t	1
rugbyworldcup	1
nathaniel	1
30-11	1
mattered	1
750m	1
lego_group	1
ly/ckz0uwthe	1
ly/4ngx8gconnections	1
co/474kvombljrt	1
co/q3s	1
ruling	1
ly/5ijyz	1
picked	1
claim	1
seattle	1
communication	1
brian	1
mi	1
tolerance	1
parenting	1
mother's	1
stevie	1
semantically	1
mo	1
contest	1
alabama	1
mu	1
com/3rh1bfstory	1
diagnosis	1
me/q56frelearn	1
plus	1
personalize	1
daniel	1
amazon	1
expand	1
ly/ucl0c'mums	1
nc	1
ly/7ngvoyfacebook	1
dream	1
survey	1
devastating	1
nj	1
newark	1
ly/aue9gsthanks	1
heav	1
me/veatv0ugstory	1
storage	1
head	1
oil	1
og	1
om	1
fight	1
unofficial	1
allows	1
brief	1
ly/3iqgwnfacebook	1
dads	1
elegantly	1
com/aq8ohn	1
drew	1
selfless	1
incessantly	1
jared	1
ly/2i4usthanks	1
po	1
co/dpkebuqq	1
increasingly	1
ly/cmb98wthanks	1
fblaunch12-yr-old	1
ly/asdqr9staying	1
month's	1
ly/cuyye5i	1
breaking	1
proposal	1
charlotte	1
htt…our	1
ly/4bwhvwatch	1
viral	1
com/5fcvxu	1
madrid	1
$99	1
activity	1
seen	1
sc	1
sf	1
co/nbbmt5vfnew	1
george	1
com/5n3ksg	1
unemployed	1
maintains	1
st	1
creati	1
ly/4djkimarketers	1
evstetter	1
closer	1
joine	1
ly/5pgufexplore	1
ly/5ijno	1
buying	1
nana10	1
ly/3wyd7we've	1
v6	1
country	1
tu	1
separate	1
aide	1
tx	1
willing	1
rules	1
ly/4xl9y6streamlining	1
amazing	1
ui	1
ly/5vrssjcalling	1
yahoo	1
ly/2hvopfind	1
military	1
emotions	1
ensure	1
ly/3kfpiintroducing	1
purchases	1
ope	1
woman's	1
ops	1
ly/7rizukfinding	1
forge	1
gift-card	1
com/cscav7	1
ly/paxhi	1
region	1
co/dxkno2eka3rt	1
co/niucjdtcr8rt	1
preview	1
student's	1
streamlined	1
shelila	1
linzygeorge	1
wa	1
com/ay84fq	1
ly/d9ppztglobal	1
sé	1
lies	1
iphoto	1
f8social	1
honda	1
filters	1
startupeducation	1
interfacetop	1
‘earth	1
$5,000	1
competition	1
april	1
me/a3vn5mfva	1
problem	1
ly/8zejighow	1
co/8klnxcl3niget	1
yr	1
connection	1
placesthere’s	1
cons	1
comm	1
method	1
z's	1
blackjack	1
push	1
exist	1
examples	1
cooling	1
nationwide	1
com/69vglw	1
holdout	1
south	1
accts	1
locates	1
distribution	1
called?five	1
bottom?	1
ly/auua3cnew	1
continues	1
ly/5senhlu	1
ly/52ojistory	1
badware	1
cook	1
cool	1
neurons?	1
thankfulgearing	1
com/6ouoa9	1
ly/bevlognew	1
brain	1
paw_nation	1
ly/2y7pr	1
lawmakers	1
hoaxes	1
puts	1
co/xsv03eumrprt	1
com/mobile/messengertoday	1
f8add	1
ended	1
self	1
flavoured	1
magic	1
ly/ni8j8announcing	1
reminders	1
accnt	1
campus?	1
me/bgpontoaa	1
beaniesrock	1
snowboarder	1
sales	1
drug	1
gosling	1
publishers	1
welcoming	1
me/c2l3jmdatwo	1
blow	1
group?	1
activist	1
nytimes	1
me/oclatcyou	1
development	1
experiences?	1
sent	1
co/sxrax312o7rt	1
co/3qfa2el3io	1
core	1
ly/5pqekwe	1
co/psgwg32i7vrt	1
me/yfleryb8happy	1
meetups	1
com/6bqglj	1
co/hyjef0fmaking	1
ground	1
ly/5juffgo	1
narendramodi	1
rejected	1
line	1
ly/2dv8nstory	1
recovery	1
emily	1
co/lxznafe0u2introducing	1
succeed?	1
ly/4poxdthanks	1
bday	1
organize	1
station	1
ly/3krxert	1
nose	1
goldfein	1
co/hd5euo4zgnrt	1
tuesday	1
york	1
ly/b6vkd6delivering	1
locations	1
chatting	1
snap	1
govern	1
ly/rrsb9	1
com/clktwz	1
com/live	1
day?	1
youth	1
begins	1
introduced	1
contributions	1
ly/3wqh61	1
devices	1
almanack	1
coup	1
ly/ypd7xthe	1
nous	1
bonjour	1
journalist	1
smdayel	1
cicr_francais	1
go!	1
much	1
(too	1
airs	1
co/9nplhmdygwexperts	1
appalachian	1
co/cy6nfl5enew	1
guantanamo	1
…remember	1
ly/mm6bp	1
resolved	1
sets	1
$250,000	1
vicioushirecat	1
ly/1ko4jour	1
suite	1
seth	1
consultant	1
ly/3ul0dwwhy	1
emmy	1
faces	1
yours	1
ly/5dnko6the	1
adopted	1
kobo	1
ly/datm20chat	1
conflits	1
co/ir53mecydrcheck	1
ncgovoffice	1
lite	1
ghc12	1
com/5jbuxu	1
last-minute	1
ly/6u9ggbcelebrating	1
lisp	1
com/aasoyr	1
internationally	1
nbcsnl	1
cicv_portuguesthe	1
night's	1
success	1
scenes	1
pdt/4	1
chile	1
denial-of-service	1
co/0mddxjwnrt	1
60minutes	1
co/s0nbxelmqvrt	1
industry?	1
compiled	1
normalcy	1
me/17gezgs9lwe	1
jocelyn	1
gravestone	1
smdayle	1
dannysullivan	1
departed	1
victory	1
perform	1
com/6s36vj	1
ly/97ud4aolympic	1
witi	1
ly/qzkyustatus	1
full-length	1
co/p6ct6ndttp	1
com/de44er	1
com/cfe2ev	1
-sgyou're	1
co/ihdt801s2irt	1
disabling	1
focus	1
delivered	1
ly/bkgdvqit’s	1
entire	1
30pm	1
per	1
ly/2rpsxwatch	1
oscar	1
co/emudjm9sqvwatch	1
africa	1
understand	1
slowly	1
heaven	1
name?	1
ly/cipjva	1
arata	1
preorder	1
queen	1
guy	1
pga	1
co/t4ke6yi3ddtoday	1
ly/85jsrmwe’re	1
native	1
ly/39nznrimproving	1
violence	1
bought	1
ly/1abmnl300	1
pacific	1
opportunities	1
ly/9oeo7vfacebook	1
peek	1
hacker	1
framework	1
misdirected	1
php	1
com/6sbjn4	1
ly/2zqoi	1
wisden	1
ly/968z9afacebook	1
simplifies	1
ly/mz4bj	1
ly/2m8wpfacebook	1
verification	1
counting	1
spielberg	1
ly/bbatj6it's	1
1,000,000,000	1
ly/3lhtqhow	1
strengthened	1
com/68lk8s	1
army	1
reconcile	1
crosshappy	1
aplusk	1
simplified	1
ly/1ypmvstory	1
snow	1
ly/yzerrconnecting	1
virginia	1
evil	1
facebooklive's	1
co/3qycrui0netflix	1
paper—a	1
cause	1
ly/3ygixstory	1
nbcbayarea	1
co/3qycrui0slacker	1
ly/pzjdwwatch	1
 http	1
busy	1
land	1
ly/4fzoiour	1
department	1
pastor	1
hanson	1
$711	1
performing	1
italian	1
entrepreneurial	1
co/avkt8cmu	1
despite	1
co/0psqrfuz8irt	1
co/gbo6ol5xpfjoin	1
reunion	1
fantastic	1
all-night	1
ly/4zmxradding	1
wall	1
extending	1
ly/3a2dqwatch	1
hackathons	1
cousin's	1
ly/85vkigbreaking	1
helen	1
co/pfesdnadjmwe're	1
ly/asdnjostory	1
camaraderie	1
filtering	1
meeting	1
ly/5y4npcall	1
co/qfwlpp6p62rt	1
bible	1
tuning	1
bogotá	1
co/zdbhleypjrrt	1
ly/ew1pfsuggestions	1
ly/cnozg8learn	1
input	1
ly/177vygannouncing	1
humming	1
&chat	1
must	1
co/ew1zuw1brt	1
amberalert	1
co/zgafzv…rt	1
facts	1
chase	1
prize	1
com/7xttbk	1
arts	1
ly/lyipg	1
hashtag	1
receive	1
semana	1
ly/3gkod	1
politicians	1
entirely	1
ly/2ozhvvhow	1
cupid	1
standing	1
ceremonies	1
ly/ahhl8ywhat's	1
tragedy	1
ly/j3l4x	1
feelings	1
friendship	1
ly/cpqvhmrt	1
goods	1
ly/4vpqpwatch	1
com/6y94ts	1
secure	1
ly/bgevyqanswers	1
hackamonths	1
breakouts	1
ly/beloe0this	1
co/8qkdhsesfcdon't	1
guides	1
co/c6sjklhybstake	1
ly/9thqt2connecting	1
com/56poml	1
meetup	1
free;	1
(ltc	1
given	1
pro	1
ly/6grzwzthere	1
co/p6sin5yrgzcheck	1
measure	1
ciudad	1
employees	1
stories—now	1
larry_y	1
swim	1
swin	1
com/5e23cp	1
fb's	1
foodies	1
jewish	1
wave	1
anything	1
zuck!happy	1
yesterday	1
com/be48rk	1
courageous	1
focuse	1
stronger	1
assembled	1
pta	1
features an	1
ly/bsttzowe	1
ly/9as99jolympic	1
yes	1
premiere	1
com/5wuj85	1
co/v…in	1
!introducing	1
co/0v0bawp6sy	1
buzz	1
ly/yqvt7	1
up-to-	1
com/b3sozw	1
options	1
me/wzhlncyva	1
hey	1
ly/7ipc7hthe	1
com/bw2e36	1
ly/7qvgwvjoin	1
light	1
co/fsyfqzrxmm	1
ly/ew1pfmemories	1
co/owmummpy11/7	1
artist	1
lazy	1
nicks	1
com/7gyg4k	1
clicking	1
editor	1
desire	1
cap’n	1
engi	1
ly/bkup69i	1
lately	1
tennis	1
mummies	1
ms/bmnbonfighting	1
organized	1
ly/4dejsjoin	1
me/9lpqkpstory	1
ly/9hr9xpolympic	1
travel	1
ly/10cfjdwe’ve	1
modern-day	1
listen	1
windows8	1
ly/spfew	1
ly/6dkebwants	1
co/7gwucs2msca	1
rollout	1
gross	1
ly/n8qs3	1
history	1
com/6nehyg	1
detectives	1
patient--we	1
freefall	1
twice	1
me/pibgpn3awatch	1
ly/hteydget	1
ly/5y8n7group	1
ly/csdddacreating	1
managing	1
moisés	1
screensho	1
histori	1
co/ojdvrfc3dithe	1
request	1
'friends'	1
me/dope51iqlook	1
ly/9uu0hktoday	1
inherently	1
w2susing	1
ly/cagblsnew	1
mech	1
co/arn8teyeudrt	1
attachment	1
co/ufhqrqxqreal-time	1
me/lvnouojwwe're	1
chen	1
ly/1vgeqpolitical	1
process	1
ly/9lw41imore	1
nostalgic	1
gameofthrones	1
posting	1
ly/zghlban	1
debts	1
governing	1
co/7doewhdbqm	1
soci	1
glad	1
sociales	1
co/tbywevw7rt	1
com/byf4zb	1
appreciate	1
diverse	1
killer	1
knowledge	1
prime	1
happen	1
databases	1
seamless	1
ly/2qe6knew	1
yes!!!!	1
active	1
court	1
tags	1
trying	1
ly/mnmic	1
organ	1
mccrea	1
reconnection	1
juárez	1
ly/2oxy2	1
hot	1
com/6sydf4	1
ly/3actesee	1
answers?	1
co/kusquhdoengineer	1
wedding	1
embedded	1
ly/1ckrjqhear	1
spreads	1
day's	1
thursday	1
me/yewhwtnuhappy	1
thanksgiving!	1
ly/8l4kxtrestaurateur	1
march	1
inaugural	1
co/plpzsi6r8mjust	1
glee	1
día	1
estenson	1
co/tjrqtysfnew	1
celebrity	1
com/5ey3e8	1
sometimes	1
ly/2pzipmark	1
ly/2goqqfacebook	1
easter	1
enjoying	1
com/4bgb6f	1
hold	1
trail	1
co/9a49doswpoin	1
ly/b8jlxucheck	1
antics	1
parents/grandparents	1
richard	1
dedicated	1
commonly	1
ly/4iasfread	1
hrs	1
count	1
pishevar	1
azaria	1
ly/3a4uhwe'll	1
ly/7anoq0replying	1
comitê	1
frictionless	1
berries	1
2008	1
2007	1
htc	1
2003	1
exposed	1
ly/cuxtvhan	1
ly/2gkveconnecting	1
htt	1
oscars	1
toque	1
championships	1
2015	1
ly/3wczhfacebook	1
2014	1
decades	1
livetimeline	1
co/v6a2r3ejxzjoin	1
memo	1
gearvr	1
hope	1
ly/810rfxfacebook	1
com/5d5nqn	1
executive	1
ly/5u7oxpara	1
co/idzc4i3	1
ly/86bmk5new	1
prism	1
song	1
croix-rouge	1
mario	1
hood	1
tune-in	1
hiphop	1
ly/2jsrxmark	1
-the	1
asks	1
reached	1
com/62vbvm	1
me/fb6nx4xgconnecting	1
ly/31liucheck	1
bwilliams	1
gloria	1
headed	1
live's	1
me/bxmapenncalling	1
bobby	1
austin	1
scrapbooking	1
businessyou	1
member	1
30pmpt/5	1
topics	1
amber	1
positive	1
ly/8greccommunity	1
defining	1
steframe	1
co/axhd5rhhhnmeet	1
mirren	1
ly/1fqft6improving	1
ly/zva7g	1
charities	1
pre-order	1
spamming	1
armés	1
british	1
co/d3jybtclxs	1
serve	1
bosworth	1
co/rqgc8gxqzm	1
calculated	1
ly/8plqkaour	1
cities	1
$30,000	1
drove	1
whatislovein4words	1
difficult	1
com/6pyx69	1
sort	1
heart	1
forget	1
me/iufggucheck	1
ly/d96uvsservice	1
nepal	1
valley	1
ly/17qjgr	1
me/q56fremarketing	1
appears	1
stay-at-home	1
saythanks	1
transform	1
hour	1
ly/4l7vjstory	1
leadership	1
prius	1
geeking	1
ly/dspq1	1
mwc14	1
yeahthe	1
iava	1
polled	1
puzzle	1
address!	1
co/fryprnubwatch	1
me/arsmmaqxfacebook	1
ly/2io7benew	1
ly/lyt9lconnecting	1
rpierswilliams	1
impacting	1
inboxes	1
com/7h6cu8	1
5yo	1
co/6svryp0mb8everything	1
accessing	1
ly/28vtfthe	1
underdog	1
ly/1zlv9couple’s	1
co/t5mvo5pwlrastronaut	1
co/dh9znkxqgyjoin	1
co/gwx8uzsv	1
disastrous	1
kidnapped	1
opower	1
office2010	1
ly/9rvnunbret	1
ethan	1
smdaywe	1
vomit	1
pieces	1
ly/3lfeeopportunities	1
announcement—happening	1
ly/5y4iqtoday	1
ly/2y1ikistay	1
seiger	1
firs	1
co/deyuyhgmaking	1
actually	1
ly/3atlu learn	1
rangers	1
fish	1
showed	1
ly/gxai	1
invite	1
refugees	1
ly/5abbqwatch	1
spike	1
ly/jvel3	1
presentation	1
leaves	1
me/hme0rpcdtake	1
monetize	1
retrouvent	1
ly/4avwpmessages	1
com/terms	1
spill	1
celebrate	1
co/qjvwkgzkintroducing	1
idc	1
fala-se	1
back-to-back	1
you?o	1
conflict	1
shopsmallwant	1
shaun	1
co/ky0aqv0cs0thousands	1
ly/bebwnxwe're	1
quo	1
now—at	1
(http	1
gulf	1
me/lrbwxwcheck	1
checkout	1
co/3qycrui0goodreads	1
smdayfor	1
co/zaekjgebdownload	1
ly/kl3fopayments	1
(via	1
ly/9jaopwstory	1
summertime	1
entrepreneurs	1
discussions	1
fait	1
layouts	1
degrees	1
co/fgixouzyrt	1
preparation	1
ly/dpjlygwe	1
tikhari	1
dozuck	1
permissions	1
ly/9ilsudenglish	1
price	1
ly/4cnowthe	1
request?	1
f8the	1
ly/4pblqwhen	1
fun!the	1
welcomed	1
co/ughcnanckbtoday’s	1
itself	1
sfund	1
ly/q5z5l	1
ly/4baolglad	1
sharkweek	1
spain	1
keyani	1
ly/8jvdo	1
me/nck6fxy8we	1
church	1
isolated	1
am/pt	1
causes	1
buddy	1
celebraciones	1
ly/4xmgyfacebook	1
wherever	1
ly/2tkq6swhat	1
liquid	1
culture	1
co/r2pqhhvn4utoday’s	1
fake	1
ly/ckwqojolympic	1
picture?	1
1-2-3	1
runs	1
perfect	1
iconic	1
outpouring	1
playfish	1
ly/2sotiowhat	1
ly/ctvdgtunderstanding	1
viruses	1
ill	1
virality	1
ly/dcp3hywelcome	1
ly/2t3zxtune	1
ly/mf3zalaunching	1
ly/aadl6elove	1
covered	1
ly/luu0vlatin	1
ly/2xmt0rt	1
malliegator	1
sxsw	1
solving	1
professionals	1
co/aoxnbhma52in	1
according	1
error	1
operations	1
paper	1
ly/25ij0explaining	1
ly/1smkeddid	1
listening	1
ly/zo72uconnecting	1
-sgthanks	1
'facebook	1
co/gveit08rq1watch	1
tricks	1
shameless	1
opencomputea	1
ly/4dlm0ask	1
rush	1
int	1
round	1
unwanted	1
growth	1
comic	1
normally	1
farc	1
ly/4aignhave	1
ly/metkbfacebook	1
texas	1
ly/3unyg	1
ly/2jnd7we	1
ly/c8q39gcheck	1
hour-long	1
ly/po3eva	1
animalplanet	1
ly/cqbcnestory	1
viola	1
unlocking	1
fairly	1
ray	1
authorities	1
cultural	1
faqs	1
institute	1
ly/ct4mxqrt	1
co/r9uclheka4stay	1
endure	1
com/cd3c8s	1
acct	1
com/5bdcqk	1
uncertainty	1
co/3qycrui0yahoo	1
co/qtmvgcyjannouncing	1
ly/11dbw	1
ly/33vvumaking	1
scott	1
80s	1
me/oclatcon	1
me/oclatc	1
ly/auua3cwatch	1
ly/3xob6a	1
ref	1
nameexam	1
yearbook	1
req	1
stephchuang	1
consent	1
massiv	1
zambia	1
45th	1
article	1
escaped	1
ly/9hdnsri	1
co/o2orbwibgtrt	1
gotpremierenyc	1
washington	1
cnnheroes?	1
united	1
zynga	1
ly/ubkpysavoring	1
directory	1
f8beta	1
previously	1
holocaust-denying	1
zuck	1
colonel	1
identify	1
co/tccrgrze	1
contin	1
co/n4hkg4v1uunow	1
co/khawwwuaed	1
age	1
username	1
iranian	1
caption	1
rumors	1
mobilized	1
chronicles	1
motherhood	1
me/oclatcwith	1
experiencing	1
hack--let's	1
re-cap	1
facebookref	1
casual	1
centers	1
ly/vhbrxdeux	1
ly/bsbkzoi	1
jerry	1
conciseness	1
com/94f5a5	1
co/mofgbyehzfwe’re	1
dckogan	1
ahold	1
testing	1
sporting	1
co/xtarfbrocheck	1
6th	1
impacts	1
tough	1
animation	1
happily	1
system	1
ly/3ywropeople	1
aid	1
ly/38o48	1
rethinks	1
defeat	1
ly/2cpt9	1
ly/btjfeithanks	1
ly/kdg4	1
boat	1
nrdc	1
recollect	1
ly/4p6acthe	1
tributes	1
powerful	1
ly/fuoqu	1
signing	1
royal	1
movement	1
governance	1
infographic	1
ly/8bpgvmstudent	1
me/18vasfcrf2/2	1
née	1
points	1
ly/c132pmstory	1
com/69a2pb	1
maintained	1
ly/3uavjstory	1
already	1
couples	1
strangers	1
commenting?'the	1
unit	1
makeover	1
unir	1
finals	1
milk?	1
swipe	1
gear	1
ly/ctwjc3the	1
com/facebook	1
nbafinals	1
ly/a0ublmthanks	1
ly/8xfabdconnecting	1
atty	1
saying	1
expo	1
ly/ailqaostory	1
mills	1
lewis	1
co/3ajchpvz61tune	1
intuitive	1
ly/c6nqwxglad	1
milestone	1
kilometers	1
com/631ua6we	1
ms/c8hxcvnow	1
$93k	1
expanding	1
reason	1
thought	1
2facebook	1
rsvp'd	1
front-facing	1
maximize	1
oxford	1
annual	1
exclusive	1
check-ins	1
api	1
shopping	1
ly/5fdxa4story	1
co/vwjubkamaking	1
devoted	1
ly/swst3testing	1
reed	1
man's	1
alex	1
ly/bqiwjbfacebook	1
ly/ppu24we’re	1
recipients	1
letter	1
calculations	1
anniversaries	1
frequently	1
arimoto	1
com/3v5akk	1
me/gtrfj4we're	1
worth	1
com/6ok52e	1
ly/a66u51glad	1
ly/35op0how	1
diversity	1
com/67me3n	1
12,120	1
openness	1
came	1
psychologist	1
ly/2n10uwe’re	1
ly/62j9vxbe	1
tech-savv	1
rilakkuma	1
armed	1
ly/4oyms4check	1
solace	1
ly/2vrijchat	1
ly/1yp8pfdon't	1
cohen	1
ly/cwcldclast	1
ly/2cy5athow	1
officer	1
4chan	1
debate	1
com/885yrf	1
ly/3mnnsmcyber	1
ly/462frnew	1
neighbors	1
yourself	1
ly/ckqwfwolympic	1
defiance	1
bonanza	1
ly/32na1we're	1
et/pt	1
t'is	1
significant	1
co/frs9bzgaxjrt	1
bunny1	1
neighborhood	1
ly/3chi5who	1
mollywilson	1
ly/4vsz1	1
benefits	1
shop	1
tosaveenergy	1
devel	1
com/64c5hb	1
ly/1tiem6facebook	1
arrive	1
outrageous	1
boot	1
ly/arbgethear	1
elizabeth	1
outage	1
com/7dfrll	1
learned	1
ly/4qbcnrt	1
introduce	1
co/ff4djd6jhalf	1
ly/js0t	1
ly/gl636	1
giants	1
duty	1
stranger	1
ly/3qpjimaking	1
me/d6v4rebbstory	1
heartbeat	1
fbgh12check	1
shopsmallwatch	1
ly/15dqal	1
serendipity	1
truly	1
greater	1
ly/3unaf	1
epic	1
fbjs	1
wimbledon	1
mtv's	1
saving	1
sunday	1
reset	1
kamimoto's	1
co/6d8ka9bzl6join	1
jimmy	1
card	1
ly/3uhu0story	1
ly/bi9p2iwhat	1
guard	1
ly/737ipxstory	1
australian	1
exercise	1
vehicle	1
ly/9ygy1gbigger	1
ly/y3hgekeeping	1
invitations	1
criminals	1
ly/4ctmtdesigning	1
natl	1
anywhere;	1
cooking	1
$100	1
anywhere?	1
stress	1
co/g6yvz0srg7fans	1
nbcnightlynews	1
mondrian	1
display	1
anytime	1
columnist's	1
ly/5y8j6if	1
mexico	1
com/5q44gg	1
fbml	1
broadly	1
ly/6lrnjvstory	1
ly/16rv6pwe’re	1
me/noiyavwe're	1
ly/3uxqqwe	1
polling	1
ly/iqcg1k	1
cloud	1
responsibilities	1
co/elaluzodtqrt	1
talent	1
foodily's	1
ly/6ofbnateaching	1
interrupting	1
king	1
profil	1
co/ux71muavvf	1
glamour	1
ly/xlwkqit’s	1
com/6r3rq4	1
glimpse	1
(for	1
ly/17eip	1
ly/i/efaj	1
daily	1
ly/tsgezwhat’s	1
co/abztvyw	1
daughter	1
sponsor	1
trolls	1
interactions	1
fbopensource	1
highlight	1
database	1
administrator	1
translators	1
takin	1
billion	1
compliment	1
shaunthesheep	1
miracle	1
sam	1
san	1
futurist	1
amount	1
conflictos	1
saw	1
also	1
gets	1
ly/3tw40we're	1
spread	1
-sgsorry	1
educated	1
ly/58hyu	1
guests	1
organizations	1
simply	1
ly/cuyye5stories	1
ly/bmhiggdelete	1
co/j8mxtkpcdiscover	1
ly/2iok8z	1
offer	1
co/6ggldmeanew	1
co/p9h1dhd	1
bar	1
911	1
bay	1
ly/9m5kldelivering	1
co/dm2luzcw0ktoday	1
gaining	1
ly/6pmucsformer	1
com/6ecyty	1
preston	1
ly/2pucwtest	1
bbm	1
symptoms	1
canceled	1
globe	1
kimmel	1
plans	1
co/upfh2ihfotmeet	1
project?	1
com/6acya4	1
bomb?	1
homeland	1
be'	1
affect	1
deaf	1
víctimas	1
sixth	1
responsibility	1
civil	1
ly/a5dygfzuck	1
co/tk6ncynsthe	1
co/264dx26jz6join	1
customers	1
sen	1
joined	1
fastest	1
column	1
integrate	1
practices	1
com/axyfyl	1
ly/zcy7z	1
com/44fr5z	1
co/pazaffwwvbrt	1
rooms	1
visualization	1
imposters	1
alexiasome	1
developed	1
participez	1
out-of-fashion	1
me/mm9vvlworld	1
fblaunchgroup	1
samberg!facebook	1
co/hlczbfe50uwatch	1
ly/2pnklwatch	1
ly/31xeurt	1
us-canada	1
ly/lfyjffreundschaften	1
little	1
parent/teen	1
deep	1
sierra	1
“open	1
liking	1
defa	1
ly/4whgktake	1
ly/alajxw'facebook	1
related	1
tcrn	1
views	1
ballot	1
ly/44qwtnvote	1
six	1
living	1
ly/4esw4we're	1
internet?	1
false	1
reviewing	1
football	1
vítimas	1
help?	1
icrc	1
avoid	1
fresh	1
ly/2ygx7give	1
ly/8xapkgthe	1
c…rt	1
advanced	1
thankful	1
600,000	1
com/6qvqxz	1
selnd	1
ly/26tfaqi	1
ly/abuyuewe’re	1
co/mpz7bijvlike	1
ly/c1cz7mviewpoints	1
michellephan	1
co/do6wc20xwjwe’re	1
ly/do8jkkolympic	1
ly/2rd0qwatch	1
john	1
shalom	1
compromised	1
hello	1
template	1
viewer	1
brought	1
payments	1
ht…following	1
tournament	1
cycle	1
pawnationskype	1
vermelha	1
ly/4ilvg	1
tradition	1
urgent	1
com/3zdm4p	1
columnist	1
break	1
implementing	1
composer	1
missed	1
restaurant	1
prideconnectsus	1
gerst	1
comfort	1
whereabouts	1
ly/co7cytfacebook	1
discovery	1
com/5l9uvv	1
“wisdom	1
drumroll	1
powers	1
com/bfc5z7	1
married	1
com/48snoe	1
surfing	1
soc	1
soutien	1
co/xcy13cxcdemakeup	1
ly/4gihcsharing	1
ly/mkrzgannouncing	1
ly/5d1bn6/8	1
co/9oto23wqrt	1
fbjsajax	1
directly	1
company's	1
me/qpzd0tlisten	1
preserve	1
co/v6a2r3ejxzin	1
permanently	1
poked	1
ly/2ztjza	1
focused	1
first-ever	1
bunch	1
integrations	1
london!	1
scores	1
hundred-foot	1
box	1
co/vdokreqd18that's	1
boz	1
boy	1
1/3	1
ly/22rmpronaldo's	1
singularity	1
ly/3qasdstory	1
consumer	1
ly/bcv4jd'facebook	1
highly	1
ly/4vlzfstory	1
console	1
chance	1
economist	1
5min	1
raised	1
ly/cbe9djwe’ve	1
co/cehhbolxqtwe're	1
f8no	1
baltimore	1
ly/17l2mewe	1
ly/14fqh2what	1
counts	1
co/crkw7mcwnew	1
mjtwit	1
com/bqmg3u	1
buried	1
com/5fnaom	1
co/fmsrmedvlh	1
ly/5y62gonly	1
opencomputebuilding	1
com/5gqmca	1
reunited	1
drawn	1
prompts	1
browsing	1
teemo	1
ghc12we're	1
passada	1
australia	1
hike	1
10k	1
ly/11m8mz	1
remaining	1
conflitos	1
percona	1
128	1
embeds	1
spongebob	1
ly/4yarksfacebook	1
lessons	1
com/4cfsus	1
sue	1
bst	1
ly/9jsukzconnecting	1
liebert	1
get-togethers	1
teens	1
referring	1
sur	1
secretary	1
kindness'	1
surprised	1
worldipv6launch	1
storm	1
ly/9cxockstory	1
jose	1
com/6ea8lw	1
ly/4qi3slearn	1
amid	1
josh	1
beloved	1
ly/s87fy	1
co/adsj7xnwzrrt	1
com/5ahx92	1
ly/az21dlparenting	1
paralyzed	1
bug	1
amis	1
famil	1
dislike	1
buy	1
wished	1
express	1
150	1
ly/ew1pfcauses	1
gareth	1
cinco	1
instantly	1
apache	1
and the	1
wishes	1
co/gk5pqksto	1
coordinate	1
com/7o57bz	1
co/qfecpz29ixannouncing	1
sxs	1
enhanced	1
co/jwmhqf0npmrt	1
ly/5pojrfb	1
prettylittleliars	1
co/v576rlpfhnpersonal	1
co/fbdvkiotthis	1
adults	1
oops!	1
graphs	1
tues	1
ly/1qjqjmark	1
fbgh12	1
types	1
gradual	1
f8vp	1
com/77tbdt	1
com/48aagf	1
commemorate	1
ly/uydt6join	1
editor-in-chief	1
mediocre	1
sandberg's	1
facebookgreen	1
co/3qycrui0check	1
milliseconds	1
ly/ddqmsdwe	1
ly/907caoare	1
children	1
review	1
affleck	1
ly/bfj0tdall	1
ex-inmates	1
ethnic	1
goal	1
co/c6sjklhybsdon't	1
apollo	1
co…meet	1
ly/c2qwwndemocracy	1
pt/4pm	1
delhi!	1
mementoes	1
logging	1
ly/3ue9oenjoy	1
ly/dwpdaxinjured	1
ly/3p1lnchat	1
ly/4ypt3inside	1
líng	1
rock	1
com/c8m55g	1
me/dghyc6ta500	1
gonegirl	1
ly/aboshjsix	1
sits	1
com/b4mmq3	1
ajuda	1
co/ntzsmukkwatch	1
facebook’s	1
lead	1
filter	1
co/w8d0yxqqdxcheck	1
responses	1
me/zjxuroqhstory	1
web!	1
lovewins	1
ly/4f8l0bwe’re	1
dozen	1
one-stop	1
tab	1
co/zclgp06izf	1
wraps	1
ch/i394g9	1
googlesearchworking	1
steinem	1
jonah	1
facebook—a	1
ly/1tkmrstay	1
avec	1
ly/6tvbkvdiscover	1
farmyard	1
me/k3gphsbccongrats	1
kenyan	1
aware	1
hair	1
co/ejiarvv6check	1
ready	1
cat	1
com/963wp5	1
village	1
bride-to-be	1
february	1
match	1
ly/452etglad	1
played	1
ly/4fdqthappy	1
cbs	1
delhi	1
