‚Üí	220
googletrends	203
now	132
new	103
android	100
search	99
day	78
googlemaps	77
get	75
okgoogle	70
help	69
today	68
see	65
app	64
time	56
worldcup	56
world	53
just	49
youtube	48
week	47
yearinsearch	46
find	42
top	41
watch	41
make	41
streetview	40
one	40
2014	38
googledoodle	37
like	36
know	35
next	34
birthday	34
natandlo	34
take	33
happy	30
trends	30
googlesearch	29
thanks	29
searched	28
we‚Äôre	27
live	27
team	25
back	25
work	25
learn	25
doodle	25
use	24
explore	24
go	24
questions	24
join	24
online	24
people	24
ask	24
good	23
look	23
year	23
need	23
street	23
available	23
around	23
view	23
via	22
way	22
photos	22
first	22
check	22
wwc2015	22
big	22
w/	21
internet	21
latest	21
best	20
keep	20
gmail	20
googleplay	19
play	19
project	19
years	19
apps	18
news	18
it‚Äôs	18
video	18
io15	18
science	18
business	17
made	17
game	17
tv	17
translate	17
free	17
show	17
searches	17
voice	17
even	17
home	17
coming	17
favorite	17
phone	17
tune	17
helping	16
love	16
google's	16
googleart	16
last	16
googleapp	16
ios	16
let	16
google+	16
open	16
through	16
after	15
better	15
stay	15
got	15
updates	15
nexus	15
you‚Äôre	15
morethanamatch	15
still	15
googleorg	15
2015	15
celebrate	15
little	15
really	15
here‚Äôs	14
introducing	14
try	14
right	14
things	14
tips	14
meet	14
ready	14
don‚Äôt	14
students	14
come	14
data	14
devices	14
everyone	14
hangouts	14
oscars2015	14
‚Ä¶rt	14
safe	14
marchmadness	13
starts	13
tech	13
asked	13
win	13
follow	13
million	13
vote	13
winners	13
national	13
earth	13
may	13
music	13
celebrating	13
ever	13
co/oo8gv8ezur	13
soon	13
games	13
googlechrome	13
getting	13
story	13
car	13
women	12
question	12
beautiful	12
holidayspirit	12
googleglass	12
web	12
security	12
without	12
area	12
want	12
before	12
read	12
using	12
party	12
earthday	12
left	12
season	12
inbox	12
sweet	12
safeonline	12
give	12
support	12
life	12
working	12
summer	12
goes	12
googleedu	11
--	11
long	11
great	11
vs	11
mobile	11
wifiwoes	11
takes	11
projects	11
‚Ä¶	11
we‚Äôll	11
journalism	11
talk	11
oscars	11
inside	11
always	11
justask	11
bay	11
googleuk	11
behind	11
co/pjm3yxo0w9	10
save	10
virtual	10
apply	10
share	10
stuff	10
today‚Äôs	10
pt	10
history	10
fair	10
works	10
match	10
making	10
chromecast	10
co/y6zuroso16	10
co/gyolayxosb	10
teachers	10
design	10
trip	10
every	10
googlepolitics	10
art	10
football	10
tomorrow	10
start	9
usa	9
12	9
many	9
maps	9
skills	9
might	9
soccer	9
excited	9
looking	9
language	9
digital	9
madewithcode	9
create	9
inboxbygmail	9
president	9
city	9
everything	9
episode	9
place	9
‚Äù	9
co/kxjtzkbyvk	9
today's	9
past	9
field	9
(and	9
week's	9
took	9
bring	9
password	9
put	9
moments	9
call	9
moon	9
pick	8
information	8
state	8
thing	8
fellows	8
tell	8
build	8
11	8
25	8
interest	8
near	8
users	8
et	8
easier	8
email	8
power	8
googlecardboard	8
america	8
according	8
real	8
doodle4google	8
googlescifair	8
page	8
cards	8
whole	8
mom	8
that‚Äôs	8
holiday	8
election	8
code	8
starting	8
flight	8
days	8
giving	8
answers	8
together	8
nepal	8
space	8
track	8
businesses	8
kids	8
cast	8
set	8
haiku	8
makes	8
store	8
googlecr	8
cup	7
going	7
$1	7
test	7
being	7
trending	7
stop	7
googletips	7
wanted	7
sharing	7
ff	7
places	7
la	7
ger	7
send	7
german	7
ways	7
small	7
friends	7
fast	7
co/pdf4blirrh	7
launch	7
wear	7
player	7
‚Äî	7
thanksgiving	7
biggest	7
googledoodles	7
night	7
usavsaus	7
quick	7
month	7
map	7
ideas	7
discover	7
leading	7
self-driving	7
hangout	7
honor	7
catch	7
girls	7
india	7
let‚Äôs	7
learning	7
list	7
androidwear	7
artist	7
account	7
sotu	7
wonder	7
again	7
cultural	7
institute	7
also	7
awesome	7
change	7
what‚Äôs	7
bra	7
localguides	7
goal	7
sundarpichai	6
hard	6
two	6
house	6
impact	6
16	6
1st	6
30	6
star	6
planning	6
leave	6
googleforedu	6
alerts	6
features	6
alert	6
else	6
fun	6
st	6
uk	6
co‚Ä¶rt	6
most-searched	6
much	6
young	6
wait	6
tonight	6
secure	6
updated	6
chat	6
marks	6
forget	6
dresses	6
superbowl	6
finalists	6
billion	6
break	6
control	6
googlefiber	6
world's	6
greatest	6
‚Ä¢	6
product	6
donorschoose	6
traffic	6
improve	6
io14	6
docs	6
computer	6
minutes	6
part	6
mothersday	6
googlephotos	6
family	6
tour	6
youtubeasksobama	6
halloween	6
device	6
globalcandycup	6
trivia	6
cool	6
stories	6
faces	6
american	6
verge	6
travel	6
videos	6
comes	6
machine	6
true	6
since	6
red	6
speak	6
future	6
anywhere	6
arg	6
googleimpactchallenge	6
simple	6
chrome	6
chance	6
brazil	6
road	6
selfies	5
holidays	5
stars	5
year‚Äôs	5
later	5
text	5
pitch	5
today?	5
co/zvlhtnjqdc	5
remember	5
3d	5
50	5
winning	5
step	5
didn‚Äôt	5
hands	5
community	5
spring	5
canada	5
special	5
keynote	5
running	5
charts	5
far	5
visit	5
sure	5
keeping	5
fly	5
interview	5
hq	5
fra	5
faster	5
feeling	5
seen	5
started	5
rules	5
south	5
proud	5
youtuberewind	5
i/o	5
school	5
yes	5
tennis	5
beep	5
waiting	5
products	5
international	5
cities	5
something	5
trips	5
fall	5
fans	5
smartphones	5
trekker	5
college	5
saying	5
googledrive	5
everywhere	5
pizza	5
/‚Ä¶rt	5
learned	5
lollipop	5
auto	5
sign	5
googlenexus	5
access	5
between	5
highlights	5
googlesmb	5
lego	5
lets	5
full	5
away	5
means	5
info	5
miss	5
real-time	5
mex	5
movies	5
enjoy	5
google‚Äôs	5
can‚Äôt	5
along	5
nyc	5
cardboard	5
homepage	5
old	5
challenge	5
candidates	5
scenes	5
obama	5
co/pdf4bm9fft	5
organized	5
choice	5
hope	5
tablet	5
pride	5
event	5
world‚Äôs	5
ago	5
already	5
matching	5
results	5
protect	5
spiked	5
congrats	5
checkup	5
feature	5
tbt	5
energy	4
0	4
turn	4
connect	4
gone	4
onhub	4
taking	4
woman	4
christmas	4
streetartproject	4
shows	4
island	4
water	4
cube	4
compare	4
happyday	4
stand	4
30+	4
veteransday	4
35	4
eat	4
googleplaymusic	4
rights	4
gombe	4
refresher	4
plan	4
looks	4
grow	4
votes	4
needs	4
content	4
second	4
oh	4
googleforentrep	4
calendar	4
joins	4
preview	4
tools	4
course	4
hero	4
union	4
lifehacker	4
winner	4
champion	4
instant	4
gonna	4
gym	4
extra	4
welcome	4
events	4
chase	4
k-12	4
androidmarshmallow	4
googletalks	4
court	4
calls	4
easter	4
asia	4
action	4
steps	4
‚Äúok	4
andproud	4
close	4
fightebola	4
united	4
bills	4
annual	4
trended	4
helpful	4
worst	4
freedom	4
important	4
inventor	4
flights	4
helps	4
emmys2014	4
hello	4
affordable	4
report	4
level	4
chooseyourside	4
recipe	4
artists	4
surprises	4
nonprofits	4
technology	4
ones	4
announcing	4
high-quality	4
googledocs	4
person	4
owners	4
characters	4
address	4
herestocourage	4
well	4
adventure	4
mountain	4
flashfunded	4
googleforwork	4
lot	4
whitehouse	4
launched	4
done	4
park	4
easy	4
messages	4
man	4
feel	4
year's	4
shares	4
googleshopex	4
books	4
susanwojcicki	4
gift	4
remind	4
stores	4
tool	4
gsf2014	4
used	4
ipad	4
camera	4
orgs	4
activity	4
details	4
competition	4
wifi	4
magic	4
goodall	4
publishers	4
slightlysuperhuman	4
ahead	4
arrived	4
blue	4
ghc15	4
pay	4
monday	4
peek	4
tracksanta	4
gopdebate	4
facts	4
prize	4
safer	4
host	4
film	4
update	4
fortunemagazine	4
donations	4
co/ofxtxf1a8q	4
resources	4
round	4
photo	4
imitationgame	4
helped	4
add	4
ads	4
co/vola2uycae	4
women‚Äôs	4
inspiring	4
run	4
edition	4
matches	4
googlestore	4
inspiration	4
move	4
enough	4
battle	4
france	4
exhibits	4
imagery	4
storm	4
streets	4
natural	4
there‚Äôs	4
emmys	4
tap	4
cat	4
co/wwntiqdtjq	4
plutoflyby	3
role	3
serious	3
tip	3
chi	3
indonesia	3
times	3
crc	3
direction	3
japan	3
probably	3
googlesciencefair	3
think	3
languages	3
campus	3
hours	3
happyplanet	3
celebrates	3
dad	3
googleplus	3
startups	3
fellowship	3
cuba	3
tweets	3
$2	3
finally	3
states	3
lunar	3
you‚Äôve	3
stream	3
ball	3
hiding	3
whatif	3
15	3
18	3
20	3
androidone	3
loon	3
pharrell	3
surprise	3
countdown	3
‚Äòem	3
lots	3
congratulations	3
winter	3
inspired	3
boston	3
official	3
private	3
education	3
called	3
stadiums	3
2pm	3
googleatwork	3
companies	3
countries	3
another	3
black	3
yet?	3
white	3
huge	3
googletranslate	3
submit	3
issues	3
economic	3
finder	3
(corrected	3
cc	3
food	3
co/izfmp6cb38	3
dr	3
won	3
wow	3
el	3
never	3
elephant	3
fastcompany	3
watching	3
desktop	3
hurricaneprep	3
gave	3
dream	3
ok	3
families	3
garnier	3
seat	3
closed	3
privacy	3
teach	3
googlecodejam	3
tonight‚Äôs	3
force	3
north	3
self	3
reminders	3
dress	3
destinations	3
educators	3
lights	3
changing	3
wrist	3
camel	3
classroom	3
opportunities	3
usatodaytech	3
slightlysuperhuman?	3
whether	3
lane	3
must	3
found	3
late	3
early	3
yet	3
supreme	3
hit	3
asap	3
wildlife	3
beer	3
‚Äúthe	3
march	3
answer	3
co/s0clfomkqr	3
bravsned	3
featuring	3
pixel	3
reached	3
pre-order	3
principles	3
present	3
master	3
refugees	3
honors	3
entrepreneurs	3
chromebooks	3
pictures	3
memes	3
nice	3
perfect	3
uswnt	3
in?	3
advice	3
pope	3
‚Äúwhat	3
is?	3
it?	3
fave	3
post	3
mothersofinvention	3
searching	3
miles	3
missionmainst	3
local	3
courage	3
clock	3
minute	3
exclusive	3
shopping	3
popular	3
watches	3
delicious	3
shot	3
wi-fi	3
football?	3
cloud	3
crisis	3
gets	3
recipes	3
drive	3
civil	3
words	3
brought	3
download	3
high	3
officially	3
scores	3
underwater	3
carpet	3
bigger	3
router	3
paris	3
accessible	3
cheer	3
loved	3
bringing	3
spots	3
matter	3
loves	3
capitan	3
lab	3
raise	3
less	3
opening	3
philippines	3
quiz	3
fashion	3
athletes	3
paid	3
interactive	3
players	3
solar	3
record	3
bill	3
mind	3
paul	3
deutschland25	3
custom	3
supplies	3
served	3
goodbye	3
about?	3
co/laiaowfgnh	3
bethanymota	3
google?	3
2014?	3
directions	3
met	3
character	3
stick	3
goals	3
animal	3
california	3
mls	3
santatracker	3
espn	3
‚úì	3
americanidol	3
yosemitestreetview	3
prepared	3
htt‚Ä¶rt	3
tours	3
cincodemayo	3
patrick's	3
hankgreen	3
happening	3
anniversary	3
historical	3
jane	3
against	3
ned	3
settings	3
korean	3
tonight's	3
dance	3
gsf2015	3
research	3
imagine	3
town	3
hidden	3
detailed	3
nearby	3
alone	3
designed	3
coding	3
french	3
literally	3
usmnt	3
wildaid	3
nexus9	3
pretty	3
ancient	3
glozell	3
-->	3
problem	3
date	3
ericschmidt	3
robin	3
colbert	3
hearts	3
talking	3
wish	3
selfie	3
notthesame	3
chromeexp	3
world_wildlife	3
pie	3
playlist	3
gives	3
doesn‚Äôt	3
asking	3
anything	3
program	3
light	3
worldwide	3
tree	3
knowledge	3
jump	3
wedding	3
series	3
planet	3
song	3
austin	3
within	3
return	3
phone?	3
heart	3
transit	3
hour	3
heard	3
announced	3
t‚Ä¶rt	3
covered	3
building	3
score	3
co/d3wsq0ugst	3
register	3
youtubespaceny	3
1,000	3
spot	3
santa‚Äôs	3
tuned	3
mount	3
yourself	3
donate	3
newest	3
larry	3
search?	3
book	3
usatoday	3
case	3
generation	3
images	3
card	3
kayak	3
nasa	3
saw	3
strong	3
deal	3
googlers	3
hillaryclinton	3
makercamp	3
co/optfelvjbm	3
sia	3
viewer	3
dancing	3
fighting	3
ocean	3
missing	3
weather	3
co/z514uyg55o	3
deliveries	3
favorites	3
recaps	3
award	3
village	3
hall	2
ten	2
pics	2
(	2
spreading	2
click	2
?	2
telling	2
hang	2
100+	2
november	2
googlewmc	2
mashup	2
love‚Äù	2
provides	2
√±	2
21st	2
neymar	2
hats	2
order	2
traveling	2
footsteps	2
mongolia	2
casting	2
toy	2
cnn	2
gaming	2
148th	2
wishing	2
say?	2
col	2
socceroos	2
actress	2
including	2
mapped	2
maythe4thbewithyou	2
mesutozil1088	2
solarimpulse	2
googleplex	2
reservations	2
caught	2
worked	2
anti-planning	2
co/awdg9maquk	2
kitchen	2
2-minute	2
participate	2
la2015	2
disaster	2
start?	2
onenationoneteam	2
required	2
enter	2
gallery	2
bright	2
hanging	2
keeps	2
created	2
apples	2
built	2
this?	2
finds	2
desert	2
hollywood	2
puzzle?	2
$7	2
journey	2
graph	2
final	2
androidpay	2
pumped	2
sheets	2
company	2
nationaldonutday	2
schedule	2
grant	2
showing	2
lock	2
researchers	2
hoping	2
doc	2
status	2
government	2
forward	2
angelou	2
uru	2
emoji	2
co/booilxnyku	2
like?	2
veterans	2
espys	2
due	2
mall	2
unique	2
24	2
cute	2
stat	2
inspire	2
co/tvbqxlx6gy	2
40	2
numbers	2
workrules	2
techcrunch	2
week‚Äôs	2
needed	2
themselves	2
5x	2
mark	2
state?	2
across	2
audrey‚Äôs	2
co/otkpneurqj	2
co/k4brrhmd08	2
co/‚Ä¶	2
hospitals	2
world?	2
spell	2
maya	2
platform	2
smartphone	2
gervsarg	2
themes	2
‚Ä¶your	2
understanding	2
version	2
least	2
musician	2
lines	2
rubik‚Äôs	2
eng	2
happens	2
adsense	2
turns	2
41%	2
humpday	2
links	2
below	2
‚Äúshow	2
forms	2
pounds	2
voices	2
web25	2
eye	2
ingredients	2
questions?	2
worldcup?	2
museum	2
green	2
sculpture	2
urban	2
stellar	2
window	2
quickly	2
taxes	2
fan	2
logged	2
worldseries	2
googleanalytics	2
co/fu7tghoftr	2
hump	2
study	2
irish	2
fever	2
vegas	2
happened	2
pleased	2
inner	2
üëª	2
co/nzamfjjhml	2
üíª	2
voted	2
fix	2
üí©	2
vote?	2
dennislundblad	2
co/khilzvtpjt	2
cs	2
googledesign	2
sites	2
co/82glocrveo	2
piece	2
fi	2
ft	2
50%	2
poland	2
easily	2
announce	2
jr	2
nobel	2
lo	2
political	2
maternity	2
storage	2
dive	2
hear	2
sports	2
http‚Ä¶rt	2
someone‚Äôs	2
pm	2
24hrs	2
nation	2
hundreds	2
hedy	2
monster	2
closer	2
purchases	2
va	2
sees	2
vr	2
breakthrough	2
gap	2
üé∂	2
gci	2
proof	2
worldoceansday	2
curious	2
cbsthismorning	2
earthquake	2
replay	2
co/9a83iytm55	2
googlesearchget	2
challenges	2
challenged	2
25th	2
factory	2
leadonleave	2
sets	2
yours	2
paintings	2
menus	2
williams	2
write	2
fiber	2
4pm	2
officialzsl	2
heading	2
almost	2
4th	2
pacmaps	2
busy	2
land	2
wall	2
walk	2
youtubegaming	2
io15we‚Äôre	2
unlock	2
dorothy	2
warm	2
interstellar	2
wars	2
co/n9zuhkewdr	2
yesterday	2
newspacerace	2
co/kllftvwwj5	2
buzz	2
hey	2
chris	2
smart	2
beaches	2
rollout	2
square	2
commute	2
debut	2
co/pif4khy5fk	2
mean	2
reflects	2
co/srezc2i3h9	2
celebrity	2
count	2
vision	2
santa	2
grants	2
5pm	2
hub	2
‚Äúam	2
explorer	2
headed	2
bracket?	2
solution	2
nellie	2
adorable	2
puzzle	2
based	2
dataviz	2
shower	2
ice	2
co/4yo5srlkjt	2
co/kfksuohlhk	2
rule	2
smarter	2
co/goz5jwzxuy	2
checkout	2
doors	2
constitutionday	2
culture	2
runs	2
nationaldessertday	2
insights	2
ge2015	2
sxsw	2
tricks	2
newsstand	2
buffering	2
dutch	2
co/zhkj8nwqv3	2
sundance	2
virtually	2
persons	2
all-access	2
weeks	2
manual	2
songza	2
week?	2
controls	2
ita	2
guys	2
undo	2
unites	2
strikes	2
rickshaw	2
sporting	2
googleinca	2
touch	2
looked	2
olivia	2
productive	2
high-speed	2
letter	2
debate	2
ecuvfra	2
whatsapp	2
michelle	2
emails	2
nytimestravel	2
sundar	2
investigative	2
co/lerjluargt	2
mexico	2
polling	2
tomorrow‚Äôs	2
co/u5i2bd3g8b	2
you‚Äôll	2
job	2
joy	2
googlecalendar	2
offer	2
$15k	2
plans	2
plant	2
customers	2
polarbearday	2
parisa	2
visiting	2
captured	2
views	2
wearing	2
they‚Äôre	2
dinner	2
developer	2
co/xy7mh1bn49	2
whitehouseostp	2
corner	2
drink	2
hide	2
powers	2
there?	2
artist?	2
maggieq	2
work?	2
falls	2
mybeautifulearth	2
different	2
wearwhatyouwant	2
belongs	2
parents	2
plays	2
prosthetic	2
scored	2
tabriz	2
savedbyundosend	2
teens	2
stopped	2
brazilian	2
hint	2
kim	2
bangladesh	2
sight	2
gizmodo	2
$20k	2
151st	2
site	2
incognito	2
parks	2
justice	2
balloons	2
co/rjfhy8bcri	2
size	2
thedailyshow	2
hosting	2
minds	2
moonbots	2
elves	2
pluto	2
thank	2
translation	2
pioneer	2
reminder	2
communities	2
flora	2
jaredleto	2
west	2
las	2
co/knvfyr1pvq	2
ceremony	2
shining	2
iwd2014	2
co/nty4me8kxt	2
led	2
‚Äútake	2
press	2
develop	2
manage	2
three	2
provide	2
(in	2
co/acppbhau66	2
experience	2
promenadenocturne	2
birdman	2
‚Äúi	2
oops	2
browser	2
9pm	2
explorers	2
(or	2
chicago	2
pass	2
domain	2
won‚Äôt	2
london	2
alexhonnold	2
brings	2
bird	2
title	2
googler	2
he‚Äôs	2
printed	2
mar	2
terrible	2
colorful	2
relive	2
grantee	2
america‚Äôs	2
booth	2
shared	2
mic	2
boots	2
ussoccer	2
chromebook	2
everyday	2
mlk	2
wired	2
tonight?	2
sharks	2
packs	2
toward	2
lgbt	2
fireworks	2
co/6yqbyrdnhk	2
proudtoplay	2
mysteries	2
talks	2
io14with	2
dessert	2
auschwitz	2
moving	2
playlists	2
guess	2
restaurants	2
guest	2
website	2
unlimited	2
weird	2
sunroof	2
ride	2
migrants	2
visited	2
career	2
release	2
judge	2
gifs	2
nat	2
mapping	2
thousands	2
enablethefuture	2
smarts	2
vintcerfhangout	2
co/molutwmpkh	2
media	2
ring	2
professional	2
maybe	2
encryption	2
unfoundation	2
lincoln	2
throughglass	2
taptheapp	2
girl	2
blind	2
nearly	2
delivery	2
common?	2
dashboard	2
lives	2
stations	2
what?	2
enabled	2
dishes	2
board	2
valentine‚Äôs	2
giza	2
designer	2
robot	2
urging	2
peace	2
innovation	2
edwardnorton	2
japanese	2
venn	2
image	2
dueling	2
spanish	2
co/9pyq5kcsze	2
isn‚Äôt	2
decade	2
astronaut	2
googlecanada	2
peaks	2
library	2
disabilities	2
exploring	2
smallbiz	2
tablets	2
io14introducing	2
fight	2
homeless	2
charlotte	2
t‚Ä¶	2
archives	2
offline	2
unitedwemarch	2
country	2
areyouready	2
amazing	2
solve	2
impactchallenge	2
destination	2
laszlobock2718	2
iphone	2
mashable	2
androidlollipop	2
firefox	2
argentina	2
development	2
line	2
link	2
lineup	2
riding	2
cost	2
york	2
co/gjk5csd0pp	2
sleigh	2
begins	2
flappy	2
you?	2
dawn	2
discuss	2
pontifex	2
service	2
liwa	2
‚Äúmh370	2
stock	2
kareno	2
snow	2
pop	2
co/9tkvsk4f0p	2
feelings	2
playing	2
co/w9sjr80q05	2
ramen	2
apparently	2
classrooms	2
midterms2014	2
ivory	2
pakistan	2
listen	2
group	2
co/iepqzaftzl	2
nominees	2
clear	2
glad	2
womentechmakers	2
sometime	2
happen	2
co/u5cacwqbjl	2
july	2
islands	2
hearing	2
madewithcode?	2
hold	2
chinese	2
tommycaldwell1	2
soon?	2
material	2
2013	2
tweeting	2
royalty	2
member	2
re-plug	2
rental	2
breeze	2
scientists	2
phones	2
livestream	2
thinking?	2
usavsger	2
global	2
peninsula	2
operation	2
campaign	2
wants	2
answered	2
imagination	2
anyone	2
spain	2
protip	2
prefer	2
iconic	2
bottom	2
travelers	2
arrival	2
public	2
doodles	2
fellowships	2
rad	2
rolling	2
abc	2
robben	2
ace	2
act	2
co/dg70twyuts	2
gifts	2
res	2
washington	2
mondays	2
happiness	2
message	2
movie	2
system	2
nexus5x	2
aid	2
air	2
defeat	2
android‚Äôs	2
boat	2
year?	2
mode	2
aussie	2
strangers	2
alan	2
swipe	2
pichai	2
businessinsider	2
row	2
tunes	2
thought	2
legend	2
grammys	2
diversity	2
voter‚Äôs	2
brandcast	2
meteor	2
kick	2
palais	2
co/ck9rwhokk3	2
palace	2
volunteer	2
boop	2
boot	2
tokyo	2
father‚Äôs	2
princess	2
cars	2
co/gmkeoxdcsa	2
cooking	2
kill	2
forbes	2
accounts	2
car‚Äôs	2
spread	2
ban	2
googledemoday	2
disasters	2
eyes	2
joined	2
suspicious	2
icebucketchallenge	2
deep	2
sit	2
ballot	2
biz	2
animals	2
sequel	2
sky	2
large	2
begin	2
obama‚Äôs	2
maps10	2
office	2
shades	2
box	2
workshops	2
prices	2
awards	2
perseid	2
realsurveillancereform	2
horse	2
depths	2
stole	2
higher	2
idea	2
googleghc15	2
seconds	2
10,000+	2
guide	2
goat	2
holidayspiritrt	2
projectfi	2
screens	2
co/‚Ä¶rt	2
digging	2
preparedness	2
lovewins	2
fauna	2
radioleary	2
co/4bqa9vu9rf	2
marriage	2
reunification	2
‚Äúgoogle	2
co/celyuuhrgebecause	1
roja	1
half	1
idol	1
co/vsbcdvetyxselamat	1
breedlove?	1
posting?	1
co/picsgy2yzbcaptain	1
co/wfqgyezwk5working	1
sake	1
co/vnoknkwvdchappening	1
co/gdh41qlfw4	1
lyndsey360	1
generation‚Äôs	1
k-12?	1
cervantes?	1
googlefiberthanks	1
squares	1
fcmostinnovativethis	1
topefolarin	1
fortune's	1
th'	1
header?	1
penguins	1
co/dacyhsyie2wonder	1
;	1
co/okmithck37rt	1
baby's	1
turf	1
co/qfrnrp9infyikes	1
roll	1
co/w6xpv0rfvpmanhattan	1
rahmemanuel	1
ceo	1
‚Ä¶joining	1
gold	1
co/kd8jpgi6bf	1
agnesi‚Äôs	1
staircase	1
resume	1
salt	1
ourstolose	1
co/w0mcrdcvbt¬ødefinici√≥n	1
co/6fsbtd4togrt	1
cfo	1
congolese	1
blood	1
prettier	1
170th	1
co/h4ypzixunyyour	1
co/d6rvmdsntvthe	1
co/ggv32lwl8lhappy	1
exciting	1
co/tbitoqs5tj	1
salk	1
data?	1
tho	1
rachelzoe	1
photosphere	1
|	1
co/g5tbczwjcjplug	1
co/pwgkjlgqwy	1
powered	1
thx	1
co/yebbvqyxej	1
co/azzhdcppcd	1
business?	1
co/cbh0qhjgoq	1
deploy	1
analytics	1
extraterrestrialabductionday	1
co/bamixls4aw	1
laugh	1
delivering	1
co/rimtfalfg5bringing	1
ncaa	1
sans	1
co/uuj2yykl3h2	1
co/jv4j4m5geyget	1
googleapps	1
co/kvnkwuw7el	1
co/zdfh8yqmy1	1
co/gabopwnl‚Ä¶	1
categorically	1
olympic	1
neural	1
co/njlbdny6hd	1
co/rdjtafbd6mclocking	1
co/eqj6kkb18bwatch	1
tolstoy‚Äôs	1
hart	1
cir	1
co/ux0ptvyko5	1
co/0jvow2fpoxnot	1
co/uozwfbrqdrever	1
zombiesopa	1
patrick	1
googlefit	1
co/mjwjozzh7msearch	1
hare	1
‚Ä¶embrace	1
cjk	1
cabbie?	1
spreadin'	1
inch‚Äù	1
tweet	1
goonies	1
co/ijdd3sxvz8and	1
room	1
up-to-date	1
computerworld	1
creepy	1
romance	1
storytelling	1
co/7ytbtgffmawill	1
witching	1
co/1jqi8pi6i3	1
co/24nacjse6iyour	1
co/5ltzkav7ns	1
protecting	1
gsf2014rt	1
co/movghxxoab	1
co/cwdmmqqvqi	1
reform	1
illustrated	1
co/ec1chxiesljoe	1
tonys	1
co/yxnlsbixoctoday‚Äôs	1
pine	1
co/vrnmsyixiitoday‚Äôs	1
cmr	1
women-led	1
pins	1
co/bxwqqwyzbilive	1
cameras	1
unforgettable	1
ton	1
tom	1
2-1	1
2-3	1
piday	1
co/yxbghue3n3rt	1
co/fzjp27xax9	1
owls	1
co/zlnn5ri07nbracket	1
co/q6fcnzffnx	1
kentucky	1
thegrammys	1
co/fuunzxxl2eas	1
co/fa5i8jprs1	1
famous	1
c‚Ä¶location	1
co/rwjordms2kknow	1
snooping?	1
co/ydrixj4hhmhas	1
warmer	1
co/xavhvaihfucan't	1
co/z0mxiwizejrt	1
rooting	1
time?	1
co/4z1at7gksamake	1
tim_bernerslee	1
everyone‚Äôs	1
tohoku	1
farmauction	1
coral	1
co/dor065j‚Ä¶ok	1
co/glbcaujmdkrt	1
20%	1
co/orbf8dnrpq	1
explains‚Üí	1
‚Ä¶curious	1
coachella?	1
(from	1
200	1
co/rdqpbucurkrt	1
co/gniub8uyfdfigure	1
co/pdowqq2e4e	1
co/sr9soazd3tif	1
floriane	1
chicken	1
dday70	1
co/x3sdk4akuo	1
co/w1trhjrtmgzipline	1
11001000th	1
laura	1
co/9hdbvh53l1searches	1
campusseoul	1
jelly	1
co/ma85rle33aklose	1
frankie	1
co/ywtrx6fcdwintroducing	1
co/zok2oxcfhgsay	1
patrick‚Äôs	1
cry	1
diaper-duty	1
co/e2k3awiylvexciting	1
activities	1
impatience	1
respond	1
incident	1
googleventures?	1
co/wxyf0bmo1cwe	1
co/cjxqhpx7eryou	1
stats	1
most-watched	1
defined	1
co/0qe9ajpxvyget	1
service?	1
co/yhmkirupeh	1
reservation?	1
lenadunham	1
co/omshle3saprt	1
picks	1
co/7ihnhz7hyo	1
aftermath	1
cub	1
co/sek1ihxysxthis	1
offering	1
simmons-themed	1
thankateacherhas	1
ht‚Ä¶rt	1
shots	1
groceries	1
sochi	1
fellow?	1
cut	1
co/m8i7jva4an	1
climatechange	1
‚Äúgooglers	1
4,000	1
co/7jghphz8ls	1
dread	1
battery	1
moment	1
gafert	1
e-commerce	1
flashlight	1
creation	1
co/389pcfdyrtrt	1
co/9p1wkjzha0rt	1
services	1
co/lzsocrlyxmever	1
marketing	1
connery	1
co/hdcadgv90p	1
speech	1
purple	1
bambino	1
raleigh-durham	1
bbc_travel	1
bluebottlenyc	1
anna	1
famously	1
domestic	1
blows	1
co/4itwrqhcvt	1
donation	1
htt‚Ä¶happy	1
premiering	1
co/skf2fmwdxzthis	1
previewing	1
glass	1
low-vision	1
co/areeoj3y6hsuper	1
kogibbq	1
282	1
opposites	1
shops	1
mindykaling	1
thumbs	1
mellow	1
memory	1
co/7ypib5iebf	1
co/x4xqfjnpqb	1
‚Äúright	1
co/mft76wp3mx	1
9,333	1
open‚Üí	1
stare	1
co/furnkyfvwfjoin	1
co/kj4an8qwkyrt	1
co/zdwssrh9xlshow	1
co/nm16krlytyeagles	1
co/2sqxm5hlumcalling	1
teen	1
earliest	1
updos‚Äù	1
idol?	1
co/bmiic92ajg	1
co/xto3xlamf3afraid	1
disney	1
12345	1
short	1
co/upvj8bgqb4meet	1
reducing	1
finance	1
worldteachersday	1
co/imhaecflok	1
yeti?	1
co/ilsmjrv7rf	1
co/mazoxleov8rt	1
c‚Ä¶happiness	1
climb	1
coats	1
golden	1
co/jxtv9imphirt	1
sessions	1
co/zbbddbau85	1
redcross	1
h‚Ä¶rt	1
dates	1
coast	1
hour?	1
co/4spi6xjpvv	1
clint	1
co/h18ufazshzhe	1
sunpower	1
trails	1
uploaded	1
fries	1
co/mfr5c3jv1yrt	1
co/eelijf37lc	1
co/lerfitqnckhappy	1
co/dx3wvn1p7rhappy	1
co/avvlitfn2a	1
co/kkfajfk4sert	1
co/ucdoym2beb	1
1,200	1
co/p1evoauayl	1
co/3pb6tc3oar	1
winnings?	1
co/cdpfidkgiuthe	1
ces2015	1
oasis	1
co/yp478tfvl1	1
co/t01epniv3j	1
albumoftheweek	1
bloom	1
who'll	1
injectors	1
co/xc4bqqh5a3	1
co/auzmiuumlllearn	1
jordan	1
raising	1
co/wpq8kkrnx6meet	1
artwork	1
(photos	1
ochoa	1
fried	1
co/g4fodn9wk4	1
asked‚Üí	1
co/m4r9frijkndive	1
creates	1
co/dnww2nkmdc	1
co/7pos09bhnii‚Äôm	1
co/jx4sdvwag0brazil's	1
co/qp2ajiswpy	1
co/koxru1ppogget	1
shazam	1
co/beph88xgunthe	1
co/kappngcxvn	1
johncena	1
co/lo469djxfv	1
deathscroll	1
curie?	1
mellie	1
internationaux	1
wireless	1
‚Äúbend	1
co/aswd7yuyyb	1
co/2nhbclenbznow	1
presidents	1
areas	1
enough?	1
co/frrqskgmx1putting	1
co/8e‚Ä¶can‚Äôt	1
c‚Ä¶still	1
announcement	1
crisp	1
co/ywfibrjpryrt	1
co/aeoh0z7d4frt	1
buyer	1
fathersday	1
t‚Ä¶bringing	1
influential	1
co/yq7uyxjgso	1
paw-friendly	1
choosing	1
1,500+	1
co/rjkh335auj	1
t‚Ä¶updated	1
hotel	1
wednesday	1
nail-biter	1
co/cgr5ldwglenever	1
celebs	1
teacher's	1
sheep?	1
co/bg4rkxjd6b	1
co/grxhz8hnj2ask	1
co/qoeovgf7e8	1
co/eyg4e27wnw	1
possible	1
longestreign	1
co/nlqyilagxfrt	1
co/wej3coze9odevelopers	1
co/jfsyurwvzg	1
co/2znceugw9cwant	1
afghanistan	1
7,016	1
retricaapp	1
of‚Äîyou	1
masterpiece	1
co/ab85bvrtyu	1
murray	1
backpacks	1
co/x‚Ä¶rt	1
$3	1
co/iy4neo5kukthe	1
original?	1
$4	1
lifeatgoogle	1
rockwell	1
mariashriver	1
possibly	1
co/epnbwepwpj	1
bajillion	1
co/yxqxaxpd5rmother‚Äôs	1
co/qjfwffql0jsearches	1
co/53nqyzqws4rt	1
acceptance	1
toughest	1
co/pwwtvhdi4l	1
co/gcbkisruscthe	1
co/vqbqosmvej	1
co/eb1avncmce	1
fear?	1
president?	1
cohort	1
training	1
load	1
co/fftjdlzfwd	1
co/fxpcxnw4gp	1
co/vv9evy1bj7	1
thomas	1
equinox	1
co/hldbpbr5wuhappy	1
co/8pvddvhz1d	1
visualizations	1
co/7uwdsqgssdhave	1
shoah	1
co/ox1j‚Ä¶other	1
co/znlvjtpitr	1
insurgent	1
squares?	1
co/c92z4ek91g	1
finalcutking	1
co/7xs8ivtqqd	1
baby	1
co/wjyhwgzxav	1
upcoming	1
newsletter	1
lunch	1
co/6b38oyoagahello	1
co/8e6otdouoqhey	1
co/sfalk8io0k	1
elliott	1
workplaces	1
do?	1
3-1	1
loch	1
co/gqefyx6i8di‚Äôm	1
grams	1
co/bll‚Ä¶protect	1
minding	1
co/vgyv6fzm1ggame	1
googlemaps?	1
filmed	1
safeguarding	1
worldcupfinal	1
co/2oanpb7tnqafter	1
co/bkffshfq5a	1
refugees?	1
co/0ksy0um955searches	1
us‚Äìsubmit	1
worldvegetarianday	1
3-d	1
1¬¢/min	1
co/lavdclsfxv7	1
co/tldy1z47wa	1
known	1
co/8u33tazkib	1
co/degeecsdpgrt	1
co/lly8zn42if	1
google‚Äù	1
knows	1
co/cj4vuu2u0grt	1
xprize?	1
futurelions	1
co/7vknindqvi5	1
urm	1
300	1
threes	1
entities	1
usnavy	1
mail	1
usc	1
angello	1
co/huosjntpsbit‚Äôs	1
edward	1
co/acpsejwyxd	1
co/ytqsmipmii	1
continuous	1
co/abujatwfbk	1
manga	1
‚Äîsanta‚Äôs	1
works?	1
nlw14plan	1
waste	1
71m+	1
co/75hjlku5vxfor	1
co/27londqbpnand	1
cheating	1
jaredhugginleto	1
woes	1
co/oolxljkz3y	1
co/ajmqsugrux	1
most-googled	1
co/vqreukxsk0	1
navigated	1
negotiating	1
co/4nwufo8qdisearching	1
co/fwvylqjb4g	1
co/c0qsju7wvw	1
inventing	1
ebola	1
co/dvtf1cul87	1
included	1
co/joavp7kl9vsearch	1
htt‚Ä¶attn	1
co/ug9h7dccyc	1
terraced	1
laborsec	1
dearme	1
looking?	1
benaffleck	1
dub	1
co/gsj6a1bdvf	1
co/ze7gwtmoj0here‚Äôs	1
threat	1
polyvore	1
pumpkin	1
co/yghbhesyfo	1
00	1
boredom	1
fiction?	1
co/p7gb5vscizrt	1
instagram	1
co/4zj4pgly3ubay	1
worldcatday	1
co/bkiu46iqnkrt	1
meaning	1
drawing	1
1+	1
band	1
1-	1
/‚Ä¶ever	1
co/ja9jgggn9aafter	1
13	1
14	1
singing	1
17	1
‚Äúrosetta	1
fluent	1
co/ct4bclxtrf	1
360	1
sriracha	1
labor	1
co/mghoicazvl	1
itsoctober3rdrt	1
co/bqu7zxuvhp	1
co/sj6yedw8vago	1
male	1
21	1
switching	1
livestreaming	1
23	1
shelter	1
safari	1
27	1
experiments	1
cappuccino	1
break‚Äîlet	1
industry	1
co/3henuqze3urt	1
co/nbqybtcmeh	1
1d	1
co/z2z6n21murrt	1
natandlo‚Üí	1
invites	1
1m	1
workers	1
*really	1
sharknado21	1
co/sn2wp4gu9g	1
37	1
co/pzvfgk6ityhow‚Äôs	1
bans	1
checklist	1
controlled	1
bingonight	1
co/bzzabmqyo2rt	1
co/qij4k9bfdvleo	1
progress	1
co/oenq8lq8utthe	1
nrockwellmuseum	1
gadgets	1
treat	1
lasts	1
invite?	1
2x	1
seven	1
co/m1jsfltvrjdidn‚Äôt	1
co/1v53kgfsft	1
co/s06hye0bbs	1
co/gvuwgqrlcjmarseille's	1
co/wsutjm9b41‚úà	1
tread	1
swapped	1
co/tsabeaef6ohere	1
westminister	1
co/xlzgviot6ahe	1
‚Äúi‚Äôm	1
3x	1
co/4ydbt‚Ä¶rt	1
seeds	1
invited	1
veggies?	1
co/21luwokobz	1
co/sezscz8wfb	1
co/m9updvso9ywhat‚Äôs	1
‚Äúsecurity	1
korea	1
co‚Ä¶because	1
60	1
64	1
mass	1
co/wxwtixynalcalling	1
hugyourcatday	1
twdhangout‚Äúthat‚Äôs	1
speed	1
apple	1
common	1
co/j8kl32drckit	1
applied!rt	1
co/1q7f67mp6rrt	1
5m	1
70	1
73	1
twin	1
76	1
co/v5cvoiapt7some	1
mars	1
co/mu8zbmflxqyou	1
mary	1
co/shrz8equgart	1
co/n3hufwhjw0celebrating	1
6b	1
bass	1
co/5vvebdi0fs	1
landing	1
marc	1
i‚Äôll	1
6p	1
co/hha‚Ä¶track	1
tribute	1
stem	1
co/g0qq1jhuixkentucky	1
capitoltv‚Ä¶	1
summer‚Äî	1
paulwesley	1
peanuts	1
send‚Äù	1
loss	1
90	1
93	1
workforce	1
lose	1
co/pqtpqmf6eslearn	1
timessquare	1
co/3ugjcabckobetter	1
co/yymi6nc3hlrt	1
hairstyles	1
registration	1
word	1
8x	1
co/yywfs91keo	1
extension	1
gender	1
co/29gdehtnlcsee	1
fryer	1
co/oxennbucgj	1
co/hdmyvvspr7tap	1
foundation	1
secret	1
qualifying	1
identity	1
cell‚Äù	1
co/znnjltnqftrt	1
co/pconam3pub	1
co/bmjkurvqbka	1
europe	1
co/jcwv4cxlkyrt	1
sudan	1
idolkeep	1
co/nymdzoykdx	1
co/6oquv2tqbk	1
godfather	1
co/72ejnzz7jrit‚Äôs	1
co/dbmsnqoriwrt	1
co/qpqo1j7hkzdid	1
‚Ä¶searches	1
storycorps	1
indian	1
co/ygsbu5esvphave	1
clueless20	1
co/azgqk0hwnicome	1
co/r6qhsukbjdapply	1
co/al0u8hx8vk	1
muertos	1
frahon	1
portfolio	1
walkin'	1
snooze	1
co/22is87jtbsgoogle	1
exploration	1
10m+	1
edm	1
co/hxhirtlvy5need	1
visitors	1
sl√°inte	1
edt	1
co/b5lvlejoa7	1
(paranormal	1
honored	1
co/irhc1rzsym	1
seems	1
bullying	1
120%	1
eee	1
co/s5ju4v6cbu	1
natgeo	1
formula?	1
co/fvggnf320fmr	1
co/qrskgdzsucfirst	1
recaptcha	1
co/db9txpnja3rt	1
pm's	1
advantage	1
co/tpbjhdb4ei	1
wisconsin's	1
co/jajtgsbjofrt	1
nationaldogday	1
co/5ds6uq0lloangela	1
co/frhjlkwbv1	1
co/tseuuicflg	1
saxophone	1
elcapitan	1
yeah	1
‚Ä¶celebrate	1
ignoring	1
vid	1
co/rdivypdelq	1
resetting	1
keystonexl	1
co/m2jbj3c3vx	1
co/wjybymu7a9upstairs	1
biases	1
vin	1
co/aamx1jlz7cnew	1
360-panorama	1
carlyfiorina	1
inviting	1
co/scea7lnaoirt	1
https‚Ä¶got	1
co/jrk0j3dnfx	1
happen?	1
co/bywbu60qwprt	1
toget‚Ä¶today	1
co/fnvnqv4d67it's	1
co/l3pgi93cg4meet	1
co/szkup81dgothe	1
nashville	1
symphony	1
kenya's	1
*not*	1
co/0zrxlmmkxqrt	1
co/7ajsyaa9antrafalgar	1
(fomooagd?	1
co/atn9fuben9	1
co/ndkovxhudvrt	1
hopping	1
co/cnij9lmk6xinstantly	1
co/7gshf7isxmit's	1
mealtime	1
co/2wiuv1ih25	1
cannon‚Äôs	1
co/2xlrrzn4ixteaming	1
co/gyae9bbewomany	1
co/aqgyyvka8n	1
notes	1
straps	1
sprint	1
co/nm6c9ugaqr	1
co/omdxrfbwyq	1
hypnotizing	1
okcvsdal	1
co/ephilpojrnget	1
2gb	1
vet-run	1
co/njlbdn‚Ä¶light	1
generated	1
co/4knarfcmhcwatch	1
assigns	1
elf	1
washingtonpost	1
co/1ur2zeolkm	1
bigfoot?	1
often	1
co/8opleedyok	1
co/r5lbvfump‚Ä¶rt	1
co/yo59c5n3amthat‚Äôs	1
errant	1
useful	1
co/reimh4jbcpthe	1
co/j0y5jv8abwjoin	1
co/emlahxdnqf17-time	1
rufous	1
10th	1
co/hotokamqluthe	1
co/i9wrb2c15w	1
barbie	1
co/lekncxadhsrt	1
end	1
packed	1
co/br1bf2ksh9rt	1
co/xouhmhusrrhappy	1
co/h7cs0sc7wcrt	1
co/bnt8emy7iumore	1
memphis	1
maasai	1
co/gj4k11nbkhrt	1
co/ncbhooka45on	1
co/ejtutj1cmttime	1
noether	1
jokes	1
co/2ykwl9cpvh	1
co/78tlpzbhifrt	1
investors	1
co/eyhwx1kjkf	1
tried	1
co/et3zuzzyf6parents‚Äîhave	1
iphones	1
natgeort	1
brave	1
co/nhz3qcur1the	1
co/klduy99kut	1
wearable	1
co/zxqg7mohcmour	1
team‚Äôs	1
co/8pnf3x9pmj	1
credit?	1
co/v1mycap9sb	1
clocks	1
/‚Ä¶introducing	1
brawn	1
400	1
co/6iurpq0gywrt	1
interception?	1
1000s	1
co/nji5oykzs1your	1
authors	1
iphone?	1
co/y0elwmoaflthis	1
done?	1
co/nvvpdeacnh	1
glamourmag	1
cell	1
co/8zu6qo7ewvyoga	1
top‚Äù	1
2nd	1
weighing	1
climber	1
diane_warren	1
culturalinstitute	1
1000%	1
sharp	1
strongest	1
esp	1
cent	1
est	1
co/bbifycebzm	1
co/tfrddgtwhy	1
chops	1
mexican	1
rallyforcodegirl	1
co/ntexgxecwj	1
glamourmag‚Äôs	1
etc	1
co/s05x4b8jce12	1
co/tfzm1cbvfc	1
co/mkjypigdutrt	1
co/nl1q5dezxy	1
co/v7wn9gfjen	1
next-gen	1
co/sho96fjechpaul	1
pixels!	1
co/evo4mhqkxvrt	1
co/sr2qhnxgppgood	1
co/ws3717sfmc	1
co/gki7otl5yjlet	1
typing	1
co/gm7iin8ipetomorrow	1
525,600	1
co/am9po4j9ykin	1
shame	1
co/hon1wgty7ifyi	1
angles	1
islas	1
trick	1
co/qucf0ahmzg	1
details‚Üí	1
funerals	1
co/wawcmw9mve	1
ankitkhandelwal	1
stratosphere	1
co/ys4nf2rdfndon't	1
ensembly	1
co/gayigdxmge	1
co/bxklwkocq31930	1
meowtube	1
ceos	1
co/w8bahznv0your	1
co/izp8yllttx	1
co/jq9qnso5jswhat	1
ewe	1
internet-enabled	1
timberners_lee	1
co/ssacl7oeorrt	1
achievements	1
co/lup4jedij4	1
co/e9yikp8a4x	1
co/uij25naq8jprices	1
co/c6rxs1iaag	1
co/led4fwymdndive	1
bruyne	1
app;	1
same?	1
co/8hwgb2sbgu	1
joyful	1
barmitzvahs	1
co/cagmrfhczyonly	1
co/1l‚Ä¶rt	1
himself	1
co/sggobinkpgrt	1
cerf	1
co/ohcbkcws8scongrats	1
shines	1
49%	1
co/it3uc0vy2d	1
oreo?	1
co/hujkychquffor	1
htt‚Ä¶tonight	1
comeback	1
co/gcvpeffiiufrom	1
code?	1
11am	1
ger's	1
cemetery	1
co/n5i0m8cioz	1
co/m2yflba1hynot	1
co/bnmqmew5xg	1
triumph	1
ness	1
co/avhexmjiuythis	1
liberation	1
co/cj9ivth00iall	1
nest	1
co/g3c7‚Ä¶rt	1
co/oyjoiqeuvutable	1
describe	1
grab	1
co/psdzjvfhqv	1
florida	1
charts?	1
hugs	1
microsoft	1
co/k‚Ä¶the	1
kwanzaa?	1
co/dnrg6mgkgwbad	1
googleclassroom	1
co/2kehxeauclhappy	1
co/a5fulw1whcwe‚Äôre	1
donut	1
co/xyycksholq‚Äúhow	1
co/goz5jwr8mw	1
co/x1u‚Ä¶it‚Äôs	1
co/cybpq1wzxc	1
co/a‚Ä¶meet	1
improving	1
hurricanes	1
wonders	1
leads	1
yeti	1
suen	1
co/95qc1wjagnhoppy	1
co/b0ie2lybdxthe	1
kaldi	1
co/xyi3imeyk0from	1
button	1
lochness	1
datang	1
ultraman-style	1
backyard	1
co/9oylz7fld3want	1
supporting	1
wave?	1
samba	1
co/o608xkumtt‚Äúok	1
polarbears	1
race	1
war	1
hogwarts	1
wagons	1
grey	1
co/ffmxdara4v	1
co/fetq6kg0rnrt	1
israel	1
photobombs	1
co/jvrz5rlvxo	1
gh_park	1
co/dnze2zcv2kgoogle	1
co/oeqtihjj8ltake	1
ios‚Üí	1
collections	1
fav	1
co/m8mojypwbx	1
co/agp9bb1acn	1
hairdos	1
10yearsofyoutube	1
co/hvakeqpqer	1
co/5lzox1hm42googlers	1
prioritized	1
co/fuslayrlhc	1
browse	1
co/hv9sfhy0dlspring	1
co/hsohqiwukufor	1
co/k7p3grto3o	1
searchers	1
co/xk0k4z4ztj	1
ponies	1
co/gbtsgq0rjilooks	1
arabia	1
julie	1
co/0z98xazsnfevery	1
co/kdlfkevq0l	1
co/glsoellfoq	1
alleys	1
arabic	1
berlin	1
bletchley	1
co/nqt6wnbujk	1
cosmos	1
climate	1
mhw14	1
wimbledon2015	1
gameshow	1
discoveries	1
co/a7ncgb0ukxit	1
jeetendrsehdev	1
co/jqs0qpnfap	1
co/v5sfivyjsudinner	1
co/qlpuwbzel3	1
üê±	1
die?	1
suns	1
protocol	1
üê´	1
'hood	1
üê™	1
co/jf0eouior9rt	1
yosemitenps	1
foil	1
co/zdpygkkdumrt	1
co/4idwcmbvql	1
co/tj7ts1izvphave	1
co/jedrjpifxucan	1
englandvsuruguay	1
t‚Ä¶more	1
üëç	1
co/enlxgvdhvprt	1
q‚Äôs	1
produced	1
co/wdh2vhuyyg	1
opener	1
üëä	1
outside	1
co/3mpvczfii3surprise	1
white-hat	1
topic	1
co/fqgzvw8nh5	1
sums	1
popping	1
contribute	1
letterman	1
futebol	1
llamawatch	1
integrated	1
candidate	1
1910‚Äîyears	1
peanut	1
david	1
butter	1
colleges	1
a+	1
barriers	1
matters	1
co/bdq1s70fap	1
üíÄ	1
attention	1
co/9daijzyul8hbd	1
co/cehxqgaoic	1
co/ffpu7zca5ert	1
pride2014?	1
parent	1
urmson	1
co/afhnlvl7dfhere‚Äôs	1
luckily	1
co/fryesqjfqqjust	1
renee	1
losing	1
co/s2lfaow6a7soccer	1
fit	1
co/loc5jv8iulhunger	1
co/qtxohi3udhhey	1
newshour	1
googlesearcha	1
digs	1
co/jeen2ood51to	1
ad	1
berliner?‚Äù	1
shrink	1
textile	1
former	1
co/d8lapcrzzg	1
ap	1
finalist	1
wildcats	1
riseawards2015	1
goldenball	1
declutter	1
insideabbeyroad	1
co/xlxvrgi9m1do	1
üì∑	1
co/uihlmojlwvthe	1
bo	1
üì±	1
rubikscube	1
open-sourcing	1
dragic	1
ramadan?	1
ca	1
co/bitbf9qiemgermany	1
foot	1
outstanding	1
charge	1
quicker	1
kid's	1
cl	1
familiar	1
breathe	1
flu	1
io14starting	1
lookin'	1
dc	1
font	1
co/xxukyywveqcan't	1
co/itlo83nwbnrt	1
h/t	1
co/domh1ytjvvrt	1
startup	1
co/rxwfcxugga	1
gorges	1
co/h0jo4jt17k	1
elmo	1
co/hdfevokhuhhey	1
en	1
g3	1
er	1
co/eho6vnhhmv	1
downstairs	1
co/7wogenqcycrt	1
found‚Äù	1
co/jxamldtomxin	1
fa	1
co/amurdmshkscall	1
limbs	1
tears	1
whiff	1
co/x19ux074wz	1
co/uftwptikdr	1
ponytails	1
router‚Äôs	1
plot	1
matches?	1
poptech	1
find‚Äîthe	1
where‚Äôs	1
parksfarewell	1
gv	1
form	1
co/xm7sbxeyjp	1
deflategate	1
co/bveywbw91n	1
co/uyiogsgyfo	1
co/zqijuizkii	1
jetpacks?	1
hi	1
this?‚Äù	1
co/lroshhvajkexchanges	1
c‚Ä¶1000	1
ht	1
wsj	1
diving	1
appeared	1
co/a2zvdzcbaelost	1
co/hq8kfleyz6rt	1
plant-drug	1
portal	1
hours‚Äô	1
likely	1
advisory	1
often?	1
ip	1
lbjlibrarynow	1
co/azrjwyfxeaprincess	1
chamber?	1
depay	1
web's	1
annoying	1
co/0yuzdfyzhthappy	1
become	1
co/fsolhdixhn	1
photo?	1
recovering	1
t‚Ä¶these	1
co/qjtu1dbnt5	1
$11	1
jp	1
4,000+	1
co/cxmygyvemx	1
unearthed	1
tipping	1
mlkday	1
francophonie	1
co/9fdb3zlv7c	1
co/nwxssp3xdqonce	1
$20	1
kr	1
googleespanol	1
co/xihsnpe290	1
üòê	1
co/v4piqz6copcolombia‚Äôs	1
co/omdifd8v8m	1
election2014	1
co/5lcymvh112	1
flippin‚Äô	1
üòä	1
co/mnxt7hn39vlook	1
co/3ge6txqet7the	1
guyfawkesday	1
boys'	1
lg	1
üò∏	1
$1m	1
co/sj‚Ä¶it‚Äôs	1
pants	1
co/p2letelnccthe	1
suggests	1
co/kkhrt9f3vzwhat	1
businessview	1
ma	1
picked	1
www	1
co/yyhxfllnyjsheep	1
seattle	1
venturebeat	1
co/ru5vkxzhwd	1
co/ksmhdkb8wethere‚Äôs	1
co/9gcmrjxj0cbecoming	1
co/fwii2la9lc	1
alabama	1
author	1
misfit	1
thai	1
co/v1ysjm39klrt	1
plus	1
expansion	1
co/prvyizyj5hit‚Äôs	1
co/0h0jktioc5rt	1
genie	1
heat	1
http‚Ä¶thanks	1
co/exngujltrzrt	1
well-kept	1
co/omvq5vfn6b	1
co/8xvccegm2wrt	1
co/5k5bh6r1dethe	1
mixed	1
co/wm7ceadatfinstantly	1
head	1
co/2p8dolhrcibarack-etology	1
reserve	1
showtimes	1
co/‚Ä¶the	1
co/beoblkp5c9	1
co/mny0vkre98	1
guardians	1
valentine's	1
co/vpmlhhi49qrt	1
motherlanguage	1
co/mglq1jpw8i	1
co/bxbfkgoaeasearches	1
co/obg8vma11o	1
l√°	1
settings‚Äîall	1
jared	1
pi	1
$5m	1
merkel	1
sitting	1
co/skf15a2l5qdiscover	1
determination	1
55s‚Äîthink	1
corita	1
co/etk7fm9wz2	1
co/xwij5buia8	1
t‚Ä¶tune	1
co/et3zuzzyf6	1
brand	1
co/ydpz7ayoao	1
blindness	1
holagoogle	1
togetheronlinecongratulations	1
alexfromtarget	1
co/z3fjzvvfx6rt	1
co/4cyddvl7dcrt	1
viral	1
bridge	1
co/xyesfkunfanever	1
5/20	1
belly	1
bells	1
co/kyrjphratrprimero	1
rooney	1
co/2p4ttuc1sw	1
seek	1
co/sh0favbmqr	1
seem	1
co/5kznjkaho6tbh	1
brazuca	1
co/rt6ldgstdc	1
sf	1
co/vdxi53exhn	1
üåà	1
co/5dgaebrc9chow	1
co/eqpdpwwt7ethis	1
apart	1
io14w/android	1
co/ick7zl0crswatch	1
co/pmpbh1kkr1	1
co/xyd9rnomsy	1
tc	1
td	1
co/oin5tplhnowe	1
single	1
teamwork	1
witches	1
co/kur3kd56yx	1
censorship	1
co/p56ziheimr	1
co/6w77w8nuc5happy	1
desktop?	1
co/pr37c0rcxoaccording	1
co/ciah‚Ä¶rt	1
generations	1
screens--phones	1
üçí	1
biannual	1
co/sytgdhu8wgshow	1
loaded	1
ruled	1
yahoo	1
un	1
military	1
co/wlgkjcjxccrt	1
co/ybskpkzrgythe	1
co/6sitmd7qscfollow	1
co/eoujdd2wo9	1
co/dlkbldyiqaread	1
quake	1
co/u6vbinvnsfsinging	1
changed	1
co/muip59m8la	1
co/z3rrmkblzswalkers	1
üëçüëç	1
imprint	1
co/mewcdiw9qhgoogle	1
co/tfy1ntrz5yin	1
co/jfi22xqffw¬†¬†	1
co/cwo4qlqwtn	1
co/pollav5ywd	1
eustace	1
womentechmakersexpanding	1
üéà	1
gas	1
co/vwjkhzvz8t	1
co/yimmyq6kfu	1
co/vnnj69jbfcrt	1
co/vgtirr9u‚Ä¶dinner	1
brides	1
xi	1
üé•	1
stephenathome	1
xu	1
co/mm3adaitz5we	1
co/olsqmwl611starting	1
co/ohw2frzhjz	1
co/iiwoe5a98krt	1
ridiculously	1
co/tepuikmrjd	1
ye	1
treat?	1
beyond	1
co/a5zlzc8hfs	1
collections‚Üí	1
co/6c8zlyn7ca	1
teams	1
oooooooooooooooooooooooal!!	1
nails	1
co/h3mz4lqb3dsmash	1
elections	1
googleexpress	1
river?	1
l'chaim	1
breaktheinternet	1
troop?	1
co/dwnq69nmjkgoogle	1
co/hjueia7dvkthough	1
co/tfy5fahulbtake	1
app-ccessory	1
precious	1
co/o8mebevrqlrt	1
~$	1
sally	1
elxn42?	1
co/h0uxedmoupthe	1
co/jtgyblucycrt	1
186th	1
googleart?	1
podcasts	1
co/rshen6h‚Ä¶what's	1
10,000	1
india's	1
ended	1
co/u2kd6j5kps	1
reimagining	1
g‚Ä¶rt	1
sound	1
co/nkw3k1qmhm‚Äúok	1
co/widurnsuaprt	1
prost	1
co/r07bzwdywrwe're	1
co/b5rw29wbxnif	1
co/w2v8g9izisour	1
gha	1
ghc	1
co/d3r5smwxrd	1
creatures	1
co/bsri5any5usee	1
co/huzli0imfo	1
co/385hqycyzvknow	1
sent	1
co/7ke5fx9989	1
‚Äúundo	1
friday‚Äîdon't	1
co/osjmlry8ddrt	1
co/s6n32q8mvxin	1
co/5mexhjwwrz	1
5-yd	1
co/fgsgdyumipbefore	1
scam?	1
co/luatvaymy0via	1
lloose	1
gig	1
purpose	1
co/irytmh5x69rt	1
benzema	1
candles	1
engaging	1
newyear	1
co/nvusil6nwfthis	1
marscuriosity	1
station	1
co/htdoacjhlmrt	1
wassily	1
co/dlzontbti4first	1
madeintheam	1
kinabalu	1
co/wjd0prviobintroducing	1
mother‚Äôs	1
co/40ineemzvh	1
magical	1
miniseries/movie	1
marseille	1
campgoogle	1
brady	1
revolutionizing	1
anthem	1
co/cbsdc2vkg2	1
weltmeister	1
co/ukg3p0bs1xfollow	1
co/yjertp9v7nflight	1
co/egivqdjlcftoday's	1
bgca_clubs	1
youuu	1
williams?	1
now‚Ä¶	1
co/h0d9dctlywsome	1
volunteers	1
oscars?	1
innovations	1
unveils	1
co/jibkarwbuz	1
co/ztks2i8ze3	1
co/pjm3yxo0w9the	1
co/mxsenwwemn	1
(school	1
dressedincode	1
co/oj4iwu5ypdnature‚Äôs	1
masters	1
vancouver	1
co/g5hwtpayvd	1
co/lzjpt43xblthis	1
atap's	1
happyholidays	1
giveaway	1
resolved	1
co/lqppqiv7zprt	1
muer	1
co/7j6x47qk0walso	1
katniss	1
co/hkdrqsdapnchromecast	1
sundar's	1
seth	1
suite	1
co/bby2tuleikrt	1
emmy	1
wrap	1
novel	1
googleeduonair	1
standard	1
reports	1
reader	1
31to31	1
co/bgobuxestnthese	1
co/tp2bfy3tnjüêòüêòüêòüêò	1
newyearseve	1
rsvp	1
co/ucjjyh1qny	1
co/j7rrhvsaftok	1
forgotten‚Äù	1
fuel?	1
co/mdgeajokdbmore	1
jakarta	1
madiba	1
last-minute	1
european	1
gps	1
co/prdxwptgcyso	1
toast	1
awesomeness	1
success	1
sabella	1
co/0c14x5walxtake	1
605	1
co/vaxycfieevrt	1
hour‚Äîyou	1
http‚Ä¶ever	1
adwords	1
regional	1
dpd15	1
ferguson	1
co/jv0xbrm8ej	1
googlepubpolicy	1
m√ºller	1
angkorwat	1
co/hw6qr87a4jgadgets	1
co/ug0kzqbwmygermany	1
co/yrbktskkukfrom	1
co/epnbwequer	1
homeowners	1
back‚Äîthank	1
co/afarnmugnaif	1
evolution	1
halfway	1
pulitzer	1
co/nbjktehqe6lwyrup	1
kanye	1
tethering	1
lady	1
cone‚Äù	1
pocket	1
named	1
co/avr2i0ur5zmeet	1
co/r1iaehe7jtrt	1
entire	1
approach	1
113th	1
ultra	1
co/8mjhldvvcd10	1
cameo	1
co/ijkyf0dqlr	1
roadside	1
search-loving	1
musical	1
loyalty	1
corporation	1
understand	1
masks	1
suspended	1
name?	1
googlemapsembrace	1
gum	1
guy	1
co/1bfluutzw1	1
arjen	1
now‚Üí	1
googleideas	1
remembers	1
co/j08gwpmhekbonne	1
co/hcymxuwlaslumos	1
co/ljtliolikppeople	1
co/xoevbgryc6calling	1
topics‚Äîfrom	1
co/b6g0fuh6kmwater	1
co/j0f1zfkbzs	1
co/asmqoemqnc	1
issue‚Äîsee	1
co/jb3kjg4cswafter	1
pacific	1
homepages	1
co/seoeex4qtv	1
co/gutidqqlhcfollow	1
blacklivesmatter	1
co/be0x8z16xs	1
co/jcy3hgnnxart	1
co/mnvjxr6cei	1
mind-bending	1
co/r9vq4w81or	1
suits	1
co/lscuazvgdy	1
co/wirenqwobu	1
wake	1
stewart	1
colvsciv	1
sneak	1
co/4va5biy0z8rt	1
dinos	1
counting	1
swat	1
starwars	1
126th	1
ritual	1
co/fxvp6fmio7mt	1
87th	1
africa's	1
kentuckyderby	1
affected	1
co/mktdro1dp9it‚Äôs	1
aplusk	1
stumped	1
lake	1
co/3btlgbvclzrt	1
co/9cdxqhxeisneed	1
susanwojcicki‚Äôs	1
accidentally	1
500+	1
unity	1
co/ulwosi2kfmgreat	1
co/pbq96es6vbask	1
co/4kfbj2n8cort	1
sysadminday	1
bust	1
scrippsbee?	1
co/l2yfozse00this	1
co/qerihezpiv	1
co/r9peyyzrbhtap	1
co/jdthfrakqxmeasles	1
co/3vuv1vsxfm	1
4x4	1
co/nm7qtqju6a	1
encyclopedia	1
swca	1
co/aqrdlpw5ftlearn	1
scholasnfl	1
co/0hqs9jnereusing	1
prototypes	1
co/snokl3kbfrthink	1
74th	1
co/xubxsr8ktv	1
co/dqlykuen2xtaking	1
cbsnews	1
co/f9dy3tobirwant	1
co/u9dygafkkr	1
schnitzel	1
(incl	1
championship	1
co/pi2p6s4k4khey	1
thinks	1
co/v51cxjhuko2014	1
discussing	1
co/rduo8j5lvsmore	1
mars?	1
drinkers	1
laos	1
kong	1
coding?	1
co/ecyuyrmytait	1
maleficent	1
co/veqzsmdkfhwomen‚Äôs	1
difference	1
co/rhbntdx5bsdiego	1
styles	1
co/93kzjczfv7	1
ulaanbaator	1
kor?	1
accessible‚Äîyes	1
co/ncyetpj4u7scale	1
co/gfcjeyvyojhere‚Äôs	1
hitting	1
accident	1
colors	1
think?	1
co/tds1ki7wt1one	1
ironsides	1
co/k9sgayffv8whatever	1
defense	1
hispanic	1
sfgives	1
co/vk2igzzz60rt	1
co/voeomtzkea	1
/‚Ä¶we‚Äôre	1
co/dt92ntxmwrrt	1
refresh	1
gv's	1
a4a_internet	1
co/seb9‚Ä¶we	1
diagram	1
io141	1
-wifi	1
ghosts	1
co/o3ozybf4g0it	1
style?	1
jetpack	1
h‚Ä¶work	1
paramedics	1
buys	1
googlejobs	1
voting	1
nicer	1
co/iogqdorgtbrt	1
co/vor1et5jzh	1
ham	1
ninjas	1
co/6s3lw3poewtesting	1
champ	1
brush	1
co/ze0x65w1fotop	1
digiphile	1
/‚Ä¶for	1
weight	1
co/wiscotlyu6	1
hbd	1
norris	1
co/vdqvtpfjwbget	1
hbo	1
team_mitch	1
ready?	1
lavchi	1
songza's	1
googlesearchstarting	1
swim	1
effort	1
jewish	1
googlecardboard?	1
good*	1
groundhogday!‚Äù	1
cocktail	1
stronger	1
jacob	1
co/t3n7v4faoc	1
co/ietymhbw5prt	1
co/vr8icsvkdwcelebrating	1
co/7pwjse0h21it's	1
bookworm	1
clarity	1
applications	1
pratt	1
co/mkcs5kq8sgwe‚Äôve	1
co/htdeawvke5new	1
co/y7s5edlif1	1
zayn's	1
sugar?	1
circus	1
robben_island	1
phishing	1
co/k0s2svxupjfrom	1
co/vt2lxspzsrit‚Äôs	1
russian	1
lesson	1
co/d2b45mutaj1-2	1
parkinson's	1
co/8dph0yacwpwe‚Äôll	1
co/noec8npvud	1
co-founder	1
kampai	1
baskets	1
carson	1
co/qyynrcnmufwhen	1
doubled	1
lazy	1
co/eovyog5y9wmeet	1
driveforedu	1
alien	1
app‚Äîno	1
tomatoes	1
http‚Ä¶your	1
hepburn	1
smash	1
sartorial	1
spidermanmovie	1
editor	1
chain	1
t‚Ä¶and	1
co/ovzpsimoanever	1
vernon	1
hhm	1
co/iqdmphphia	1
co/dqxjo9m8dwcreatives	1
co/nqwqpl6w8k	1
co/u8ajewkubqrt	1
garden	1
yahoofinance	1
beam	1
sharkweekmakers	1
mattervc	1
squash	1
express?	1
beat	1
co/s0rw2zfxrmsomeone	1
potential	1
co/eqv7agczpy	1
co/zbqoq3qhvy	1
mobilemadness	1
condor	1
textbooks	1
audrey	1
scottishreferendum	1
co/nie548xe4hbeep	1
co/ioawlgd94o	1
co/b4npqrbssinow	1
co/eiyj0r4ram	1
co/ejqxl686tl	1
co/peyapwt4zdsummer	1
cheerfor	1
io15get	1
288k	1
nyfw	1
co/qtnqfggw0r	1
chew	1
cher	1
co/w8c3w2ay91	1
legos?	1
vamosalberto	1
co/n3hufwzlkakick	1
kick?‚Äù	1
co/abhmhcfnwptwo	1
co/mmbvbhnux4	1
mockingbird	1
diverse	1
co/zltwsxlekfrt	1
visualized	1
active	1
opportunity	1
co/a8k76pgxkv	1
us‚Äîespecially	1
co/rvwuz4u6kqthey	1
co/ncolrpwybaargentina	1
deals	1
co/zbmpcbvo3zinstant	1
co/whc1njpzqxneed	1
co/iyoxvwjniu	1
kent‚Äôs	1
hop	1
liquor	1
co/vehtt1ddn6google	1
co/iv1lixuewxmeet	1
video‚Äù	1
bartolomeo	1
5m+	1
co/5tuoecbdgs	1
streeetart	1
markkatches	1
officialjld	1
butter?	1
co/ulka8g0ujfhappy	1
hagupit	1
co/5hddjwhdx5	1
co/u3kmda8jxv	1
inaugural	1
co/cubtze4fvfhappy	1
blast	1
70+	1
scotus	1
d√≠a	1
beckham‚Äù	1
thrive	1
(settings	1
co/g7t6onuorx	1
putting	1
co/fhri4akoiowant	1
sometimes	1
co/v2exmduyglwe're	1
co/d5kymexrrkdo	1
co/sbjntpswq2	1
robotic	1
enjoying	1
co/yzttkmw5dfcan	1
scotland	1
googlesearchtoday	1
medford	1
two-minute	1
scotty	1
co/mgtm2bbfbh	1
co/fpbhc5gqhdhelp	1
grant-	1
hrs	1
co/puizade42s	1
co/zd8u4bhjzz	1
nowcasting	1
advantage?	1
co/cykphqc74jold	1
co/wxs2cdvewmrt	1
co/h3hiry3rpgnow	1
life-changing	1
dial-up	1
co/acwal8geg7another	1
beginning	1
oprah	1
malaysia	1
self-flying	1
choi	1
co/rdclg2pgqo	1
co/n7atqq1po2did	1
marie	1
co/eoi6ul09irthe	1
in-depth	1
maria	1
ignore?	1
bloody	1
co/fe1sz1pkto	1
co/m6lhvdkzgwneed	1
co/xnwwwfuokn10	1
co/itcvhlfanyget	1
makers‚Äù	1
michael	1
googleresearch	1
tubes	1
hug	1
co/o5ihzaykqxdiscover	1
co/qq4votypyqrt	1
googleglass?	1
co/rdwrh7t6z4planning	1
co/2qrg74fc8awho	1
fired	1
photobooth	1
co/p80ml8bkmd	1
twilightzoneday	1
belt	1
co/2y1ekhcul9know	1
zendaya	1
bell	1
co/jzrkis9dy5worth	1
afford	1
googledrive‚Üí	1
explored	1
co/yfa7dhl3zc	1
timessquarenyc	1
co/3qdr7voa8pdeciphering	1
snakes	1
shielded	1
co/wcldm1zcsy	1
steve	1
co/rgsbip6tm6rt	1
topics	1
co/mw2du6qrr6	1
smack	1
5th	1
rollingstone‚Äôs	1
co/tt4o6nyhgsinterest	1
menu	1
co/ijknshomqgare	1
nyse	1
radar	1
co/bteebpihjjtoday's	1
charities	1
thrill	1
co/n8nqu8zfkn	1
co/auldhpeso1	1
co/wsh7tnp5mfwords	1
co/51ow4phsaxour	1
derby	1
co/ft6wl2qrta	1
co/rl6zxewolftaking	1
co/opltsmiodlafter	1
nasa_hubble	1
co/badpo7yoc6	1
coded	1
co/od6wtqwlmlwomen	1
adventurous?	1
co/s2nbr7me9nrt	1
mars!	1
belong	1
co/2xf0a5l3rz26	1
gaetana	1
blinking	1
co/jlyhtue7xathe	1
jjrosenberg	1
charliecrist	1
transform	1
‚Äúbrrrr‚Äù	1
‚Äúdo	1
127th	1
co/b4jpx8teqd	1
dead?	1
co/fzex33haryspring	1
co/kzurgjacjia	1
conventional	1
hypocrisy	1
abstractsunday	1
co/1nftrou7s7	1
co/bpfrbykmmd	1
keaton	1
co/e65jpskznwrecreating	1
quotes	1
cover	1
theatre	1
co/8gmxcl5urj	1
reflect	1
inverters	1
co/c556fphavoüé∂	1
adventures	1
backdrop	1
zellweger	1
science/tech	1
ecities	1
co/8trwbcwsgaschedules	1
pilates	1
co/m6i5teqdpy	1
co/goz5jwzxuyand	1
co/wgkdriw3gqsame-day	1
co/9xb1zoilob	1
op-ed	1
grandparents	1
bahamas?	1
co/sny1zwlmuart	1
co/yykts2ihh4	1
inboxhappyhour	1
(possible	1
adventure?	1
co/zi0t25lnlr‚Äúthis	1
co/tk34xyyool	1
galaxy	1
co/hyzuyyoegtmexico	1
equality	1
co/1okuoexa1v	1
co/7gaib4lakt	1
co/vc7fl3ytoy	1
handsfree	1
co/armfrvrknmhot	1
co/i9tqvnuxexbig	1
actually	1
co/b5z6rxpvhblet	1
face	1
oldest	1
co/34fc9lth8ijoining	1
showed	1
invite	1
asus	1
aspiring	1
co/it3ryvdwst	1
co/kdx5dj9wpetonight	1
co/4ukxh1xpfumost	1
co/xndi0wmrvj	1
spike	1
co/awdg9n1dsw	1
co/u7aumrklqfthe	1
co/snnlgphok0when	1
-android	1
streamed	1
‚Äúno	1
ida	1
please	1
sarahbuhrrt	1
armenian	1
finding	1
nights?‚Äù	1
israelis	1
rewards	1
co/n8dmjkye1vgmail	1
co/8jtm1xpsvxhuman	1
co/nhmidtxqjf	1
jumped	1
poem	1
co/rrfvqda8yhgmail	1
6am	1
co/hjpjasthooproud	1
indeed	1
co/u7gq9nfvnhsee	1
zoolander's	1
co/nyr3r4x4ralook	1
co/svpkmbf6ro	1
co/vtmjnoekmdwe‚Äôre	1
ynscspds	1
overtaken	1
co/uue39qqb3e	1
competing	1
co/4gzuzugffahow	1
co/sw3y1gsrk8rt	1
tomorrow?‚Äù	1
underwater?	1
co/c8qxvhaq7c	1
co/8lwlkzv4px	1
co/xndlg1b86xmaybe	1
co/jtbqnbwjta	1
filing	1
co/hj3vdrzwybrt	1
annie	1
videosrt	1
breakfast	1
diesel	1
monday‚Äîgood	1
khumbu	1
co/hu0awbqii0spider-man	1
co/qii4nk2os9llamas	1
co/l9ak0l5os0rt	1
tracker	1
co/ixvc8jizd7	1
explains	1
co/9x0oqc9oyx	1
co/zolp4k5wh9	1
abstract	1
co/7bnzt6dm5bseptember	1
appearance	1
googleeduguess	1
co/s1zmtsh84b	1
procrastinating	1
co/tukpuvlurdyour	1
fewer	1
handymen	1
mnsmalaysia	1
seaviewsurvey	1
poll	1
pole	1
co/uxokiga6ttintroducing	1
atap	1
co/xo6iafjyt2	1
co/3bisuazpjrbecause	1
mayday	1
co/i3bnigym5tfor	1
co/a0e4h8xoemthe	1
co/wzlyiswuuy	1
mwct	1
mfah	1
co/baptww8eqywhat's	1
speaker	1
co/jwqqsafphnok	1
co/8r35hqnkcr	1
say?http	1
fame	1
replacement	1
co/u0wciojc9nrt	1
baymax	1
ate?	1
co/xmbez4tqum	1
ruth	1
co/7ppx7s1ueu	1
linkedin	1
zoe	1
dinosaurs	1
paper	1
errr*	1
co/h7rgddc3pert	1
mandela	1
guts	1
co/18fix9pwu0still	1
papel	1
daoibh‚Äù	1
oranges	1
freeandopen	1
co/eg‚Ä¶rt	1
$250m	1
co/o6yi2inncwkeep	1
unwanted	1
co/vola2upnii	1
imitation-game	1
shania	1
co/a7pfqcdkyz	1
seamlessly	1
$131b	1
2yearsonmars	1
resolution	1
co/vimtplk0yvpay	1
co/8v7mvk2ifj	1
abbeyroad	1
poor	1
graduate	1
co/ej0rt8f7ifrt	1
goal?‚Äù	1
definitions	1
invented	1
givingthroughglass	1
in-app	1
ipo	1
co/q0przmm26cour	1
holidays‚Ä¶rt	1
co/g6udwo4guk	1
80%	1
airport	1
flight?	1
connect‚Üí	1
co/lmngjuu5nikeeping	1
web25three	1
800	1
pony	1
primer	1
co/rdthylilgh	1
co/nuy7i8vermhead	1
siliconvalley	1
ire	1
zaczacposen	1
tappaygive	1
bravsmex	1
accelerated	1
co/b‚Ä¶this	1
workout	1
co/c3c0d9sc8v	1
dempsey	1
tripadvisor	1
astronauts	1
derbyday	1
centenary	1
jenner	1
co/5vfimlysf4	1
co/x0zr6ylaoprt	1
co/rvnrftjhc9	1
yann_a_b	1
dorms	1
co/vigc7bp57k	1
co/rbfyglsk9hlet‚Äôs	1
educational	1
remedy	1
respect	1
co/3eklnxx1nn	1
co/c9bz2sqbmwrt	1
neptune	1
joining	1
io14for	1
production	1
co/ltsxx9utjt	1
/‚Ä¶as	1
kardashian	1
creativesandbox	1
choose	1
150th	1
co/xniqsk1ltwicymi	1
co/twj9zzsr2smessaging	1
nationalsigningday	1
co/6a8cjlgu62in	1
co/4r9sbn2k6lrt	1
ahora	1
co/zrfaodobsoannounced	1
co/5en7ljwo8i	1
directories	1
co/aafudzfuuathe	1
surveillance	1
/‚Ä¶by	1
katrina10	1
citizenship	1
co/tqllm8cfy1‚Äúand	1
wonkblog	1
theeconomist	1
offside	1
mymap‚Äîso	1
co/2bxhmhkbo5which	1
propublica	1
newtrendsaw	1
trailblazing	1
backup	1
aclu	1
co/5s6twnwezv	1
co/hhmp5k6mca	1
rijksmuseum's	1
number	1
youtubekids‚Äîthe	1
co/akimtlv1vra	1
ford‚Äôs	1
h‚Ä¶it‚Äôs	1
co/yb35kkneiq	1
co/tr8pnz7qmsandroid	1
testing	1
nothing	1
tough	1
happily	1
co/srq0ablddqlooks	1
dandoctoroff	1
co/ytrwklucktthere‚Äôs	1
father's	1
co/u9rqhiyk1zthink	1
co/eqocqocwcjsave	1
oktoberfest	1
kelly	1
cottontails	1
cookbook	1
crinkle	1
co/pdvbluzaiurt	1
polar	1
synthesis	1
co/jfwt9tmk5uastro	1
summersolstice	1
co/kk3oswluml	1
filled	1
co/nb0wbcrvqlevery	1
co/k10r7uktaj	1
co/o8j2scdl6f	1
co/sjiauperhitake	1
co/c71q9iwh2jyou‚Äôve	1
powerful	1
co/kro7zkjv2ert	1
internship	1
impact?	1
co/3929kxdf4mrt	1
sarah	1
points	1
co/ikwubngz4z	1
co/0h2glmu5hc	1
staffed	1
co/0biwoch7tycelebrating	1
co/bjx9k7w9jw	1
co/cskofzwkm0	1
finale	1
couples	1
co/vl5h6wlhhw	1
co/dcxuuwc4dhwhen	1
makeover	1
co/xgffboniys	1
codeforamerica	1
monthly	1
girlswhocode	1
co/z3u4d0gmtm	1
gear	1
co/jev7xkgfrkfind	1
co/iyswsngisiget	1
‚Äúwhy-fi,‚Äù	1
news!this	1
co/jto3vv5dr6	1
telegraph	1
co/4lfnktkiu3join	1
co/fc42rsgi3brt	1
co/rbyrvoapn7we've	1
atapspotlightstories	1
‚Äúwhen	1
operationwarm	1
co/ax7ejrm5nv	1
googleearth	1
co/zh8r2zjrsm	1
co/iedmpgqydfhoff	1
co/qcdbt2txi8here	1
milestone	1
encrypted	1
hummingbird	1
co/sqvrispixaadobe	1
co/dqeskxkkrn	1
co/ezy72imakgrt	1
mmyvoicematter	1
co/zh3idmlryfthe	1
octopus	1
plane's	1
co/3cfhiqsgpxdid	1
co/rhokr0ptfr	1
acts	1
co/ufz1fnu9ru	1
*extremely*	1
preamble?	1
co/lwozvrftcfthis	1
co/glyhzfpvyt	1
co/ftxxuwej2a	1
jam	1
machinelearning	1
snowmageddon2015	1
co/sbcykngwttfor	1
search‚Äù	1
loretta	1
co/icez2194ezevery	1
{r√©par√©,merci	1
uruguay‚Äôs	1
informateurs}bon	1
geek	1
turkey	1
square‚Ä¶cubed	1
gently	1
makemyvoicematter	1
htt‚Ä¶lazy	1
co/‚Ä¶settle	1
atkins	1
co/acwasawtax‚Äúgot	1
worth	1
releasing	1
hoffsome	1
taken	1
co/mzfq6poat8helping	1
broken	1
soared	1
*appear*	1
co/8xjbwhnn9l	1
olives	1
r2d2	1
bing‚Äôs	1
co/xx7uq3atmu	1
lifetime	1
nctl2014	1
co/umhadmclj5playing	1
empirefinale	1
either	1
‚Äòoff-roading‚Äô	1
co/sie4gnqbtx	1
co/uawzibbrbjgoogle	1
co/dnwuji1vxtheyyy	1
parked	1
flattering	1
co/gmzx3eif8k	1
brandsatvidcon	1
others‚Äîjoin	1
co/tctyflzm6cwarnings	1
longer	1
no-tor-ious	1
watched	1
senate	1
co/t6qxm8i1minew	1
leaving	1
nytvr	1
shop	1
sequels	1
5,000	1
co/bdxjynqvtdjet	1
co/z0foguvyaw	1
chimps	1
arrive	1
industry‚Äîincluding	1
skydived	1
co/0mybfb8horlearn	1
people's	1
co/djd5xsercda	1
resolving	1
cracker	1
randpaul	1
co/zrhnzbzavcbeing	1
co/egqqjhfhsc	1
co/fweb70pp8pmt-	1
awakened	1
gene	1
epic	1
author‚Äôs	1
family‚Äôs	1
translator?	1
co/twdkt2xbij11	1
sunday	1
chrysler	1
gems	1
co/kten1wvz0oyour	1
co/hizfppfb1athousands	1
co/aabqzges2rso	1
co/7d5ngknacoandroid	1
cherry	1
lamarr?	1
guard	1
co/dczbau45li	1
co/trgche3jsa	1
co/wvaegmum8d	1
co/y6e8g2fxeirt	1
co/yn86oyre8w	1
invitations	1
‚Äúpromotional	1
296th	1
$100	1
co/ieox8zevubnew	1
stress	1
‚Äúcalculate	1
hoverboard	1
jlo	1
co/mhstekfpqi	1
co/ukvtugabjg	1
co/l9uqpbr1fxit‚Äôs	1
‚Äúducktales‚Äù‚Äînot	1
co/odavstgvs3	1
co/3n2larofh5	1
$111	1
co/gi31kx3pe1	1
co/ixqsh7rqpxfor	1
philae2014‚Äôs	1
luck	1
questionable	1
co/haw8mvxmlkrt	1
co/lxw97gnkqu	1
co/jfsgxujtnjunplug	1
co/um6zpidiw4get	1
lucy	1
(+1	1
georgia	1
co/xfbbg‚Ä¶happy	1
journos	1
undead	1
$10m	1
episodes	1
co/vrdnx647jtrt	1
co/wj8rk01w9c	1
crafted	1
co/ytfi6if0dlq	1
kandinsky	1
billboard	1
story-teller	1
whsciencefair	1
glimpse	1
‚Äújapanese	1
phrase	1
co/he8eh8xsok	1
co/8pzugdtkrm	1
daily	1
over?	1
co/vckpboeuoprt	1
nonprofit	1
co/1ye9rfg7z9	1
jon	1
awaken	1
&in	1
captain	1
tbtsciencefair	1
wait?	1
purifying	1
victory?	1
co/zf7h0qvxy6	1
marriageequality	1
miracle	1
co/uqlqcbcnxhit‚Äôs	1
co/06b3xvpsvvwith	1
/‚Ä¶you	1
sheep	1
adds	1
proudtolove	1
rest	1
original	1
volcanoes	1
co/4tvh9ujo2pit‚Äôs	1
soon-to-be-released	1
co/nzbr5tmtdm	1
90+	1
‚Ä¶our	1
co/fiaqxackvqhey	1
woodchuck-chuckers	1
plane	1
espysby	1
co/xqi4fb9hpsweddings	1
co/dwbqkjzctohere's	1
co/zj2uh6qwb9from	1
netanyahu‚Äîand	1
w/help	1
byezayn	1
csedweek	1
campaigns	1
trends?	1
elsas	1
co/rpuuzg7xbw	1
glxpmillions	1
googlestudents	1
co/pfsdqw79vccamp	1
here‚Ä¶google	1
onedirection	1
co/ksst67xu0mget	1
plank	1
uruvseng	1
teamsome	1
parisattacks	1
co/q8gfykktcz	1
smarties	1
co/wtqqvp75w4rt	1
man‚Äôs	1
founder	1
co/6doxgp6cku	1
jobs	1
co/ukrrbzgbgtstarted	1
co/x3bshke9nfrt	1
co/lkpxaihg01good	1
co/mzpb6p6dnl	1
co/xgnakxppftyou	1
busted	1
7pm	1
rubyph	1
co/mhzpr0mvqs	1
(1b	1
stamina	1
joey	1
view?	1
two-step	1
developed	1
sxswi	1
co/fhmwycgjvl	1
260km/h	1
co/j0xhrui2kqrt	1
co/jqx8coa6mhwhen	1
contact	1
nexussecrets?	1
93x	1
co/8xbzsuaqsfa	1
co/foxaazmkit	1
zagat	1
parts	1
co/an6vjdn3wpever	1
states‚Äô	1
co/bsnc7srws0	1
lair?	1
lucky	1
‚Ä¶getting	1
co/mr6mhdqi1pbugonomics	1
co/cwvcvmaziwthe	1
nessie	1
700k+	1
claytonc‚Ä¶rt	1
co/lq42yyoos0anyone	1
related	1
app‚Äôs	1
co/bangve6zb7miss	1
lucky‚Äù	1
co/t4gp7jexki	1
snored	1
historic	1
co/yzsuq9hdqjstarry-eyed	1
co/w3l3la2wiqrt	1
weasel	1
nancy	1
io15rt	1
(old	1
recipe?	1
co/byqpb8dngnrt	1
co/fpdwwnwpvrrt	1
co/kf7dsbq36yhow	1
co/zb6s3occszrt	1
expert	1
co/q0su0bhshp	1
internet‚Äù	1
io15in	1
co/mt1fadiytiyear	1
co/p36e8hri4fjust	1
warrants	1
____?	1
co/yn2oymdbndrt	1
nationalcomingoutday	1
costume	1
co/jkpzjwwjkf	1
kaka	1
talk‚Äîthanks	1
ordinary	1
selections	1
co/6hsbidqnpateaming	1
john	1
tackling	1
co/cehf7dafggonhub	1
discovery‚Äîa	1
co/mzylvtbqz3	1
alive	1
co/qdueaiofrprt	1
baselworldfirst	1
installations	1
thevote	1
co/celoxts1uvdidier	1
co/jfbkpoc4vv	1
tournament	1
thinking	1
co/ipbfk1ke05because	1
teenvogue	1
co/insgnscix7if	1
astronomer	1
co/xonfdyntuyrt	1
urgent	1
side	1
missed	1
restaurant	1
co/houxlizuod	1
they‚Äôve	1
co/y4dmwcvfyzicymi	1
co/s8rkn7jsjp	1
co/qoh2naxv96create	1
joke	1
thegrammys?	1
century	1
co/jktt6gbtxk	1
googleventures	1
fashionista	1
co/dmtujxfh92our	1
publication	1
zonkey	1
co/zwwdlc6kdx5	1
awaits	1
co/xm7emb83cojust	1
co/l6h1uvyzqurt	1
co/ycfoma3d7hbills	1
sbw2014	1
mothersday?	1
64th	1
co/ltnughpjxftake	1
co/x055wqfukd	1
co/j26qzooafnimportant	1
chats	1
co/tekdfh9anv	1
co/3jj1yxwri4	1
malaysia's	1
total	1
co/neow4hhikkwhat	1
social	1
co/igmrkiarfr	1
cross	1
raised	1
demanding	1
co/c000rjuutx	1
co/4rdybgjsesintroducing	1
co/rycgmew9nlthis	1
co/ibcecy7tf9	1
co/0y1ok4sqkr	1
googlewallet	1
collect?	1
co/yw5jfdnpje‚Äúthis	1
ledge	1
co/hyvli1v99z	1
co/3zmz3ooafu	1
co/vs361mresk	1
somewhere	1
co/g51noyzhqjfrom	1
reunited	1
injury	1
*and*	1
poweredbythesun	1
canneslions	1
hurricane	1
co/nuiehiqm87	1
hike	1
accept	1
co/pzkof1q‚Ä¶person	1
co/prmak5gyliroy	1
biologist	1
co/qtkix2501s	1
atlanta	1
co/x32qaytzh0	1
trending?	1
co/txdpqw5jaf	1
pyramids	1
charlieroseshow	1
co/3dvoqrooqp	1
12,000	1
co/gz3gtb6xmr	1
soon-to-be	1
co/zehmhl1e9kit	1
audio	1
key	1
co/yidbkp7fl2	1
co/xs6ayshcle	1
hodgkin	1
coach‚Äôs	1
aren‚Äôt	1
persia	1
co/igd6zaohbh	1
‚Ä¶now	1
hill	1
buzzfeed	1
co/5jcbewaqlnnot	1
co/h‚Ä¶we	1
co/pawvtsy2avtoday's	1
(with	1
co/sbfhoaboava	1
co/f1lggphiga	1
year‚Äì‚Äìhappy	1
recognizable	1
co/0fpqvb4giyrt	1
co/btdpty34gbbut	1
extreme	1
degree	1
co/ltsltarsyyrt	1
co/jycfdvjhulstay	1
co/spj68i23mcan	1
letsgo	1
taiwan	1
co/qr1vvuwtrpour	1
nationalservice	1
headlines	1
sing	1
fanfare	1
co/0s0fuzs420united	1
records	1
kid	1
co/n6dzbehqxe	1
blues	1
co/ypk6gju8pdmeanwhile	1
co/qawpa6fpg3calories	1
film‚Äù	1
co/huwoefh96art	1
gsoc‚Ä¶calling	1
co/qab5eoklt8sharks	1
co/kkxddzvspb	1
hbcus	1
coverage	1
favorite‚Üí	1
co/cynu‚Ä¶meet	1
co/ofmlif1qxkhe	1
maradona	1
barbicancentre	1
co/kv6qztkgfr10	1
vaccine	1
hips	1
pairing	1
nights	1
famed	1
co/gyrwowxjl0home	1
thecolbertreport	1
co/6drbw49d8jsee	1
reach	1
htt‚Ä¶the	1
'em	1
co/jmwxouiqkfwhere	1
co/hnlgte1r1n	1
joniernst	1
co/xnn0sm8mitrt	1
co/efi7chaxxnin	1
co/lq4nc51s7c	1
interview‚Äù	1
jesuischarlie	1
co/lppiwaj3zfmad	1
co/1klg0nrch5rt	1
monsters	1
footballing	1
co/ftxrbjhuj0we‚Äôre	1
jeopardy	1
women's	1
siri	1
co/1chycgggm850	1
drivers	1
notifications	1
dfb_team	1
‚Äúprize‚Äù	1
/‚Ä¶explore	1
co/uqvvsfzoljwe	1
co/gcr8xe06mfrt	1
seeing	1
lean	1
maybe?	1
co/w3bibypch6‚Äútry	1
co/gniir42rmq	1
co/rbsii0np0has	1
informed	1
co/nk2dk2ch9ywhere	1
english?	1
co/ujvknfnssccan	1
co/6szaab7d‚Ä¶you	1
lead	1
hits	1
co/0xaxuefcf5	1
co/o8xrumrowt	1
co/mrb9dsn8mgcongratulations	1
co/jp2cgjvumhgooooooooooooooooooo	1
co/kqwbhvdcvk	1
frontman	1
co/l0aa6yqbwqrt	1
co/r4pjgfuod2	1
‚Ä¶there	1
leaders	1
rogerfederer	1
plain	1
co/cvvhekpfkglearn	1
co/8pkpa1iwczrt	1
co/fjufe1hhhn	1
co/utjbwj0hmgcat	1
co/gmb9xlujgc	1
eggs-ellent	1
netherlands	1
excitement	1
manischewitz	1
jonas	1
emhughes26	1
co/yqstrwphgv	1
co/vqndnqdztc	1
scholarship‚Üí	1
androids	1
glitter	1
‚Ä¶working	1
co/oicfw2unc2rt	1
co/1cxqabgkk6join	1
co/vrqcs5etmpknow	1
gigantic	1
co/jldyddh0b9small	1
co/hk7oadwu2yrt	1
co/rjonmntnfs	1
co/zkbtkii96lwe‚Äôve	1
hanukkah?	1
co/nfldnjp0ny	1
co/yfgexxkhct	1
earthday2014	1
trevornoah	1
unconscious	1
balloon	1
frightgeist	1
limited	1
co/idbwywkihadiwali	1
co/pqpxzhisqvthe	1
co/fxprpmwcqogovernment	1
co/pozabyqogt	1
co/y49carqyshusing	1
rethink	1
android?	1
android;	1
$25k	1
ahmed-	1
derail	1
tortoises	1
co/w9vwfler3bit‚Äôs	1
crusade	1
spoke	1
now‚Äîyou‚Äôve	1
co/blseiejzui	1
co/n7vmzpkvxi	1
nor'easter	1
allthememesknow	1
co/xd6iqd0vmq	1
‚Äúhow	1
co/qsxf99mltv	1
diplomacy	1
moore	1
co/oz3jjoxfnr	1
p√°draig	1
deflate-gate	1
actress-turned-inventor	1
co/fc1llxibd6while	1
co/bvpokp9sw7travel	1
co/5jaegevytqfrance	1
things?	1
co/5vta6l9dvmrt	1
co/6gfpfy6kwi	1
rebuild	1
co/wxdzgiftll	1
accessories	1
co/ohkt0bmrdw	1
gibson	1
mathematician	1
co/mtqny45h4wlooks	1
co‚Ä¶top	1
wires?	1
hbdchromecast	1
co/czwyjgwpjjorphaned	1
t‚Ä¶who's	1
searchers'	1
co/fjkbk1hj48	1
rhinos	1
‚Ä¶¬°hola	1
co/klvbbl3qow	1
co/oem44tsokrwhen	1
speakers	1
intersection	1
co/d2unpbxspkrt	1
lewinsky	1
co/reoeeenk9ort	1
co/nhaysrmmo2internet	1
co/hyqalktkowget	1
co/8naopgdlts	1
relatives	1
co/rq0wa3qm7bgermany	1
survivors	1
co/azsbtnmycurt	1
co/eng4gkw6qe	1
same-day	1
_cyrcle	1
co/mxx9zjazcu	1
io15the	1
unfulfilled	1
co/yfrpkseaguspoiler	1
co/whzpkhibmort	1
co/quf8cx8i6mhow	1
co/9dnpmkmwgnhere‚Äôs	1
co/4abtboae8idon‚Äôt	1
co/r4s4lntokhgo	1
co/ofhffmu7me	1
co/6r8stmlsa1google	1
teleport‚Äù	1
co/xquexply2t	1
co/kkw102jf5crt	1
apps‚Üí	1
co/ubezob7igcever	1
co/yngzsxwzll	1
wilder	1
co/kvp7elax8hrt	1
irrelevant	1
internet's	1
today‚Äîfree	1
co/knxe1ljpgihow	1
co/hjozpgqrfzsearch	1
experiment	1
co/pilanbnyub	1
fierce	1
co/qcfujv0oeiartist	1
went	1
co/schun8v8acno	1
co/q3kzc7din2	1
co/ql1dqz9ags	1
co/rkhdyaqcdzcalling	1
love?	1
getgoogleglass	1
co/39agyeaz3fdresses	1
intel	1
seoul	1
co/jm08kw2mbf	1
schools	1
renewable	1
crazy	1
orders	1
co/wk43ajttddjust	1
katrina	1
caitlyn	1
co/sduzugdy0m	1
co/e5mnryd7birt	1
co/xfg4aeawdvthe	1
goat?	1
co/k573kktyxj	1
wildlife-protecting	1
david_lynch	1
co/693kdnpp8urt	1
90s‚Äîall	1
foundation‚Äôs	1
retweet	1
goats	1
walks	1
mabuhay	1
justices	1
co/wed4flk322	1
co/xuax9beoe0looks	1
co/sxur7yuuzdnever	1
co/mmtbflvjxkwe're	1
co/0cquhd3zmmrt	1
co/5g5q6fm8n8you	1
co/gwmnwg4ndfthe	1
capital	1
io14give	1
leto	1
guardiansofthegalaxy	1
co/imfh5k3jlm	1
co/‚Ä¶how	1
expeditions	1
employee	1
co/8mbluiydjwcelebrating	1
co/8yk14omkiort	1
co/zl7jryfkkm	1
ambitious	1
2000?	1
(pro	1
spoon	1
quite	1
inspiration?	1
tower	1
co/wql0vuny5qlet‚Äôs	1
co/99f1a3s8uugo	1
imld	1
co/gmlz1hw0hqspring	1
binge	1
inventions	1
co/knbhyw1hng	1
timepoy	1
co/0hzzmesaurin	1
university	1
internet-y	1
safebrowsing	1
co/sv4fm25pypcelebrating	1
teaches	1
teacher	1
co/lvkkjdfit6freshman	1
playoffs?	1
co/9edjgmm660	1
co/ixs1m3gilrthink	1
co/cwienupcyv	1
floor	1
exhibition	1
104th	1
co/t47hwo8ypq	1
pitch?	1
co/uiqrqezvwyare	1
that?	1
leonard	1
co/ufiniblwlz	1
kite-surfing	1
shouldn‚Äôt	1
claddagh	1
co/nb0wbcrvqlit‚Äôs	1
co/x0c0kwwvkg	1
expedition	1
marshmallow	1
lee	1
prep	1
les	1
googledoodle?	1
9am	1
chimpanc√©s	1
co/g8fr63ypwaguess	1
pace	1
ingalls	1
pack	1
co/i5ffsvpxxkit's	1
labels	1
co/tezhrb350y	1
co/sl53yal1ri	1
co/ral0ikzdbistick	1
items	1
1900	1
co/sltj1lgmwl	1
coreyrich	1
postmark	1
co/tnwavbusch	1
dollars	1
tomorrow?	1
co/wukotyzbmn	1
co/xcdate42y6android	1
co/1xvq2cdpk6rt	1
co/yqqjbek1rprt	1
co/zjheawqpjh	1
healtheworld	1
co/i‚Ä¶41	1
co/3om‚Ä¶guess	1
co/f5az1gcrkl	1
goals?	1
co/p9dsqvkh8b	1
week‚Äîtake	1
clap	1
polish	1
fuji	1
co/5xtsccn5nd	1
carbs	1
health-related	1
nelsonmandela	1
co/gwa‚Ä¶rt	1
source	1
smell	1
lip	1
co/nwosicjhekgood	1
captcha	1
dogs	1
co/twfuox3soe	1
co/afeubs2rijrt	1
co/fe8xcm9lys	1
(do	1
involved	1
dominated	1
district	1
co/7wefixuklkwhere	1
co/ix‚Ä¶collaborating	1
co/sojidnwetk	1
co/zwfmprgcixthis	1
mlbfancave	1
dea‚Äôs	1
co/qa5xkqc5gz	1
co/ar8ukjee6ssay	1
actonclimate	1
co/xr0ox0adzjrt	1
latinos	1
co/wtidellytrnow	1
upshotnyt	1
nekoatsume	1
co/4z2qzzvbdeget	1
co/6vtzd3ilqort	1
co/bcl4odfrj0never	1
recode	1
co/gidzrqnlb3too	1
purchase	1
co/3fy1ljfrt5welcome	1
equal	1
silicon	1
co/61e9g309yuhotter	1
fund	1
co/zjymhgyjyj	1
co/pyby0t9so8	1
co/edzfasqlqynow	1
co/1kaewijssltaking	1
co/vqdxwh4kpoexplore	1
co/n5vlm0unvkmayweather	1
t‚Ä¶congrats	1
celebrities	1
co/rmvj9pkj1t	1
$30k	1
co/yafyhxfr8z	1
co/zsrsafsitcsearch	1
1978	1
co/rtvrtpk9e5	1
co/1hl792vufethe	1
co/7qsbna8qizwhat‚Äôs	1
roads	1
madden	1
co/jdadchczuj	1
co/4umksrd8jxrt	1
gervsgha	1
$150?	1
co/gnuolxsfiert	1
enterprise	1
theatlantic	1
teaching	1
co/cy4eugyb2jtop	1
loo	1
los	1
co/sqxzp6nvap	1
co/tudgs3tdcp	1
premium	1
planets	1
sign-ups	1
prom	1
low	1
co/xwq1n3pqblhbd	1
co/wdv0wcsaubrt	1
co/ddr9go21uf	1
co/jlyzbeykwb	1
solidarity	1
co/cxwwwocjswrt	1
co/ow6nu6ow3t	1
vlaar	1
swedenforunhcr	1
chimpanzees	1
doing‚Äù	1
(some	1
businessperson	1
co/62q99onwnb	1
everythingisawesome	1
clip	1
crushing	1
errr	1
co/jkrlmp09cr	1
merry	1
co/lr54q63jjk	1
$150k	1
zone	1
co/hlarsu5lylpresident	1
elxn42	1
inappropriate	1
co/odrjsmlpck	1
co/szh09cj6bb	1
co/5jvylqqmas	1
curiosity	1
prague	1
co/s4bembnywo	1
teller	1
pause	1
co/ryqbjzdvah	1
co/2dkainjut1	1
rainbow	1
co/eg8pqo7j4t	1
frenchopen	1
co/lb41eqvhzu	1
launcher	1
condiment	1
co/gta4xdslg6virtually	1
co/ratbddnrau	1
co/bfkzmr6v07the	1
east	1
co/digmdpkrag	1
co/7uaewguw9b	1
co/qwbaxw1piyrt	1
wildly	1
co/ugohvc3o77he‚Äôs	1
fuzzy	1
co/jielk90yuecan‚Äôt	1
english/german	1
villages	1
co/isul8vba2h	1
co/rh1hhrssov	1
(no	1
zoom	1
thanksgving	1
co/t0zmhl7lfq	1
co/t0unts6cuquse	1
someone	1
co/rmgre3adsufurther	1
‚Äúdancing	1
smiles	1
co/iayyekursort	1
bracelets	1
co/8w9sjeaarn	1
crack	1
co/hu8wnbi076	1
shoutout	1
co/qq81i0ftyb3	1
smiley	1
preventing	1
planet-size	1
co/gpdyimb3kmhead	1
co/koog1nvnvz	1
‚Äúpoppies‚Äù	1
bucket	1
scandals	1
wwii	1
albums	1
co/0lbvuiw6xycongratulations	1
walgreens	1
oatmeal	1
'material'	1
mins	1
chimpanzee	1
co/rlnsn2hphd	1
youtubers	1
elude	1
glxprt	1
co/qudmeggq5fgoogle	1
co/sya4mome9okeep	1
showcase	1
co/nm16krlyty	1
co/q3bdj99i68rt	1
‚Ä¶museums	1
election2014from	1
(so	1
added	1
co/wkwgfkp3xn	1
co/vvfwbricwa	1
launching	1
co/whb9nxsavfrt	1
co/vi8myyr4jsrt	1
co/nonkydfzos	1
adding	1
co/2disino3djrt	1
club	1
(cape	1
spider-man	1
signal	1
buddies	1
co/6sh2kghzdowhat	1
thewalkingdead	1
co/ltvar4hvoq	1
co/ydsbftqd‚Ä¶google	1
co/2vqmq0lkocrt	1
co/1v01hg2nt3	1
bleus	1
co/qmc0fywxrgrt	1
tackle	1
co/i5mif69gck	1
chuck	1
co/iqc9x3ylghwe're	1
importance	1
(us	1
worthy	1
co/1ksm3cdilnwrapping	1
co/wb1hj0jkhtthe	1
*did*	1
co/qp3yd0gesllots	1
‚Ä¶2	1
co/jcgwhx3dcqmeet	1
io15did	1
pangolin?	1
doorstep	1
co/gbacnagknj	1
co/ireh3a6hnh	1
‚Ä¶?	1
hemisphere	1
sways	1
talklikeapirateday	1
saldana	1
co/dwbufw30yp	1
henri	1
co/nvnwza15aealas	1
retro	1
co/zfbf5mffirgoogle	1
ghc?	1
co/93bcjkltw9avoid	1
season‚Ä¶	1
travels	1
dad‚Äôs	1
co/xoicadjsrlthere's	1
co/gf8eqbp386gong	1
grayson	1
(we	1
co/ml67xjehgdstudents	1
articles	1
tails?	1
co/zov7octsw4	1
co/dwoapirtv3	1
(psst‚Äîhere‚Äôs	1
commission's	1
co/j7znpzwyvqcalling	1
letters	1
‚Äúlike	1
fear	1
co/wpwtjee5f7now	1
signed	1
takeaction	1
co/ctunu78ulrfirst	1
co/feld89y8o0	1
hangeul?	1
causation	1
co/1jfvndpy0rwe're	1
wilderness	1
co/wntkix3oinsign	1
baseball	1
brucerauner	1
askthegoogleapp	1
co/kywbjvi9ee	1
upset	1
website?	1
serves	1
2015?	1
skip	1
co/shkxllynoi	1
co/fpjm7mxwvxmissed	1
co/viy12bqlqpperson	1
laundry	1
co/mfdotvjvbystay	1
woodpeckers	1
co/otfsplmbymrt	1
co/zed17m0ublyou‚Äôre	1
listeners	1
donuts	1
htt‚Ä¶in	1
co/nlngku9mon	1
louise	1
co/a0acmi1tdqyes	1
co/32t3abnvolcelebrate	1
co/7vtbyyk4yfthere's	1
co/isjnvvrgb8	1
co/dzi2yizlx5ok	1
co/ittcgzzik7	1
unseen	1
co/3dyotf4riw	1
opera	1
sprung	1
co/4cidok6ldhbest	1
co/fjn29gaajkjoining	1
bonus	1
co/ovwiv5utls	1
(also	1
co/4nl1hb3inl	1
biz?	1
co/chxr14lwp2try	1
co/pjvjuur7ec	1
co/yfhedjvmcpour	1
julian	1
lists	1
co/2fjya80btu	1
co/u24dhrverlsteady	1
sundarpichai‚Äôs	1
constitution	1
dream-like	1
we‚Äôve	1
co/52afhntmz6	1
üîéüìñ	1
breath	1
co/j8inwbggfkwander	1
fanny	1
louis	1
co/zmti0gmslo	1
physical	1
idea?	1
online?	1
skrillexlivecase	1
pegma'am	1
co/wkvk03enmwin	1
40th	1
orange	1
co/jouoqupphm	1
backpack	1
opensource	1
maternityleave	1
rockthekasbah	1
co/vjgwcw5io5	1
prancing	1
earthdayjoin	1
co/2lmw3gdgan	1
/‚Ä¶the	1
bryancranston	1
sizes	1
co/izrjpgmgokcelebrating	1
sleep?	1
co/ael1fznly4rt	1
co/l1zpuozirirt	1
received	1
2‚Äù	1
year‚Üí	1
‚Ä¶doodle	1
co/2deidofubma	1
poll?	1
watch‚Üí	1
invested	1
co/uwqsrokslpsearch	1
co/3tqsfjsn3yready	1
androidtv	1
believe	1
still-not-real	1
mil	1
co/f8ebysnlcm	1
co/gwvunrv6wkcongrats	1
co/wgzj3qyf8x	1
supports	1
co/dw‚Ä¶rt	1
arabic?	1
hermione	1
iamjhud‚Äôs	1
co/oq7ejjcxie	1
homework?	1
dirty	1
prosper	1
co/06lxvgzkmcmiss	1
‚ô•	1
polin	1
polio	1
definitely	1
co/gsapc4h29dicymi	1
holds	1
geometry	1
experts	1
co/wipn2yhkznwhich	1
snuggling	1
perinlal	1
co/rju7fmhongrt	1
co/ukmbngx6qyspring	1
goooaaallll	1
co/7noczvml7r‚Äúthe	1
co/uz2u6ktpmwmeet	1
(reindeer	1
mlb	1
beard	1
ando‚Äîborn	1
co/dwhrihgqqrrt	1
co/in8bkqbvin	1
felt	1
mln	1
sbw15	1
beck's	1
glassexplorer	1
monkeys	1
co/lzbunjo1no	1
co/1ehdgrbhox	1
co/thzigo9umrsummer	1
co/x7eavdmy3uthe	1
co/mefljdxg8cjoin	1
co/wmnaojrofznexus	1
co/a0i4yziwtzalex	1
allow	1
recap	1
polls	1
co/zifedgxyyd	1
federer	1
shark?	1
patron	1
co/nkzo1m3tgi	1
co/stqgv39msf	1
co/ktaiuatzyq	1
co/zcikiwhogdrt	1
rentals	1
prints	1
nationalsiblingday	1
hawking	1
‚Äúyour	1
forever	1
co/8lgr9zevozmessi‚Äôs	1
co/kzr4odsktdok	1
ireland	1
co/epq66mpusl	1
co/gsdxslfpyegayglers	1
io14let‚Äôs	1
seats?	1
40forward	1
fingers	1
althea	1
co/kz‚Ä¶rt	1
co/mjxvaynuck	1
co/wy0oxxck4wbig	1
boole	1
co/hyfct7ogx5	1
eyeing	1
charmin	1
co/cgem1ypmqa	1
co/ug6nx2epal	1
tsundayrae	1
co/gdbage51wdwe	1
nanowrimo5	1
algeria	1
yourself‚Ä¶	1
republican	1
co/cihirtx9jart	1
bly's	1
personalized	1
punch	1
appearances	1
li'l	1
naturally	1
all-around	1
training?	1
writing	1
empirefox's	1
academy	1
googlemap	1
youtubekids	1
berra	1
co/vitwpwtreyand	1
mrs	1
co/kp8hz9tbuzour	1
cutting	1
co/r8ywxaud10welcome	1
msg	1
msf	1
co/boyjhmzqybrt	1
allen	1
co/stdd0lclaxcommemorating	1
co/kdu0yn7ujdbackpacks?	1
co/5igfgxjum1	1
co/gfdp6xnt17tell	1
co/epqrncu2tart	1
co/s49074z8ixrt	1
co/mqbjjjnwfn	1
co/0z35am5guvicymi	1
co/uvtusfapue	1
patate	1
world‚Äù	1
co/umsnlaxdcathe	1
co/8d9xajt1urhappy	1
baby!‚Äù	1
co/blromteynsdon't	1
investigathon	1
co/tqgtmdgc1h	1
co/1xf3xyjo3iplay	1
co/phjdaiuao3	1
germanyvsportugal	1
owner?	1
co/vo4ni9jvxn	1
mee‚Ä¶rt	1
co/wdhjdcbamurt	1
nationalcomicbookday	1
knuckles	1
mvp	1
goran	1
jack	1
command	1
book?	1
co/lbirymjtbz	1
picado	1
prepares	1
non-stop	1
temple	1
co/4gnpplzskyon	1
landscape	1
mission‚Äù	1
yesterday?	1
saved	1
co/pjm3yxo0w9those	1
endings	1
saves	1
co/flevseu8eibiodigester	1
bears?	1
co/fgw8g30nlnhelp	1
awareness‚Äù	1
co/jqquo4wsftwatch	1
upgrade	1
dealing	1
tell‚Ä¶specifically	1
co/e0jks9ey9p	1
co/awy2zp1oqz	1
reshape	1
selection	1
co/wi5nbvv3kb	1
co/f‚Ä¶how	1
detail	1
yorick	1
beware	1
co/we8rbn9okycelebrate	1
co/y0hcef7ltr	1
co/9lzabyiw1imore	1
/‚Ä¶appels	1
refuse	1
earthview	1
co/hjg4vuwurlrt	1
co/8ihc27qykm	1
co/v1tknbhus4it‚Äôs	1
‚Ä¶going	1
highlighted	1
cs4hs	1
co/1uicdpri2s	1
co/nn5ggbomwt	1
timbaland	1
chiang	1
grammy	1
horowitz	1
co/ef0t44epmhrt	1
emerge	1
galleries	1
jeremy	1
co/e6wcn92joirt	1
co/oejlmmmoxnjust	1
co/lvfqqsdupltrend	1
smartypins	1
co/bnucpcrjzewe're	1
co/pghknj0iry	1
co/yjrqc2douzhelp	1
co/ldwd1dtgsyjust	1
t‚Ä¶hint	1
co/pax4k4bpxnlearn	1
female	1
eamonn	1
codejam2014	1
amc's	1
co/ifsn6xim7xtoday‚Äôs	1
hairstyle	1
marchix	1
volume	1
‚Äúwitch	1
junkies	1
‚Äúwho	1
co/bbnuxwseuw	1
comeback‚Äîwith	1
everybody‚Äôs	1
co/bkktdp055narab	1
co/v12x41loqs	1
‚Äúkick	1
co/vra7yfqvvf	1
co/kcxxbcgepq	1
chapels	1
co/1igwhtbrlh	1
coachella	1
co/ranfgyby1qrt	1
satellite	1
co‚Ä¶‚Äústyle	1
co/xueewjus32	1
buddhas	1
co/xxovjawsnn(literally	1
toil	1
co/qea9jxroeunational	1
co/fdhtkkfk8tfrom	1
co/1bh63iguws	1
contributors	1
co/mnl84vr8qgthe	1
co/lkuzcx9wvl	1
ribs	1
busy?	1
co/3obc5r5nla	1
told	1
manitoba	1
slim	1
co/orewakqmm4rt	1
classy	1
300-foot	1
samburu	1
dugan	1
nag	1
co/iirrr8aw0thappy	1
partnership	1
page!	1
lifehack	1
co/nyngdhv45dlots	1
co/jvdz7qghbulessons	1
nba	1
sfpride	1
co/ywycyxke7s	1
lovebirds	1
driven	1
co/ssfst6q2voanother	1
co/p5lbwybf6mspeak	1
creators	1
celebrating?	1
ladygaga	1
co/vfnuqb4tbi	1
puffer	1
co/a95vcd9nn7doodle	1
encourage	1
okgoogleyou	1
co/1queivtagxmiss	1
co/lmfcxklgsvsit	1
safeonlinewe	1
olympian	1
co/cwzyqwdnobif	1
notables	1
co/1jovg3t2yc	1
mobile-innovation	1
co/33yx3cch14	1
immersive	1
co/8ybuhocs1pthis	1
logic	1
co/gubqukd15urt	1
francisco	1
pages	1
optimize	1
halloween?	1
borealis	1
co/jhvlt33cvz	1
borobudur	1
liftlabsdesign	1
domains	1
store?	1
‚Äúmoon	1
nfl	1
co/eiugohyyblrt	1
tons	1
weirdest	1
heated	1
co/bhaau5kwur	1
cnnopinion	1
co/f2lmfx0mxodo	1
co/qqkraurvttwant	1
reaching	1
co/6vfm1yqjqdthe	1
mafia's	1
co/adhhsnidf2	1
ever-changing	1
talented	1
define	1
co/a8kuq5tpqmrt	1
co/tnpgfctcaz	1
fh√©ile	1
co/3zkmbjq1xdrt	1
co/womhvx6vut	1
co/q55ylv1y9ort	1
mapshack	1
president‚Äôs	1
co/rc1hia5pgi	1
rainforest	1
yet‚Ä¶	1
co/epasfkjupfsometimes	1
co/dywxnahrhlfrom	1
bargain	1
rio?	1
easportsfifa	1
√∂zil	1
cheers	1
co/ftywxhmjompairs	1
co/ar0p7m5djnrt	1
co/s3h5utw81r	1
co/4hku6mzrko	1
lange	1
co/0giratjqgeinterest	1
co/nfiamrmts6cancelled	1
googleculturalinstitute	1
co/lfqd448ebohappy	1
slow	1
‚Ä¶it‚Äôs	1
rt‚Ä¶are	1
autoawesome	1
co/szrancbbp4we're	1
co/tpsdkzvztn	1
bucky	1
for‚Äîeven	1
slopes	1
maps‚Äù	1
snoozed	1
unplug	1
otter	1
artstech	1
brooms	1
co/kebu42hcuzon	1
down?	1
co/3mqfcsmkqggot	1
inverter	1
co/kxjtzktzniwill	1
hero?	1
boring	1
co/qvnmcsyu4zit‚Äôs	1
cnet	1
stayed	1
low-income	1
co/ihgsq4px4klook	1
documents	1
co/i1nhggma9zhappy	1
solved	1
arlington	1
break?	1
weren‚Äôt	1
co/mbadsuuv10	1
questions‚Äù	1
co/i9o29adx0s	1
co/l0spjriisk	1
co/gurvd10ff6keep	1
co/emxszfcnb1huge	1
gourd	1
co/jhzxrksish	1
revamped	1
co/0cicb3hvecrt	1
co/u3cwm5zfrjrt	1
conservationist	1
co/jq2r0ienem	1
co/kwpgn9ogywhope	1
co/ovh36dvzdtgeez	1
humansofny	1
co/fo6rw0lxujspeak	1
‚Ä¶time	1
hexagons	1
co/wr0zafveysdid	1
co/k4x0otchro	1
drops	1
co/0axollpovs	1
co/hvsj91ejjf	1
co/peyhnwjubqbrowse	1
thoughts	1
toys	1
shakespeareday	1
co/jhl6hak7oayou‚Äôve	1
nph	1
co/9dqis5o3m9	1
co/f0acrpraxmok	1
‚Äòround	1
co/nkaca0jvspa	1
rise	1
co/wu6dcrc3girt	1
thefostersabcf	1
co/7a5gy56pa2	1
inboxstats	1
(update	1
emmys?	1
gmailshelfie	1
co/xh6xdtrngd	1
co/esmxoij5wsthere's	1
depends	1
level?	1
vean	1
ships	1
co/muyusvcwss	1
co/6vhdzqgzm8rt	1
metro	1
co/zh3idmlryfget	1
usavspor	1
oitnb	1
launchiversary	1
co/feyapzi8m2because	1
co/n1leibsopc	1
modern	1
co/6d3ae650pb	1
embedding	1
co/dztdjebtnd	1
co/o8vvqr0lau	1
co/ezdfvthgeort	1
platinum‚Äù	1
24-29	1
co/i4fzouibsm	1
wrong	1
vermeerday	1
songs	1
organization	1
heads	1
co/6pgxqjttejit's	1
pawnee	1
co/gbijwev5qw	1
co/d2vq2ubugmhappy	1
co/kyatw2vsepintroducing	1
co/kkvfzvic5qspending	1
someone's	1
co/9ug6527vdawe‚Äôre	1
co/tmcuuol22v	1
co/l7vgs5cf1ylive	1
notification	1
co/xjtqctz4iohow	1
letting	1
co/xqp2okmufedoggie	1
co/ilaja0qbdztranslate	1
co/zej6iislizrt	1
co/pkojvpidfcrt	1
marked	1
https‚Ä¶congrats	1
co/39vynsytxbtoday	1
co/t2m3ox0fvx	1
co/x7rxppdmvrthis	1
emaildebtforgivenessday	1
onboard?	1
yearinsearch?	1
‚Ç¨10	1
eagle	1
co/yg1btzyz8e	1
wondrous	1
co/wpku4ubzof	1
spidermanhangoutshare	1
robot?	1
deserves	1
nws	1
co/9dvrgvpmlw	1
invests	1
soon!tomorrow	1
co/bb8r73ycdjlove	1
hottest	1
nytimesbits	1
co/hcdlsywjride	1
handful	1
gifsontwitter	1
co/xqfzjihz5g	1
shine	1
co/1xku1vtuanj'ai	1
co/afrodrhjoe	1
co/x7gpkywoybhoverboards?	1
user	1
drogo	1
co/kxjtzkbyvka	1
co/cj5wxdwqxj	1
percy	1
sauce	1
co/lwttiejpkj	1
co/2n7qzvdg6nrt	1
bartender	1
giant	1
lamarr	1
co/zrpltby9uonow	1
1800s	1
co/r50c0e0isi	1
c‚Ä¶	1
voyager‚Äîa	1
communication?	1
league	1
engineers	1
co/deizoef49w	1
co/jxkbgmfd‚Ä¶lose	1
saudi	1
broadband	1
emile	1
co/qbt8uqaaldwant	1
competitive	1
co/ev20cxsjnirt	1
lynn	1
co/7ofkswjo85rt	1
costumes‚Üí	1
co/z‚Ä¶rt	1
co/wrxqo7k5aowhat	1
co/2jqfksxi4drt	1
customize	1
fiberiscoming	1
co/fcvbtrzpv4	1
co/w6ay5h6f6crt	1
co/qpn2aktw2ajoin	1
üêòüêòüêòüêò	1
alternate	1
actor	1
mekong	1
who?	1
tezuka	1
decipher	1
co/cipze5xjwort	1
fighters	1
kent	1
co/jrv9ihmc1x	1
co/4vexynj0sy	1
co/4hbsenuthoit‚Äôs	1
co/w9lnefxqketeachers	1
warning	1
co/6osjlc9vyd	1
ping√ºinos	1
(hearted	1
107th	1
ribbon	1
co/rnzk7wmrdprt	1
io14the	1
celebration	1
classof2014	1
co/bjzzt3saocrt	1
cny?	1
co/g2rpj1pd6hrt	1
co/fwvcroc8igas	1
dice?	1
googleexpeditions	1
co/uutsuhonnv	1
üòÉlive	1
personality	1
co/432cgioizo	1
leapsecond	1
reporting	1
co/g2ybqxcdi‚Ä¶a	1
co/coosavxi6ewhich	1
rudd?	1
co/j45mc0eprqthe	1
co/fqet5j0izt	1
co/eozjf7kws5from	1
co/sftnvv‚Ä¶what	1
management	1
co/zdgg05rylmvegas	1
co/6hbwftk9hsburrowing	1
presents	1
congress	1
vers	1
co/eayrywcqrt	1
co/9rk13frbx5	1
co/wr305bktq0	1
stars‚Äù	1
co/0gz4xlgym2rt	1
co/pp0qvkrmcvin	1
say‚Äîyour	1
co/78ifp8rczbmusic	1
snl40	1
photo‚Äù	1
metal	1
e-exhibit	1
googlephotos?	1
co/dodgvtulrrrt	1
co/irhmwv1kzn	1
ode	1
traditional	1
effective?	1
langston	1
youtubespacetok	1
wider	1
of?	1
co/qi3lnzpabbkeep	1
advertising?	1
co/ga5kazensy	1
sphere	1
co/ea4tdy2dn3as	1
vets	1
adorable?	1
veto	1
co/zuuixw4neirt	1
co/uzpqn8aoxg	1
don‚Äôt?	1
nexus6	1
blakeshelton	1
co/k8iwi4q45bcan	1
turner	1
co/grew8njfhdhappy	1
co/8lsib8g‚Ä¶heads	1
solar-powered	1
oral	1
pacquiao	1
mattered	1
lego_group	1
co/in39mcpdzewe	1
sharknados	1
teachers‚Äô	1
kiss‚Äù	1
‚Äòbest	1
co/nmpxruy4rgwondering	1
tcp/ip	1
co/sn3nvybchk	1
co/sxrbdnbesqever	1
co/kte70crw9jcall	1
claim	1
d√ºrer's	1
co/haldsuycxr	1
areyouready?	1
co/co8rwagbbhrt	1
months	1
dominating	1
co/sbhtc97q01art	1
anning	1
follows	1
amazon	1
expand	1
headquarters	1
savers	1
coal	1
survey	1
co/le22yrhrjmrt	1
co/crnpi8tt5landroid	1
xprize	1
guuuys	1
passionate	1
keys	1
q+a	1
co/x4ns1n4asgrt	1
co/1tiqja9mivremember	1
co/b2xfcn4mnmhbd	1
cnnmoney	1
dreamed	1
paychecktopaycheck	1
co/pnm5k2ngn5	1
co/cmzxicmgaook	1
keyboard	1
co/48ur4nrifq	1
dads	1
co/odnvtbj2v2ok	1
men‚Äôs	1
co/bbx9g4uvxo	1
key?	1
phoenix	1
zach	1
painting	1
zack	1
co/2s6nuvkl0o	1
google‚Äîwhy	1
co/dnc4jjumh0your	1
co/arldog0s8srt	1
co/mc9zcbuslowe	1
christierampone	1
abbywambach	1
co/cgswubzqi7don't	1
programmers	1
jacob‚Äôs	1
co/8ryvlvd56d	1
settled	1
co/ywu9mliivyan	1
lowered	1
networks?	1
malvinas	1
co/szeac5dylosearches	1
co/iikcwphcl8rt	1
bundles	1
co/vim8qkmuoe	1
madrid	1
spiritday	1
„Çµ„ÉÉ„Ç´„Éº	1
yogi	1
donated	1
conference	1
co/vlsrz29nz9	1
co/7ptwwyjg2srt	1
seniors	1
weeks‚Äîwe'll	1
nexusplayer	1
taxes?	1
galapagos	1
george	1
tanks	1
nasavoyager	1
co/j1jyyxxjkjrt	1
paved	1
pump	1
co/ceyprotpbr	1
spotify	1
co/aro7hi2l5pmmmm	1
co/vz3le8madtfrom	1
co/7cgxdzqmyodon‚Äôt	1
co/01vjzrmn9ulet	1
co/p4iv8t7gjz	1
connected	1
trillions	1
co/bm3fiknxc4	1
co/wv80milopt	1
buying	1
cupcake	1
regina	1
co/496l1zfrbk	1
co/eeqiswamzn	1
prize-winning	1
co/8nnz4bkxipcheers	1
iava's	1
postcard	1
co/2er8sazvgb	1
co/xoad7aqqrusince	1
co/tzfccttg0xneed	1
nelson	1
co/bimgc2jkcprt	1
co/pnjwoerxypgoogle's	1
view-master	1
co/meenwx974y	1
towns	1
region	1
praises	1
co/xs1twsuuyrto	1
drop	1
vehicles	1
pure	1
co/hgxc2kmnsqturn	1
‚Ä¶watch	1
shapes	1
dang	1
lies	1
tango	1
wide	1
co/ni4ihfzpry	1
co/yelllb0cex	1
filters	1
bravsger	1
800%	1
succeed	1
bras√≠lia	1
location	1
co/wwysmshue2today	1
steroids	1
co/kajcwukcfywant	1
pups	1
co/itpzu3v9xe	1
th‚Ä¶rt	1
chains	1
co/1qgjzrggwewill	1
co/6h1tbwbs08want	1
displays	1
mikecurato	1
rubik's	1
closing	1
shoppable	1
connection	1
asleep	1
co/sm2b5thrpjso	1
tremor-canceling	1
liga	1
makers	1
co/zgddzfbppv	1
scroll	1
self-paced	1
innovative	1
co/bxwu8qhh3k	1
gorillacd	1
co/5cmxu95a9x	1
bndarticles	1
co/nar6c1cibe	1
mural	1
co/xwh2fm6o4ihey	1
co/gsjqxqgzomfifty	1
30weeksprogram	1
30am	1
co/6wzh2ehsgawhat‚Äôs	1
messi	1
co/0usja6288ycelebrate	1
already?	1
co/es87jn94nk	1
cook	1
ghc14hey	1
sighting	1
puts	1
co/9oqh6dhjxc	1
reimagined	1
co/wib6iaimnywatch	1
owe	1
connecting	1
roses	1
co/psnoifipv8from	1
co/1p7tqhl0bgwherever	1
reveal	1
co/katrbhujpgget	1
launch!	1
owl	1
corn	1
co/biyl5lsvxn	1
clarkson	1
sunny	1
blow	1
üí™üòç	1
nytimes	1
co/nkvcyymsap	1
activist	1
co/twex6paolo	1
anyone‚Ä¶	1
co/z6z1lvcdz5	1
semifinals?	1
co/8yr0w72az5kicking	1
co/deqrkteuq0	1
co/dwsqfvn4ygfrom	1
ending	1
proposed	1
council	1
ground	1
co/txhhtrjkq9rt	1
narendramodi	1
everybody	1
co/zehgz5bzus	1
co/v2hacthwth	1
noto	1
co/1ueu4qcdhk	1
co/4c1plbk9x1celebrate	1
co/r‚Ä¶	1
researched	1
co/bu19dapljaaccess	1
contributor	1
sasquatch?	1
co/‚Ä¶hawaii	1
nedvsarg	1
stevenlevy	1
co/69xtxqysrhin	1
co/hhbynagknqknow	1
groups	1
o‚Äôclock	1
boolean	1
snag	1
co/8uttp4yvln	1
sultan	1
launced	1
co/65f89ik5r9	1
co/5cncwsbvjxtalk	1
explanation	1
remote	1
day?	1
chrome‚Äù	1
co/r8jipiwvzbneed	1
essentials	1
now?	1
co/mrjyo8pdvytoday	1
adolphe	1
215th	1
sister	1
wins	1
co/wxpxwdp83gsolar-powered	1
co/cse2932oxe	1
costumes	1
lion	1
journalist	1
co/yw7iqq8vhlthey	1
go‚Äù	1
correlation	1
captchas	1
baked	1
üîâüíªüîâ	1
wing	1
momofuku	1
wine	1
wind	1
reunion?	1
zayn	1
co/mdem7tn7knrt	1
co/432cgi77ao	1
yellow	1
today‚Äìso	1
co/cfslw‚Ä¶the	1
murray's	1
co/lx06ul7rcb	1
io15android	1
co/xh51lb9kvc	1
co/ymqjpqnzvv1960s-70s	1
co/swoucfnvdfbrazil's	1
co/n6s3qwqefjrt	1
combines	1
co/lxmxlixy2s	1
co/xcreje9kgort	1
foliage	1
lips	1
co/mrg7cjmovfseriously	1
otavio	1
combined	1
googlecast	1
are‚Ä¶	1
caffeinated	1
1940s	1
co/6gwywxn6grok	1
co/hwygpzhfiait's	1
co/gmeuiy5kzm	1
adios	1
co/q4rrcjd66g	1
co/ykmouewa3wnational	1
conversation	1
$1,000	1
co/g4731j021jit‚Äôs	1
rivals	1
wire	1
spending	1
pride2015	1
folks	1
co/su2lbk7wgjan	1
chile	1
child	1
co/dpndtnfqrlhere‚Äôs	1
co/mwmxs99xbxopen	1
co/oznicduay4	1
1415926	1
co/jbozagvz48	1
co/fe8xcm9lyssee	1
chromecastaudio	1
alberto	1
‚Ä¶salud	1
co/zvoc3rrwh2	1
co/pdf4blab5p	1
co/dd9swrsylwvote	1
forcefriday	1
peak	1
wweuniverse	1
co/cqmuwpj7ce	1
rousseau‚Äôs	1
maypole	1
locals	1
all-day	1
pdt	1
co/b27ewqvygm	1
firstkiss	1
per	1
co/vfd92laqsbhappy	1
oscar	1
africa	1
birth	1
girlsintech	1
lapwing	1
co/lddvlr1s9rit‚Äôs	1
imaginations	1
cristofori	1
falkland	1
co/oi3snawnh8	1
co/ukfbtetatogoogle	1
co/l1f2wxz1mwbig	1
revist	1
co/gyolayxosbget	1
co/qp0uwfonfxrt	1
anechoic	1
growing!	1
co/fjiazytq1l	1
co/gklewle77r	1
‚Äúmap	1
co/cywwk1ywss	1
/‚Ä¶new	1
android‚Üí	1
edanl	1
co/uzersog1kndo	1
violence	1
gilbert	1
residence‚Äù	1
co/cg910awharhello	1
phd	1
co/nquiv2lhfmrt	1
co/fl5bbtowswthe	1
hacker	1
twain	1
who‚Äôs	1
daddy-os	1
co/kvt56gj8icspring	1
co/j2k3lnqpprstay	1
co/ti7vz5mpfnthese	1
reign	1
co/20axlc8rhy	1
thenationaltree	1
manner	1
simplifies	1
co/7cosfuk6jvrt	1
co/h4zti1pwsawhat	1
pih	1
co/kgcl9rwkjg	1
pin	1
elias	1
co/be9foemt3ufew	1
members	1
co/9hqzejsgf3rt	1
co/t6yaxewntzhe's	1
verification	1
matthew	1
co/ub6lpaelaart	1
co/uyiogsyz7m	1
co/1vokpuohce	1
chick	1
senator	1
spooky	1
whathappensinvegas	1
twitter!today	1
rising	1
co/ycj3dqrbmtthat‚Äôs	1
argentina's	1
cause	1
co/lqfpnwvj4tsplash	1
friday	1
victim	1
sitcoms	1
unpack	1
co/1da3yrpcra	1
co/7i8cp5kqbe	1
co/vfwark‚Ä¶	1
co/nwpb19mzi8	1
chief	1
tippingpoint	1
fastened?	1
followed	1
burning	1
jessica	1
co/lvofnetfir	1
interested	1
specialolympics	1
co/rkrtryk21j	1
co/c‚Ä¶it‚Äôs	1
fair‚Äôs	1
blizzardof2015	1
jessicaalba	1
co/gtc8h9hwzsrt	1
12/11	1
co/jaigec9sb5	1
a-z	1
tuning	1
began	1
co/xjt31ypijbbecause	1
co/ygpyubagfs	1
matters‚Äù	1
bravely	1
googletrend	1
reality	1
co/al4vzjkfkuthat	1
co/7utufaings50	1
co/dzpc5cgizrgoogle	1
specialdelivery	1
co/wrdw7tsnr2feeling	1
alsicebucketchallenge	1
co/ds8qvepvhs	1
penh	1
co/ogfhh3kkd0	1
trillion	1
funny	1
co/8skoe18wox	1
receive	1
co/bfyghd1jpert	1
espresso	1
seekers	1
facup	1
co/o8nrbvi2xe	1
co/mesnjaytft	1
great-grandmother's	1
yacht	1
standing	1
panem?	1
co/zqza2cfuttrt	1
co/ixmjbhfvhgsay	1
chagall	1
slides	1
doodle‚Äîand	1
friendship	1
pel√©	1
c‚Ä¶new	1
cubalive	1
high-res	1
co/in3nppgwqmrt	1
co/y5mzvbyqmr	1
co/yigq4vxmjq	1
co/xshwd3u7w2	1
spotlightstories	1
offers	1
co/ld3i5mthwort	1
given	1
she‚Äôs	1
co/ntxr7abivsget	1
‚Ä¶follow	1
‚Ä¶helpful	1
co/brhckdj6jp	1
co/6wpfaovzfv	1
co/ma60lpusdgrt	1
co/ht5bdhxcevdo	1
pro	1
casualties	1
secrets	1
futbol	1
sprinting	1
co/rbwdgggzdv	1
employees	1
co/3h7dr4rv3ufrom	1
co/fzcdjrapcsthey	1
co/gyg3t2bnlk	1
(upright	1
decades?	1
co/j2vqvuj64l	1
possible?	1
customizing	1
co/6php6nzl8k	1
co/jobgq9yaoi	1
2,000+	1
co/bsiyrc0iaawe're	1
assembles	1
premiere	1
co/euji6qbon1rt	1
co/js0ru3m‚Ä¶protect	1
co/knimznhvklso	1
pup	1
co/m3pb3jtjoejournalism	1
üéµ‚Ä¶	1
co/tl2hpku3hvrt	1
co/tlhpkdd5bv	1
boyhood‚Äôs	1
co/qupyujhgxethis	1
options	1
co/3xgceg8v5p	1
attention?	1
struggle	1
co/xvfx2te‚Ä¶rt	1
co/fxrjnjpwnppics	1
heritage	1
co/crp0ownyikvalbuena	1
co/qxzxztejxu	1
them?	1
co/p0mi0lgxhb	1
co/tgz3ccu6d7	1
co/oe4xb8nebnour	1
co/nd2lcatr9abookmark	1
elite	1
co/tpzsebgaga	1
theme	1
co/8ivs0bepyf	1
-tap+pay	1
henceforth	1
iraglass	1
o'neill	1
co/iyf16ik3wi	1
co/lb8lexzhvwreading	1
startup-focused	1
co/nucfmepgae	1
co/vdj9kirb3q	1
co/phhcydummzstrength	1
morning?	1
co/vrx879uvxswhen	1
mattel's	1
high-¬≠quality	1
whistles	1
trek	1
answering	1
porat	1
co/ruo8hsv1mldiseases	1
iamsoy	1
retailers	1
gross	1
co/orjdzfguh5	1
some‚Ä¶this	1
co/tqnyc0lwzk	1
trick-or-treating	1
co/j4uk3o0z8ea	1
co/ggrvgkwr7n	1
july4th	1
wreckitralph	1
guesses‚Ä¶	1
soar	1
co/3dboynhx1cthis	1
flagging	1
c‚Ä¶now	1
hq's	1
co/0g1pnchjnnin	1
rocking	1
howard	1
co/xtqwecorazok	1
co/hd68gtmtl9meet	1
galifianakis	1
general	1
beagles	1
co/wzb4a6ffbirt	1
co/ocfbeswtpz	1
co/valnnju5ex	1
co/xfa4axem3w	1
thinking‚Äîmaybe	1
co/oh9awyrd09	1
soda	1
co/ipgoppdelg	1
classroom?	1
googlesearchmarc	1
marking	1
obvi	1
neither	1
co/nzzvixez7d	1
co/pxp6icroxkthe	1
ticking	1
co/75pcujhvl0meet	1
co/e127bex9ll	1
co/qx2q5snyuagear	1
trio	1
co/w70rq3iwelwear	1
come?	1
spookiest	1
co/iebicvse1nlast	1
co/fnqswqrd5utreat	1
co/py0‚Ä¶next	1
sparked	1
chapel	1
atlantic	1
trying	1
kitchen?	1
millions	1
attaquesparis	1
co/md9qvqa3xe	1
cambodia	1
originating	1
walkers	1
comet	1
co/9o5wjqkaim	1
216th	1
one's	1
spare	1
co/qvapxqybg3rt	1
smithsonianmag	1
thursday	1
co/yyg5e0v0sshey	1
transition	1
tells	1
co/dzyj588vhdrt	1
co/7wugzvhl1qwe	1
co/grmdpl0ahghey	1
compete	1
accountant	1
97-year-old	1
co/qqcwskgb3y	1
co/sqnkzpqgzv	1
co/momrtkr0bybecause	1
lanka‚Äî	1
co/oq2fz8d4eesee	1
underwear	1
tall	1
planes	1
slowness	1
co/rgyc9wsoxnrt	1
co/s0clfoelip	1
‚Ä¶15	1
bookings	1
wwhearing	1
co/cnlspnxypl	1
co/nnnmshhbatkeep	1
co/g2yhn3cx67rt	1
co/xqcpswicg2	1
brazil‚Äôs	1
gyboweek	1
wearables	1
co/eeol4ullqdbronze	1
2009	1
co/efxzozqb2dyou‚Äôve	1
taylorswift13	1
plesiosaur‚Äîin	1
respects	1
hometown	1
remembering	1
glazer	1
co/rpfgtbitfzit‚Äôs	1
solo	1
co/rdyveoul7v	1
co/ml3qte2ddhif	1
hole	1
print	1
2017	1
holi	1
thegreatlisten	1
co/zueql9kz7l	1
sparkle	1
fitness?	1
co/jdrxlnjvrs	1
c‚Ä¶25	1
co/byjltpxqhq	1
sing?	1
usnavy's	1
stadium	1
co/us1wph3x0wsearching	1
back-to-school	1
co/ulpfiwt3yyrt	1
co/qwgsmt3d8u	1
taste‚Äîcheck	1
cartographer	1
co/3nselgswgxalt	1
co/y6e2u3griyrt	1
loading	1
hong	1
exhibitions	1
sona	1
out-navigated	1
dragons	1
co/7joxyijvcv	1
sings	1
co/ft8hz2wiq2rt	1
britain	1
co/f5juidit8lwatch	1
hangeul	1
painted	1
co/s5ges3brzcah	1
co/f8z4v5awqpwhat	1
moses	1
gratuits	1
wifiwoes?	1
file	1
co/wvo7rp6xrh'til	1
co/eev7duav15ok	1
co/booilx5wwk	1
emoji‚Äôs	1
co/sosseuv1upclint	1
co/v85mod3pkpwishing	1
pounds?	1
co/rnphdfauccicymi	1
co/5ovjusrrne	1
co/vqzb3ddm0ktravel	1
defense‚Ä¶is	1
‚Äúi‚Äù	1
co/yalvny5ji4	1
musetech	1
bracket‚Äù	1
co/ptejzaq2ifthe	1
reviews	1
fine	1
co/s8i9w2xsbeno	1
selected	1
co/qbdq2rkmhtdriving	1
co/kuhodd7nj6	1
clutter	1
co/bpoo7jp7ip15	1
turtle	1
crime-vote	1
definitive	1
seriously	1
fill	1
experiences	1
painter	1
/‚Ä¶watch	1
leaning	1
tactics	1
valley	1
laughter	1
eastwood	1
womenintech	1
appears	1
co/xmwkqvhnterow	1
180th	1
try?	1
petra	1
co/bs8qkdq8ik	1
experienced	1
badger	1
co/omsjale8bka	1
extraordinary	1
iava	1
co/z338saer51top	1
co/hvfah5aeqdin	1
trip‚Äù	1
co/lzfddwnm1la	1
co/pejozobiag	1
redmayne	1
co/bqaxtmvrou	1
chagall‚Äôs	1
‚Äúgone	1
outfit	1
ongoing	1
chicagofire	1
fire	1
co/jizgangv4m	1
fashioned	1
sidewalkinc	1
spray	1
co/dvxomewtjd	1
sebastian	1
decorative	1
buckingham	1
co/hsnqv5exqz	1
co/wkmoifwjx6guest	1
programs	1
music‚Äù	1
co/p3dahyv5kgthis	1
co/xurgvierbsbreaking	1
co/jmyozzpkx5so	1
co/cbcr8kxecurt	1
perspective	1
eiffel	1
co/bhchzezfam	1
everest	1
co/paghax3n3qthe	1
3-4pm	1
co/u2xay3dalv	1
kardashians	1
celebrations	1
fish	1
khal	1
wings?	1
we‚Äôd	1
co/nyy3b1ady9on	1
cause?	1
‚Äúcancer	1
skyboximaging	1
co/8w28fxjdjc	1
graveyard	1
graduationmary	1
leaves	1
co/k4lit6tviqthe	1
co/svhathylplrt	1
adhesive	1
monumental	1
five	1
claytonseniors	1
üí©s	1
faithhill	1
co/mlteepbzyhnowruz	1
co/g6aduulnzeshow	1
collection	1
glxp	1
fits	1
co/e1juo5liwkthe	1
squad	1
guessed	1
conflict	1
father	1
jukebox	1
co/pevfjfoodc	1
charleston	1
schedules	1
mastering	1
co/sxiwvfnujq	1
definition	1
11carlosv	1
powerball	1
co/i1wx5sh1mp	1
co/nc00u3jepccheck	1
feline	1
indians	1
co/no8vpmvqgart	1
chromeedu	1
sixteen?	1
co/rkjvpznqv1	1
(via	1
co/uqv2m1x‚Ä¶rt	1
co/orts0dkzkn	1
nbaallstarnyc	1
swimmingly	1
masked	1
co/xax5fwcjed	1
degrees	1
co/iuumaeod0urt	1
price	1
standrewsday	1
typhoon	1
co/wygrm1g0bx	1
staples	1
co/2z77zob7kl	1
doodlez	1
co/iikcwphcl8finally	1
co/bcdiub7vnttoday	1
temples	1
co/dro3ak92gprt	1
dancer	1
co/187szulthcthere	1
addresses?	1
osamu	1
co/yoodeihjgv	1
co/5qznt8pe99	1
co/ktrkrzlwxh	1
co/gdfuhllpbe	1
alanturing	1
thumb	1
landing‚Äù	1
co/5iimu9qzbx	1
requests	1
co/folpkr5b7bbonus	1
game?	1
wherever	1
co/lcjb9zhilmwinter	1
co/jl3yvjb5cqdiscover	1
co/kiambl9tlpthe	1
co/81kzskiovt	1
co/i4ifq6kg2yif	1
co/qtxwbnn7lurt	1
martinn_king	1
evolving	1
co/8lj92vyje2dads	1
co/6iqrqzisp3being	1
clues	1
co/bom2xj984g	1
co/1an70suhnuever	1
astronomical	1
comingsoon	1
co/hutj4b0wzk	1
starsandstripesforever	1
co/4yli7av7bwget	1
co/chf09wm65r	1
moment?	1
swedish	1
co/0hqxjei8f0the	1
‚Ä¶hey	1
co/4os1uvogyueven	1
fossil	1
toilets	1
co/kzugmgon11	1
firstreviewfriday	1
co/won66sqdpyrt	1
rumble	1
solving	1
distractions	1
co/6yyskqm0ln	1
co/hgom0ehtj4	1
network	1
holding	1
chelseaclinton	1
co/c0ayhjs4efintroducing	1
co/w01xewz16qcelebrate	1
aneto	1
co/t5uvz4gxmlrt	1
co/hbm9mwqjrxdevart	1
doodle?	1
co/fct0dhtbjydo	1
co/9fdbarkteydelicious	1
performance	1
co/tfl68qkzggrt	1
jeju	1
hulkhogan	1
co/7df2zzdskba	1
co/sancpculfwrt	1
co/fxxeycday1‚Äòtis	1
siblings	1
webelieve	1
accuracy	1
queenrania	1
co/qivq0tnsrr	1
co/djaactarwcrt	1
co/rgrnelblyjrt	1
co/9lzabyiw1i	1
co/ik7cqctbebget	1
cup-related	1
rai	1
sorts	1
t-shirts	1
co/7flxavgjiehelp	1
rat	1
younger	1
lighting	1
shaking	1
co/8wd2rjqc5krt	1
co/vouoxtvjcc	1
warming	1
co/n4hecpvewr	1
poster	1
co/5lyihillzkselfies	1
southern	1
‚Ä¶people	1
co/zkd7lyctnbreduced	1
co/icsnqoikvu	1
nomakeupselfie	1
posted	1
co/rkt8xzwkwdrt	1
dual	1
‚Äúduet,‚Äù	1
polishing	1
co/qkownfhwyw1999	1
co/e7pg7niromwatching	1
morris	1
co/rpxbtwzc5c	1
‚Ä¶wander	1
saint	1
steadies	1
co/q0wttj73wh	1
spin	1
philae2014	1
calling	1
co/3sv9rz9ui6see	1
co/cb0qgilhmryellow	1
co/oczaowtrvfrt	1
co/syj8einphhnonprofits	1
co/81nqpf41sa	1
snakebite?‚Äù	1
co/czpvpvmhsg	1
reg	1
co/akplopmwwbbe	1
tagheuer	1
co/ft06qkayhw	1
co/zfwmsjt6c5celebrate	1
ada	1
co/kpq7bihhrxwe've	1
rwitherspoon	1
syria‚Äù	1
co/q9poropbdirt	1
savethechildren	1
co/lhv2hcpsfk	1
co/khuhjlkwy6your	1
co/ppfy3cn6ouring	1
co/gn3odt8ye2so	1
internationaldayofhappiness	1
episode‚Üí	1
mutual	1
activation	1
co/q53kznvc5hrt	1
faves	1
co/opncdmixpz	1
scoop	1
overtake	1
co/btl7wupszp	1
co/vqmc3dd9itrt	1
united4nsareform	1
m√ºller?	1
shakira	1
sorry	1
adalovelaceday‚Äîa	1
co/rg3a4tsaflhow	1
co/ppttm4uehzrt	1
wearing?	1
passover	1
co/xulb9fx0v4	1
co/j3ifdesgcuwhat‚Äôs	1
practicing	1
co/wxkbjlacsm*eee	1
co/bvjemikdznlightsabers	1
co/9feves60bs	1
co/xpnn7cj1at	1
dude	1
age	1
co/fujxlfbrdx	1
weekend's	1
co/lnybtwyaxr	1
rumors	1
gestures	1
agt	1
scrolling	1
io15there	1
co/arr8wy04gsrt	1
odds	1
rio	1
co/w7llnimap4the	1
co/vxs8ev9ckp	1
eggs	1
answer‚Üíhttp	1
co/an6vjdn3wphelpful	1
co/40fxvl2pd0	1
co/loktjqyvgj	1
earth10	1
exit	1
mailbox	1
full-size	1
animated	1
view-capturing	1
co/9421ztmxnogood	1
sameach	1
aim	1
minorities	1
io14‚Äîsee	1
co/x4dmzopmjitell	1
skilled	1
connect?	1
crew	1
co/u2fdp7rqzahappy	1
flip-phone	1
duis	1
co/8fdmdp5wsj	1
vacation	1
co/rtwr6j70r7	1
gratulation	1
craving	1
co/drmiwv4mza	1
sarah_hyland	1
jews	1
co/xy4xfuf2v4	1
co/x9pnbpsxatrt	1
tacos	1
prototype	1
smithmegan	1
co/n5nnb8seknwhat	1
curated	1
co/fruu2mj98g	1
heidiklum	1
royal	1
co/tq3gtuusu7new	1
movement	1
meme-ory	1
co/00g5x88mef	1
co/clxnfnnpptsharks	1
body	1
brains	1
co/z0la67dvjhrt	1
co/gur4qp4oeh	1
snow?	1
co/atngorboc7	1
co/ribklm01xysee	1
co/4ogdnjzeewthe	1
tbtsharing	1
tying	1
co/oghg37vtys	1
gyboweekapply	1
fingertips	1
gigapixel	1
co/txlagv7h8phaving	1
obamacare	1
ama	1
co/tmax5aa3h5	1
co/legpyg6ehhit‚Äôs	1
prayers	1
sweatpants	1
jumping	1
equipped	1
instacart	1
simpler	1
ron	1
co/spubd8iif9rt	1
co/uywfzrfpugonly	1
chemist	1
router‚Äîand	1
co/rtya6cn5hawhat	1
assassinated	1
ant	1
matter‚Äîshare	1
ei14	1
co/wlhtajc6lxking	1
co/p5zywuznwe	1
ht‚Ä¶today‚Äôs	1
28-29	1
starring	1
‚Äúplay	1
artist‚Äô?	1
foods	1
indyref	1
taste	1
co/jkebzjf7vlclose	1
cake	1
english	1
poverty	1
co/jujbophvmw	1
co/v0blcssy3uhot	1
dark?	1
co/n2rdylbyllcrouching	1
spirits	1
recipients	1
agnesi‚Äù	1
calculations	1
zulu	1
increased	1
co/dpj‚Ä¶sauce	1
co/xyssjlvzc95	1
co/vlbbmv8mtqno	1
co/tjupkciiet	1
cried	1
ncaachampionship	1
co/h60li09k58	1
co/zcdzru07oz	1
co/‚Ä¶icymi	1
came	1
patience	1
ari	1
¬£500,000	1
tiki-taka?	1
emojis	1
co/1f4ip7ab9preal-time	1
co/e8qs59n87m	1
nedvsmex	1
empower	1
co/prvrlpnxql	1
co/4kcerowuu3	1
timhowardgk	1
nationalicecreamday	1
rachel	1
host?	1
floydmayweather	1
officer	1
co/ilqbrvxs9guse	1
mitch	1
mother	1
rus	1
protests	1
all?	1
·Äô·Äº·Äî·Ä∫·Äô·Ä¨	1
co/jtvuaz3bbirt	1
co/ql8azzxv3heu‚Äôs	1
co/dk260jgd9cwho‚Äôs	1
co/mu8inbsd8h	1
co/qzeamccjksrt	1
camp	1
spaces	1
aus	1
crunch	1
mood	1
co/zzhcfo9six	1
co/5zvs0bfndythis	1
approaching	1
co/buids7oj8f	1
whatmakesushuman	1
co/5mkefbr9zm	1
co/pnlrvjddpmand	1
nationalcoffeeday	1
co/uz‚Ä¶you're	1
/‚Ä¶special	1
co/i3iq3yfgpb	1
co/gihwu7jra2rt	1
co/isw7g8hxuoever	1
introduce	1
co/6ucrsjl0i1	1
irene	1
co/eaw8oxpuxs	1
co/thyssw152e	1
co/pnwaqhimi6events	1
duty	1
moms	1
seder	1
leader	1
co/yngpvat1ij	1
co/c7sjisofxa	1
'tis	1
developers	1
pledged	1
co/q0tyuv6ti8rt	1
barackobama's	1
means?	1
piano	1
co/0hv1j9kwttjoin	1
cash	1
co/g5z0xsvok0overnight	1
messi?	1
co/pwzyaktpqo	1
hollywood‚Äôs	1
saving	1
awarding	1
jungle	1
co/ljggfju1ym	1
during/after	1
pattern	1
smartbox	1
co/v7mjb5wdmg	1
glorious	1
lost‚Äù	1
mannypacquiao	1
co/uuthnlv6fg	1
born	1
display	1
c‚Ä¶introducing	1
baberuthday	1
co/6jz8frkel0	1
anytime	1
outside?	1
co/i2otxj1xxyrt	1
cats	1
same-sex	1
(h/t	1
rise2015rt	1
co/2j‚Ä¶rt	1
cortana	1
co/aotrkqvze5	1
vint	1
co/p‚Ä¶rt	1
co/h7dwb2seiutraveling	1
talent	1
t‚Ä¶keep	1
connections	1
pridecast	1
kind	1
co/5lmoq9ilcu	1
co/acfu8i4ffw	1
co/urisp5rgejhappy	1
59pm	1
co/ijob16lfzm	1
co/ocrebdneau	1
cambodia's	1
men‚Äîto	1
co/k4whafw91cdueling	1
co/fdd2qgbmqrbernard	1
co/zwjzmtsn9srt	1
usopen	1
co/qguldu6xwosee	1
australia‚Äôs	1
usnatarchives	1
understands	1
causing	1
patient	1
pope‚Äôs	1
san	1
co/d2svwwdpmcrt	1
sandwich	1
sax	1
‚Ä¶get	1
co/jb0rseu9qwfrequent	1
co/9u4igzgkgqbig	1
co/al8zkenrndhe's	1
guests	1
organizations	1
bb8	1
co/zd61owhrt3	1
hopper	1
80yearsofjanetypical	1
climbers	1
bad	1
bag	1
‚Ä¶interactive	1
2014‚Äôs	1
dishes‚Äîhost	1
bar	1
co/mpfqvysk56are	1
samsmithworld	1
co/cc0scoq1rj	1
soaked	1
personal	1
pie-related	1
co/vjkrmr0ddnhe	1
bbq	1
co/0rrjoijrtyon	1
googledevs	1
vermeer's	1
globe	1
submitted	1
victorious	1
‚Ä¶something	1
co‚Ä¶from	1
puppypower	1
sec	1
nationalcatday	1
co/9nltok7jupwith	1
dear	1
co/irahatwwigrt	1
be?	1
cocorocha	1
co/kxjtzktzni	1
co/96w64abxsnliving	1
co/3hqnsbt6qk	1
19¬¢/min	1
practices	1
co/eiwlgt7c6i	1
admiration	1
co/r‚Ä¶search	1
janegoodallinst	1
petition	1
diagnose	1
co/gkffgavg2c	1
austin's	1
co/ga7xefzdd3	1
onthemap	1
bel	1
‚Äúpounds	1
co/vltqs1z8eclooking	1
co/h4szw7nodkrt	1
co/6xwytboamyrt	1
marriages	1
bet	1
baking	1
shipping	1
‚Ä¶faster	1
co/bjjmrsolqetoday	1
ss16	1
hughes‚Äô	1
‚≠êÔ∏è	1
vines	1
lie‚Äîlooks	1
co/e94p5yrnnjtoday	1
knesset	1
civilrightssummitexplore	1
parade	1
explained	1
missy	1
co/sswberozqytoday‚Äôs	1
dial-up?	1
co/148n4ybekufrom	1
co/4ii5yxikmqready	1
co/gfshwvjze8he	1
co/it7cwumigb	1
brilliant	1
co/e6t49ehcbr	1
living	1
1/31	1
co/iut2yhwlmlsmartbox	1
co/k9eyg6ogdvwant	1
co/dnwpiyjhc5hard-to-guess	1
sergey	1
avoid	1
bid	1
fresh	1
*almost*	1
c‚Ä¶rt	1
co/mic8g76rdjrt	1
co/fkyonwafqwrt	1
co/hu1lk2omi0a	1
nations	1
co/jmpgaflupnimprove	1
‚Ä¶we	1
improved	1
co/jegx8wflxmrt	1
co/wojga8oopu	1
model	1
co/rbzpc4vhe9in	1
surface	1
giferator	1
animal?	1
mpaa	1
woohoo	1
country‚Äôs	1
androidify	1
commemorates	1
co/tlldgxmaus	1
nimoy	1
weekend	1
co/whj8aylaurcatch	1
legends	1
question(s	1
halftime	1
co/dwpu3icbjoready	1
co/uzovqui4qsuk	1
hopefully	1
glxp's	1
googleserve	1
bly	1
recaptcha,‚Äù	1
parkinson‚Äôs	1
co/fgebhjht9t	1
amal	1
improvements	1
cortisone	1
rogen	1
co/44cdplzmeaso	1
co/xf02vkw2b7not	1
suffix	1
icymi	1
roger	1
theirc	1
co/4cqscdxseuharry	1
son	1
1-2	1
co/uo32zfhsjihappy	1
soy	1
really?	1
co/nugzkkj6a5no	1
nicklaus's	1
photoshop	1
co/juphadvmpart	1
co/z0dxnbs1towant	1
gladiators	1
announcements	1
tense	1
co/591yxaa04x	1
co/merujmkcpp	1
co/kgicnzlhkv	1
co/v‚Ä¶rt	1
award?	1
co/qxb0871g5sthere	1
racial	1
üê¢üêµüê¨üêòüê†	1
switch	1
gervsfra	1
co/hzsxjvcg3iwe‚Äôve	1
co/xij7fdyqxlrt	1
nature	1
co/fnzvzblspa	1
sri	1
co/vpawthlwhw	1
cameras-impact	1
100	1
101	1
co/3fr7ljblyltop	1
co/1gs6ulylb2	1
co/33yx3ctspe	1
co/wc2zhd7bpc	1
baltimore	1
counts	1
co/9bekhyijau	1
county	1
animate	1
co/t6w12nrzlhthank	1
scandal	1
horrible	1
mobarak	1
friend	1
co/y96qnf0i7rpalcohol	1
berlin?	1
australia	1
co/r5tq5vtrnmhbd	1
ausvsned	1
10m	1
morning	1
121	1
co/fvglcgpmw5	1
mission	1
istandwi‚Ä¶1	1
10x	1
co/kq4nfeiizsfrom	1
crawley	1
stops	1
autumn	1
lessons	1
worldnutelladay	1
passthetissues	1
sun	1
co/en2mqc3p9c	1
santa?	1
co/nsfz5gtqvra	1
-gesture	1
co/upnfks8fz4explore	1
maker	1
co/eupu1ssglv	1
beloved	1
realnessie	1
bravscam	1
contacts	1
unsurprising	1
bus	1
symbol	1
co/zguzwtrbi1	1
133rd	1
co/3fhbfxcomi11	1
150	1
scholarships	1
lovejo	1
co/5jizhjkujoget	1
co/8w5qlksfkrcomic	1
co/f3wlxfab1a	1
co/fm0bhoqmwy	1
co/lkwjy5q8wc	1
co/v4vjpof4dqdashing	1
co/ml2gnybnulthe	1
unfolding	1
co/t9h493gupsa	1
adults	1
15k	1
fooling	1
co/rtxmqpv8bl	1
co/rgcgufythptake	1
googlede	1
co/esxt1qsdppit‚Äôs	1
15x	1
backing	1
stomp	1
co/r3o3yvvqer	1
successful	1
co/azrnbhde0hmeet	1
worldemojiday	1
co/avkbq9qvps	1
co/oh4mxa2eri	1
co/gerbmbfoyothrow	1
co/htbkz1khedithaca	1
norman	1
co/trwnehhe8ktoday	1
drought	1
co/1vdgpulq4crt	1
co/c7vphjjxzwrt	1
co/6yif2yonmmif	1
cindy	1
co/bstj6jxgix	1
co/uhp2a3qtxwpokemon	1
co/rcbvwtd8im	1
co/6z2ycajoupit‚Äôs	1
co/2vbs0r3fva	1
efficiency	1
co/c2y2grivc7not	1
co/yqsmrlv3kp	1
co/hoh0ld83szwelcoming	1
ducktales‚Äîspiked	1
doubtfire	1
co/wlocznhuhirt	1
co/yelllb04oz	1
jonstewart	1
racing	1
flag	1
howgoogleworks	1
james	1
co/w9sjr80q05rt	1
rode	1
aurora	1
rock	1
restaurant/hotel	1
co/aom8bqdvgkrt	1
internet‚Äôs	1
argvngr	1
co/imrrmhcsynchag	1
co/4fasdus3rmnoboa	1
co/pyxxlncy3a‚Äúwhen	1
un_women	1
filter	1
co/ym7oph73u0	1
co/cew5q5pull	1
co/v4ggfk0logmen‚Äôs	1
capitolrecords	1
co/eag1dvojvxlet's	1
co/gr9ntfyyikthese	1
co/wvyuifknngwith	1
co/yzbv6ja1qj	1
cooks	1
well?	1
phnom	1
growing	1
co/wodbbudr0owith	1
follow-up	1
co/bn‚Ä¶rt	1
co/rqp6x2e7j4how	1
tab	1
co/wuphz7q3oq	1
co/4acbkbaicfrt	1
ninjas‚Äîtime	1
co/wqtucf3xhu	1
saga	1
tar	1
serenawilliams	1
tax	1
towards	1
lovers	1
it‚Äîthe	1
co/u09gufhr6bno	1
auschwitz70	1
files	1
co/zzeyrvxzey	1
balls	1
stout	1
shinebright	1
graham	1
eggnog?	1
cai	1
nprfood	1
drama	1
cafes	1
flew	1
topped	1
alarm	1
wells	1
co/g72kwb8j49rt	1
cleaning	1
illustrious	1
racism	1
co/qlzi‚Ä¶if	1
africa‚Äôs	1
co/bymw9ocmowattention	1
fault	1
chrometip	1
response	1
co/sehftqntyy	1
co/h06ro35e0cthere	1
arguments	1
