parking	515
park	223
car	210
sf	200
get	171
time	164
use	139
valet	122
free	118
home	113
today	112
w/	109
first	109
via	106
tonight	102
app	100
just	95
code	91
new	90
let	88
service	87
great	81
day	80
drive	74
now	69
la	65
promo	65
take	65
experience	64
love	63
check	63
game	60
city	59
make	58
used	52
thanks	52
philly	48
best	46
see	43
way	42
seattle	42
curtislee	42
save	40
boston	40
sure	39
like	39
using	38
one	38
week	37
night	37
looking	36
holiday	36
drop	36
try	35
weekend	35
credit	32
got	32
valets	32
awesome	32
hours	31
last	31
team	30
back	30
excited	30
san	30
need	29
help	29
driving	28
happy	28
ready	28
spot	28
care	28
parkingsolved	27
launch	27
live	27
tried	26
going	25
want	25
meet	25
friends	25
sfgiants	25
francisco	25
go	24
on-demand	24
find	24
work	23
know	23
tomorrow	23
next	22
before	22
safely	22
easy	22
amazing	22
services	21
$20	21
much	21
chicago	21
request	21
dl	20
wash	20
ever	20
coming	20
again	20
1st	19
spend	19
gas	19
street	19
less	19
nyc	19
santamonica	19
‚Ä¶rt	19
circling	18
stop	18
easier	18
around	18
market	18
friday	18
event	18
cars	18
morning	18
safe	18
year	17
learn	17
startup	17
never	17
please	17
worry	17
party	17
away	17
enjoy	17
even	17
every	17
block	16
20	16
win	16
$15	16
st	16
perfect	16
handle	16
join	16
download	16
thank	16
making	16
lot	16
minutes	16
miss	16
support	16
hour	16
getting	16
better	15
thing	15
tech	15
look	15
karascupcakes	15
grab	15
head	15
sign	15
spots	15
thanksgiving	15
life	15
list	15
pin	15
hope	15
soon	15
covered	15
yourself	15
after	14
parking?	14
apps	14
$10	14
late	14
monthly	14
demand	14
customer	14
traffic	14
open	14
we‚Äôll	14
family	14
town	14
come	14
attending	14
phone	14
avoid	14
big	14
ceo	13
good	13
starts	13
end	13
special	13
events	13
stress	13
world	13
days	13
giving	13
fill	13
people	13
celebrate	13
favorite	13
bay	13
change	13
office	13
mission	13
tap	13
concert	12
watch	12
right	12
food	12
changes	12
heading	12
sanfrancisco	12
point	12
saturday	12
guys	12
drivers	12
opening	12
provide	12
driver	12
give	12
oil	12
pretty	12
everyone	12
austin	12
impressed	12
seahawks	12
weekend?	11
made	11
plan	11
vs	11
changed	11
magical	11
yesterday	11
sfrt	11
fans	11
sunday	11
officially	11
digitalla	11
shares	11
tonight?	11
keep	11
cost	11
york	11
monday	11
tank	11
2015	11
summer	11
convenient	11
congrats	11
thx	10
think	10
business	10
company	10
might	10
$15/day	10
announce	10
proud	10
without	10
extra	10
tips	10
headed	10
able	10
you‚Äôre	10
plans	10
customers	10
different	10
place	10
parkingsolvedrt	10
min	10
money	10
still	10
super	10
starting	10
details	10
cool	10
30pm	10
waitlist	10
working	10
downtown	10
really	10
pick	9
times	9
start	9
networking	9
instead	9
brunch	9
4th	9
early	9
pope	9
overnight	9
minute	9
hassle	9
dannpetty	9
well	9
full	9
feel	9
catch	9
note	9
july	9
iluxeny	9
return	9
dtla	9
ask	9
giants	9
simple	9
personal	9
store	9
guide	9
offering	8
4thofjuly	8
enter	8
partnered	8
hollywood	8
being	8
surprise	8
tickets	8
winter	8
spent	8
another	8
looks	8
hq	8
email	8
walklikemadd	8
area	8
wait	8
walk	8
things	8
commute	8
searching	8
show	8
‚Äî	8
loved	8
season	8
part	8
we‚Äôre	8
may	8
tonight's	8
thoughts	8
halloween	8
conference	8
garage	8
maddonline	8
problem	8
receive	8
future	8
anywhere	8
art	8
donate	8
saving	8
also	8
c‚Ä¶rt	8
makes	8
normal	8
drunk	7
/	7
sale	7
christmas	7
startups	7
possible	7
later	7
finally	7
schedule	7
today?	7
waste	7
woes	7
lakers	7
01	7
long	7
remember	7
30	7
many	7
delays	7
luxesweet	7
near	7
credits	7
reserve	7
guy	7
video	7
yes	7
something	7
finding	7
operations	7
clippers	7
post	7
6pm	7
points	7
shopping	7
parked	7
gets	7
jobs	7
lucky	7
available	7
hosting	7
staplescenter	7
ondemand	7
philadelphia	7
month	7
ideas	7
incredible	7
returns	7
partnering	7
rsarver	7
extratv	7
benjaminsdesk	7
date	7
ahead	7
talking	7
seamless	7
festival	7
thursday	7
series	7
designated	7
talk	7
tcdisrupt	7
seriously	7
heard	7
scheduled	7
dreamforce	7
space	7
through	7
case	7
little	7
sfparking	7
100	7
straight	6
top	6
beautiful	6
shows	6
forward	6
logo	6
economy	6
leave	6
kicks	6
la's	6
share	6
fan	6
worldseries	6
rain	6
cc	6
üîπ	6
won	6
needs	6
wsj	6
become	6
fun	6
faster	6
$50	6
at&t	6
thebolditalic	6
found	6
ends	6
hey	6
square	6
hot	6
waiting	6
dropped	6
cities	6
forget	6
fall	6
nice	6
providing	6
miles	6
annual	6
arrive	6
offer	6
7pm	6
hello	6
everything	6
missed	6
left	6
tomorrow?	6
washes	6
today's	6
blackfriday	6
merry	6
done	6
info	6
don‚Äôt	6
definitely	6
chicagoinno	6
htt‚Ä¶rt	6
dining	6
fight	6
fallinlovewithparking	6
closing	6
blue	6
nihalmehta	6
luxetip	6
simplified	6
employees	6
co/thmlfycap0	6
soma	6
additional	6
breeze	6
plans?	6
businessinsider	6
discolyft	6
co/kkgx2adkcf	6
enough	6
mariners	6
desk	6
$	5
(	5
shouldn't	5
centurylink_fld	5
tip	5
taking	5
cup	5
two	5
worried	5
holidays	5
friendly	5
tell	5
parkingwoes	5
25	5
stay	5
treat	5
techcrunch	5
weekendof	5
<3	5
smartphone	5
luxers	5
eve	5
skills	5
companies	5
thefightla	5
supporting	5
visit	5
panel	5
charge	5
partner	5
dc	5
wow	5
dine	5
subscription	5
hear	5
michael_nutter	5
hackathon	5
pm	5
brand	5
seat	5
closed	5
send	5
focus	5
bloomthat	5
philzcoffee	5
beat	5
sfrw	5
deals	5
beta	5
halloweensf	5
popeinphilly	5
lucky13	5
read	5
real	5
chifest	5
dinner	5
8pm	5
hacks	5
expanded	5
went	5
crazy	5
product	5
folsom	5
maintenance	5
quick	5
launches	5
someone	5
man	5
max	5
we‚Äôve	5
everyday	5
transportation	5
sweet	5
(and	5
nba	5
user	5
celebrating	5
location	5
magic	5
loving	5
redpointvc	5
pricing	5
trip	5
sold	5
since	5
luxevalet's	5
owning	5
price	5
thewarfield	5
anyone	5
lighting	5
posted	5
quora	5
pulled	5
infographic	5
df15	5
run	5
neighborhood	5
approaching	5
bar	5
set	5
craigjmartin2	5
parade	5
brilliant	5
friend	5
sun	5
idea	5
emmys	5
co/‚Ä¶rt	5
here‚Äôs	4
pier	4
amyyoz	4
hate	4
caldbeckj	4
time?	4
25%	4
easiest	4
hotel	4
$0	4
$1	4
$5	4
angeles	4
grand	4
baby	4
luxesweetwe're	4
lalive	4
40	4
advantage	4
co/7nxvlwisuj	4
10pm	4
users	4
called	4
luxehappyhour	4
keynote	4
expected	4
sharing	4
news	4
venrock	4
uniqlousa	4
luxeloot	4
outside	4
grow	4
üì∑	4
dm	4
ga	4
$13	4
places	4
$30	4
second	4
picked	4
expansion	4
shannondowney	4
ok	4
started	4
beyond	4
thru	4
lights	4
union	4
muni	4
almost	4
it‚Äôs	4
lane	4
billafox29	4
welcome	4
updated	4
hit	4
insidehook	4
luxeboston	4
sounds	4
answer	4
enjoying	4
menu	4
jason	4
breakfast	4
forgot	4
nike	4
$5/night	4
tough	4
touch	4
construction	4
reason	4
shop	4
vehicle	4
daily	4
front	4
‚Ä¶we're	4
tunnel	4
drink	4
7x7	4
affordable	4
side	4
restaurant	4
especially	4
coverage	4
between	4
cupcakes	4
greatest	4
limited	4
towed	4
ticket	4
$5/hr	4
retweet	4
attparksf	4
geoffreyfowler	4
district	4
pain	4
los	4
funding	4
bike	4
past	4
eats	4
mins	4
thrilled	4
beach	4
field	4
map	4
above	4
pd15	4
saved	4
saves	4
mayor	4
ride	4
gift	4
against	4
celebration	4
contractors	4
pull	4
line	4
pay	4
folks	4
pride2015	4
per	4
cause	4
latest	4
put	4
jackets	4
absolutely	4
rochoy	4
trying	4
branding	4
fidi	4
2014	4
curbedsf	4
reviews	4
host	4
drove	4
heart	4
inside	4
wants	4
wonder	4
solving	4
lakings	4
years	4
spear	4
kids	4
car?	4
android	4
signup	4
move	4
dinela	4
deal	4
sparklers	4
thankful	4
hollywoodbowl	4
1/2	4
prices	4
chance	4
road	4
lovewins	4
goes	4
unionsquaresf	4
aware	4
!	3
exciting	3
hard	3
tweet	3
order	3
newtechseattle	3
worked	3
sponsors	3
state	3
wasting	3
participate	3
metromile	3
buddytruk	3
laautoshow	3
‚ù§Ô∏è	3
creative	3
holiday?	3
build	3
cubs	3
losangeles	3
tommy	3
upcoming	3
lunch	3
helping	3
laclippers	3
bags	3
co/eh2qyto3vx	3
todays	3
dst	3
bank	3
11	3
15	3
labor	3
maps	3
co/corj2vawn0	3
bart	3
siliconbeat	3
lots	3
dashboard?	3
luxert	3
handy	3
luxelove	3
newco	3
planning	3
least	3
symphony	3
co/zusd5ywsg8	3
10th	3
(hint	3
2nd	3
summon	3
play	3
discounts	3
11pm	3
fix	3
grub	3
dr	3
dt	3
showtime	3
el	3
gm	3
50%	3
gave	3
$12	3
delight	3
3pm	3
üòâ	3
venturebeat	3
3rd	3
feeling	3
mauriceedu	3
oh	3
convenience	3
12am	3
bridge	3
seen	3
co‚Ä¶rt	3
april	3
tonight‚Äôs	3
south	3
north	3
nightmare	3
follow	3
gkg	3
anthem	3
luxelife	3
alvieshowtime1	3
narrativesci	3
musical	3
winner	3
lobcity	3
scottkirsner	3
amoodyknapp	3
gonna	3
circle	3
warm	3
sfmta	3
yet	3
co/n9mexgz4l1	3
chat	3
lounge	3
twice	3
13th	3
beer	3
groovin'	3
santa	3
cheaper	3
next?	3
sooner	3
cover	3
nightlife	3
actually	3
showed	3
safety	3
doors	3
anniv	3
runs	3
linkedin	3
rush	3
excellent	3
weeks	3
papalvisit	3
it?	3
fave	3
adjustment	3
testing	3
local	3
filled	3
worth	3
takes	3
oliver	3
helpful	3
myfoxny	3
runners	3
football?	3
totally	3
sponsor	3
whereuniqlo	3
difficulties	3
ianthebush	3
laist	3
break	3
postmates	3
level	3
lifehacks	3
social	3
hunterwalk	3
access	3
artists	3
addicted	3
nights	3
announcing	3
seeing	3
$20m	3
designersgeeks	3
leaders	3
parks	3
attendees	3
beacon	3
datenight	3
daylight	3
reminder	3
loves	3
fuel	3
nightmares	3
lbs	3
nbaplayoffs	3
availability	3
seattlemaven	3
nlcs	3
east	3
washed	3
monthlies	3
ryan	3
launching	3
supplies	3
signed	3
mention	3
co/xbdxoh4sfl	3
fees	3
designers	3
booth	3
shared	3
fell	3
mlk	3
andrewwenger	3
recently	3
beats	3
incredibly	3
forever	3
espn	3
whole	3
fest	3
internationalbeerday	3
movin'	3
technical	3
parkingtoday	3
told	3
nhl	3
rockstar	3
solved	3
can‚Äôt	3
co/q8aehfyqgc	3
here?	3
handful	3
bring	3
engineers	3
moscone	3
trouble	3
co/8p8wyltc1x	3
issue	3
lower	3
luxevaletrt	3
productivity	3
speaking	3
producthunt	3
old	3
awareness	3
solve	3
obsessed	3
puts	3
salesforce	3
trekking	3
discuss	3
coffee	3
design	3
marina	3
prize	3
co/uecs0vdstu	3
offers	3
premiere	3
options	3
light	3
travel	3
morning?	3
tree	3
glad	3
hurry	3
thurs	3
hunting	3
comes	3
thrillist	3
together	3
rental	3
evening	3
valley	3
dylanratigan	3
experienced	3
tcdisrupt?	3
stress-free	3
operating	3
yankees	3
update	3
fortunemagazine	3
agree	3
t‚Ä¶rt	3
charging	3
score	3
photo	3
congestion	3
already	3
maintaining	3
59am	3
sfmfoodbank	3
expanding	3
thought	3
co/efyzr05bkp	3
patience	3
call	3
nationalicecreamday	3
atx	3
holland	3
ave	3
truly	3
luxefact	3
card	3
anytime	3
spurs	3
sat	3
saw	3
guests	3
simply	3
sf?	3
living	3
obviously	3
fresh	3
frustrated	3
begin	3
behind	3
wheel	3
pleasure	3
stonesthrowsf	3
story	3
150	3
streets	3
w/out	3
co/buuge2oose	3
hacks?	3
hall	2
spreading	2
click	2
>	2
?	2
hang	2
turn	2
hand	2
resume	2
eating	2
converting	2
til	2
tix	2
provides	2
room	2
crunchies	2
ton	2
ain't	2
kudos	2
skateboards	2
chicken	2
jamesbgallagher	2
mattocko	2
co/0jeeubrtcldriving	2
weekends	2
friends'	2
probably	2
shout	2
donating	2
max_kellerman	2
kevin	2
paying	2
ultimate	2
shops	2
parkingsolvedget	2
concept	2
house	2
short	2
required	2
12thman	2
golden	2
ajrossabc7	2
h‚Ä¶rt	2
blown	2
co/qxdsrhpfga	2
stoked	2
monica	2
techcarnival	2
third	2
dec	2
stunning	2
giveaways	2
bkbchicago	2
returning	2
pound	2
showing	2
(&	2
up?	2
parading	2
text	2
status	2
dot	2
you‚Äôve	2
reserve_sf	2
300	2
usa	2
co/em8vloonbb	2
--	2
flowchart	2
veterans	2
included	2
night!rt	2
thread	2
1pm	2
invention	2
veteransday	2
6pm‚Äîhope	2
curb	2
12	2
august	2
31	2
nominate	2
50	2
59	2
dropping	2
achieving	2
60	2
mass	2
speed	2
apple	2
winning	2
luxe‚Äîwe'll	2
matt	2
word	2
across	2
identity	2
‚Ä¶heading	2
midnight;	2
walking	2
dolores	2
vip	2
us!rt	2
pinterest	2
spring	2
festival-goers	2
co/yqjbxitcqk	2
hardly	2
luxela	2
co/s5tumdwjuw	2
70‚Äîsee	2
investors	2
talentconnect	2
asked	2
francisco?	2
valet-parkers	2
yelp	2
followers	2
must-have	2
skateboard	2
godsend	2
fun-loving	2
betaboston	2
11am	2
structures	2
yet?	2
features	2
huge	2
superb	2
thurs-sat	2
button	2
memorial	2
fought	2
reinventing	2
far	2
fav	2
fridayfeeling	2
teckstco	2
luxehq	2
v-day	2
wed	2
explore	2
sulf	2
pleased	2
stuff	2
üëè	2
üëç	2
üëä	2
luxedc	2
unveil	2
soccer	2
üíô	2
sfmasonic	2
staceydelikat	2
diff	2
womensexpouwe	2
former	2
foot	2
outstanding	2
launchmobile	2
nflplayerengage	2
dd	2
for?	2
‚Äúbest	2
ev	2
drinksontap	2
digital	2
fort	2
gate	2
hi	2
fri	2
createcultivate	2
‚Ä¶check	2
thirstythursday	2
knew	2
üòé	2
üòÉ	2
zirx	2
photos	2
mr	2
fox29weekend	2
plus	2
üôå	2
ny	2
rescue	2
sports	2
frustration	2
join?	2
sq	2
rules	2
commuting	2
co/vyad3ht1mohappy	2
ur	2
üéâ	2
ya	2
ye	2
co/8zlbytb1gw	2
üèÄ	2
abc7jonathan	2
nuggets	2
insight	2
fmanjoo	2
pickup	2
self	2
sales	2
welcoming	2
create	2
12pm	2
station	2
costs	2
introduced	2
laurenrinkey	2
weekly	2
hardships	2
kickoff	2
yours	2
roxyyoung	2
mobile	2
approach	2
lebron	2
intelligence	2
million	2
carlosgil83	2
co/yvgsinjqbu	2
philly?	2
apologies	2
discussing	2
vaccariously	2
must	2
yay	2
service!rt	2
wars	2
updates	2
wave	2
beyonce	2
tire	2
glennf	2
nyc?	2
ideas?	2
asap	2
hospital	2
chef	2
crowded	2
nyfw	2
$2400	2
createcultivatechi	2
too!rt	2
advance	2
court	2
owens	2
refills	2
7/4	2
co/0orhn2vocw	2
thevestrysf	2
bluefriday	2
questions	2
promise	2
easter	2
awesome!rt	2
chadwickaphil	2
featuring	2
cckarl	2
envy	2
swoond	2
action	2
5th	2
bigdata	2
relaxing	2
difficult	2
alynch1788	2
svsportsleague	2
empty?	2
fret	2
galaxy	2
face	2
y'all	2
tedxrainier	2
dropoff	2
fair	2
geekwire?	2
theater	2
value	2
fatimaralvarez	2
drivehome	2
anniecbrown	2
nailed	2
ios	2
8/6	2
kelda	2
close	2
sheraton	2
fast	2
workout	2
week?	2
co/6nu1h145xd	2
article	2
reserve_bos	2
number	2
experiencing	2
nothing	2
regencyballroom	2
6th	2
center?	2
oktoberfest	2
springrewards	2
jay-z	2
jay	2
ypos20looking	2
mobility	2
taken	2
calendars	2
dilemma	2
parties	2
worst	2
/‚Ä¶rt	2
luxesoma	2
learned	2
grind	2
lylemckeany	2
idf14?	2
$10k	2
you‚Äôll	2
important	2
job	2
'la'	2
rest	2
job?	2
sf‚Äù	2
phillyweekly	2
underway	2
words	2
entered	2
helps	2
visiting	2
signs	2
flowingdata	2
co/vyad3ht1mort	2
sick	2
soul-destroying	2
costume	2
works	2
report	2
googleventures	2
auto	2
work?	2
bunch	2
werunsf	2
raised	2
one-month	2
12-1pm	2
stopping	2
appreciated	2
painless	2
hill	2
co/x9i3xz7me2please	2
crosscampusla	2
night?	2
hustling	2
impactvcconf	2
hire	2
kid	2
ones	2
co/sqpqepo0fgrt	2
feedback	2
pioneersquare	2
women's	2
zipcar	2
impact2015	2
tired	2
lead	2
expect	2
anthonymaher12	2
park?	2
(per	2
match	2
eases	2
centurylink_fld?	2
prepare	2
seaport	2
teamed	2
co/60j0gmkjenrt	2
‚Ä¶	2
streetfoodsf	2
'dontmess'	2
erikvlugt	2
8th	2
citation	2
day!rt	2
(7/10	2
reminded	2
perfected	2
lets	2
burger	2
west	2
nyfw?	2
cnbcjosh	2
bigpayoffradio	2
ceremony	2
cluster	2
flawless	2
prep	2
neighborhoods	2
courtesy	2
pack	2
eric	2
studio	2
brickmortarsf	2
low	2
angels	2
pitbull	2
means	2
imkialikethecarwe're	2
fellow	2
launched	2
tipsypig	2
raiders	2
residents	2
ease	2
randizuckerberg	2
para	2
marcelluswiley	2
unbelievable	2
pingpongball	2
weworkchi	2
9pm	2
shoutout	2
handing	2
mind	2
mini	2
abigailschiller	2
london	2
neddevines	2
brings	2
bird	2
bite	2
blessed	2
devon	2
usually	2
feat	2
jessicascottllc	2
served	2
skip	2
mad	2
sfcheck	2
busier	2
dirty?	2
wonderful	2
quality	2
steveyeun	2
reddogsoma	2
karavan	2
xoxoluxe	2
v-day?	2
redsox	2
pastorrgmccarty	2
galvanize	2
installation	2
newcosf	2
include	2
receive‚Äîluxe	2
teslamotors	2
latimes	2
talks	2
music	2
dealing	2
upgrade	2
sfhere's	2
actsanfrancisco	2
ao619	2
anniversary	2
beantown	2
fitness	2
visited	2
sweat	2
üíöüíô	2
wanna	2
boston!rt	2
atxstartupweekrt	2
inconvenience	2
cnbc	2
talented	2
nominations	2
slcards	2
professional	2
ddukes	2
luxephilly	2
slow	2
maybe	2
recommend	2
lincoln	2
absolute	2
maypac	2
19th	2
tacolicious	2
solves	2
risk	2
luxemission	2
lives	2
ladies	2
heads	2
whip	2
survival	2
alone	2
hottest	2
parallel	2
uses	2
nye	2
co/rqkuoi8xcz	2
turning	2
innovating	2
innovation	2
image	2
chicagotribune	2
isn‚Äôt	2
carol	2
obnoxious	2
downtownartwalk	2
edge	2
claim	2
meter	2
chosen	2
passionate	2
co/zeokw73dww	2
gotta	2
hallow‚Äôs	2
gameday	2
checking	2
worldseries?	2
buying	2
lawrocks	2
ensure	2
destination	2
cold	2
damn	2
co/7mkkt3qmip	2
distribution	2
startupleaders	2
maddonline's	2
apologize	2
amazed	2
referral	2
co/60j0gmkjen	2
ending	2
efforts	2
proposed	2
ground	2
tuesday	2
hill?	2
challenge	2
chatting	2
wild	2
snap	2
co/yfr52gxmwi	2
rides	2
begins	2
investing	2
you?	2
wine	2
independent	2
sfmta_muni	2
blvd	2
americans	2
faces	2
wish	2
westlake	2
all-day	2
meetings	2
home‚Äîwe'll	2
maggielake	2
phl	2
mariner's	2
pic	2
i8joe	2
members	2
iknowchicago	2
kings	2
attpark	2
squawkcnbc	2
chief	2
luxeandroid	2
luxevalet?	2
fantastic	2
interested	2
meeting	2
newtech	2
rooftop	2
marathon	2
kerby	2
genius	2
ypos	2
homeaway	2
phillybusinessrt	2
january	2
organized	2
sfgate	2
workshop	2
kennykkim	2
process	2
phillydotcom	2
happen	2
venture	2
route	2
beepi	2
evakhoo	2
diego	2
oscars	2
stadium	2
writeup	2
enrique305	2
health	2
e32015	2
baycities	2
co/4pbded9rwi	2
transforming	2
transit	2
sportslock	2
ypofs	2
falling	2
valeted	2
jowyang	2
co/lvvajdxi4rrt	2
co/rwnepzf4mu	2
luxeseattle	2
goers	2
asw15	2
whiskiedginger	2
games	2
staples	2
welcomes	2
(thanks	2
pride	2
dcvc	2
requests	2
game?	2
wherever	2
prefer	2
currently	2
round	2
angbaldwin	2
rad	2
ran	2
promenade	2
tomorrow's	2
add	2
co/q8aehfyqgcrt	2
scoot	2
hoteltonight	2
movie	2
presenting	2
air	2
speak	2
venice	2
ala	2
als	2
hiring	2
canned	2
instacart	2
row	2
potus	2
accurate	2
df14	2
resort	2
ciclavia	2
came	2
meetluxe	2
noticed	2
refill	2
kick	2
officer	2
patricks	2
newest	2
spaces	2
boom	2
book	2
richdemuro	2
co/xttpvevapk	2
luxebostongoing	2
protect	2
scooter	2
forbes	2
parkluxe	2
kind	2
time_for_suppa	2
‚Ä¶if	2
album	2
increase	2
hemang	2
nflpe2015	2
dear	2
cnn's	2
subscriptions	2
stroll	2
typically	2
select	2
30-8pm	2
'invite	2
mekosoff	2
boo	2
demo	2
highly	2
101	2
106	2
counts	2
reddit	2
ktlart	2
btw	2
rahulprakash	2
buy	2
hassle-free	2
nightout	2
luxebostondon't	2
thekenyeung	2
satishd	2
sic2015	2
weather	2
james	2
brannan	2
flat	2
suggest	2
begun	2
tremendous	2
growing	2
ugly	2
towards	2
tbt	2
tune	2
award	2
smooth	2
nicely	1
half	1
unavailable	1
quickest	1
co/sn3kndlgzkrt	1
ten	1
energy	1
parkingwe're	1
'	1
windycitylive	1
hornets	1
soon!it's	1
co/6kjbwekhah	1
;	1
co/v1u0g4ce3c	1
parking70+	1
telling	1
hough	1
easter!luxers	1
role	1
co/y6pyxobpqxfor	1
co/c9v81rnkno	1
10/6	1
mayweatherpacquiao?	1
technologyrt	1
pier39	1
disruptsf?	1
parkinghow	1
taylorswift	1
mariosundar	1
co/49bk948h8di	1
co/lpbij2w‚Ä¶enjoy	1
readers	1
sunset	1
co/shmsiimfmfhere's	1
pier48	1
kruzeconsulting	1
empty	1
romp	1
artsdistrict	1
fantasy	1
ncaa	1
wilshire	1
co/ocy32idrtr	1
gone	1
100x	1
sang	1
sherpafoundry	1
gorgeous	1
carlilloyd!rt	1
7am-5	1
brightcaller	1
heathermkoski	1
proactive	1
co/wfnbsjbvqrwe'll	1
luxelifedriving	1
co/yqjbxitcqkdon't	1
90‚Äôs	1
co/txl0lm5tzvdrive	1
kiro7seattlemore	1
aparnamuk	1
frantic‚Ä¶if	1
co/eifwhehsu5rt	1
dreamforceseattle	1
co/ajxo9z9xq4here's	1
storytelling	1
letsdothis	1
alonzobodden	1
hats	1
tripping	1
winklevosscap	1
flashing	1
ecosystems‚Äù	1
flow	1
tripsy	1
worksmartphl	1
traveling	1
seafairfestivalyour	1
mak0ski	1
co/fipum2jnm1hey	1
barackobama	1
nightclubs	1
krystaelaine	1
women	1
plugintodan	1
co/mwkbaadcix	1
co/via6btnpvrdid	1
(starting	1
co/ptl2ji83anrt	1
co/cdtkuefv8prt	1
co/oxya9zagdfrt	1
alums	1
fynesy	1
co/py6uilfchi	1
thegrammys	1
avail	1
co/ycwzyuruuwrt	1
famous	1
additions	1
question	1
spirit	1
asian	1
mrtonyhale	1
co/r1jyza7kzhtwo	1
stressful	1
rose	1
thousand	1
say?	1
con	1
co/vy83szrff7	1
findings	1
smnt32	1
casey‚Äôs	1
smnt29	1
parkinghey	1
including	1
co/ysjddat‚Ä¶rt	1
markets	1
c‚Ä¶dine	1
became	1
austinparksfdn	1
papalvisitrt	1
ybitcoin	1
runningdmc	1
lorikmann	1
luxuryonabu‚Ä¶rt	1
co/mci9sxyxj0hello	1
co/lekx2oeaycthat	1
direction	1
bachelor	1
co/dssmqwj7kart	1
co/2qnhneiqsjrt	1
happyeasterrt	1
sketch	1
herbalife	1
kamalravikant	1
exceeds	1
dianeamos	1
nyertechmeet	1
headlights?	1
co/hurhwespry	1
worker	1
co/r4ao0vjshqartist	1
picks	1
tcdisruptrt	1
curing	1
co/nww495polafirst	1
ht‚Ä¶rt	1
ryanl‚Ä¶big	1
co/kb3ys0lvhygreat	1
thedooronline	1
santamonicapier	1
latte	1
co/aj34sha3au	1
attack	1
ive?	1
co/h9uyxf13s5	1
weekends?we're	1
ucbfranklin	1
co/rjrusgwgw1hey	1
serviced	1
co‚Ä¶los	1
venuetradeshow	1
wooconf	1
johncolins	1
anne	1
shop?	1
co/xb3slivxcuthis	1
co/w807jm2fwzrt	1
volunteering	1
htt‚Ä¶happy	1
co/ppztfjpxge	1
co/knnegkfklgwe're	1
actual	1
glass	1
reflection	1
somastreatfood	1
olivercameron	1
surprising	1
crazy;	1
giltcity	1
thumbs	1
memory	1
farmers	1
cah‚Äîwhen	1
justluxeit	1
¬øvienes	1
https‚Ä¶going	1
co/7wcd2zkwbfthe	1
newyorkerfest	1
easier?	1
unionsquareshop	1
alyssargreco	1
stars	1
jmscgry	1
before?	1
marvel	1
barsajor	1
judithcoley	1
rewarding	1
attitudes	1
chifilmfestrt	1
savings	1
spaceman?	1
bloombergnews	1
flowers	1
gametime	1
easypeasyrt	1
out‚Äîtap	1
s‚Ä¶rt	1
sfexaminer	1
co/5jssz6csxl	1
bright	1
avibuffalo	1
brooklynfor	1
laistrt	1
leanneknowlden	1
htt‚Ä¶you	1
seattleinteractnext	1
wallet	1
co/fq8jlxutl6	1
pipeline	1
pacthobnob	1
co/4um2itgzru	1
hanging	1
h‚Ä¶w/	1
endorsement	1
leolaportesan	1
co/qmhl4jfptp	1
dad	1
flames	1
dan	1
co/grcq4afj91rt	1
munchery	1
ucb	1
audible	1
data40	1
co/trimcwzolp	1
trucks	1
keeps	1
parke‚Ä¶rt	1
sethrpage	1
for?http	1
drinking	1
co/lmchrhpcnbrt	1
created	1
mu‚Ä¶congratulations	1
sfiff58	1
truck?	1
co/yqjbxitcqkwe	1
co/qxdsrhpfgawe've	1
20mins	1
24/7	1
stacked	1
niners	1
co/1jwktqs8dkweekends	1
logistics	1
comedian	1
co/puziytppin	1
makercity	1
co/ym5jns0ehvin	1
co/kfhpq9vwdycheck	1
co/60j0gmkjendriving	1
22nd	1
ues	1
co/chthsqzdhplike	1
ucsfchildrens	1
m-th	1
victoriacouch	1
gingerbread	1
lajuniorchamber	1
springbreak	1
recommend‚Ä¶rt	1
americanhustle	1
diamond	1
luxenycdon't	1
ufc	1
nascar	1
michaelfl0res	1
luxeaplha	1
citylightshere's	1
any?	1
co/ref8mpvotk	1
mixing	1
side!thanks	1
presidents	1
areas	1
dlindsey31	1
dev	1
11/1	1
co/dpgft98lskit's	1
growthchat	1
jiffy	1
announcement	1
betahey	1
haight	1
saxophonist	1
orangeoctober	1
co/janp9d3yvqrt	1
co/vyad3ht1mocan't	1
fathersday	1
spots?	1
co/x3ear1b8zbrt	1
sajor	1
coteriework	1
parkwithluxe	1
average	1
cityscapeas	1
whatthefeesh	1
been!rt	1
year‚Äôs	1
choosing	1
1,500+	1
journal	1
grass	1
unlike	1
brag	1
beautiful?	1
amaz‚Ä¶looking	1
philapact	1
co/sorp9vwogn	1
chestnut	1
ariannahuff	1
co/tnyeom43ovhttp	1
areart	1
stage	1
smoothest	1
borrow	1
jholman23	1
spotlight	1
$$	1
credit/free	1
co/huxnznrvne	1
$6	1
brianrumao	1
co/uoivpxqqp1here's	1
amazingly	1
possibly	1
uniqloseattlert	1
handstandapp	1
journey	1
seeninsf	1
winners?	1
enforcement	1
google‚Äã	1
‚úåüèæÔ∏èrt	1
publicly	1
feast	1
busines‚Ä¶heading	1
co/zdrg‚Ä¶rt	1
co/d4exvswld3erin	1
sirens	1
vmworld2015?	1
excursions	1
jessicakia	1
santamonica?	1
distract	1
occasion	1
pumped	1
woah	1
w/a	1
9th-12th	1
states	1
co/3eid5uuwcq	1
houston	1
ferry	1
chrisatdomo	1
keegansard	1
parkers?	1
cherublamusica	1
co/rw2eeyk4jldon't	1
relax	1
madison	1
co/edpl0pbgaysee	1
skeuomorphic	1
expands	1
luxeseattlewe're	1
co/mt2‚Ä¶rt	1
co/anndqrpccf	1
abc7news	1
grant	1
happymothersdayheaded	1
üíïüíïrt	1
w/parking	1
rivalry	1
co/ho7hmvgaufthe	1
pitch	1
betsysalkind	1
kindness	1
juanarreguin	1
madd	1
today;	1
parking-	1
electrical	1
brew	1
$2150	1
hoping	1
sfiff	1
co/yi7eznxjujrt	1
nhlwhy	1
thumbtack	1
fewest	1
dog	1
co/sw3cz9pko3	1
(i	1
drones	1
portugal	1
co/2fyi62yq8k	1
coalition	1
co/5ilopokryodo	1
knows	1
us?	1
30%	1
amazingrt	1
30+	1
30?	1
rockets	1
main	1
tejaltshah	1
luxenyc	1
sfmta_sfpark	1
bostonxmasfest	1
vedge	1
summoning	1
kelly_clarkson	1
luxelives	1
crowdfund	1
mindofmiller	1
loft	1
dry	1
streak	1
m-fri	1
seattle's	1
->	1
out!have	1
co/tqytscs5k5android	1
co/pfz2ygkxu5	1
couldn‚Äôt	1
matusjon	1
ryan's	1
opportunity!thanks	1
co/3bkegbp50u	1
co/vyad3ht1mo	1
navigated	1
ball	1
sanfranciscochronicle	1
espys	1
vmworld	1
leehudson	1
labusque	1
co/obvogpdwgvthanks	1
duh	1
best‚Ä¶it's	1
co/rcuogalpgw	1
prolixmonkey	1
looove	1
co/eobhq05qde	1
happier	1
blakemichellem	1
banh	1
1/10000th	1
kirklove	1
singing	1
indiegogo	1
17	1
18	1
/w	1
co/bo1wy2z0lccheck	1
benefit	1
parklet?	1
co/qrb7vtbzpu	1
24	1
worlds	1
26	1
28	1
helpusroarin	1
shnsf	1
ericlmitchell	1
industry	1
therealredman	1
co/qajtzhicwl	1
inconvenience!in	1
cute	1
‚Äúone	1
droppoint	1
co/60j0gmkjenhappy	1
3+	1
co/j6bx9d4qi7company	1
violence-free	1
chargers	1
4!	1
co/uoan4f8yczyou	1
chinatown?	1
onekingslane	1
388	1
residential	1
co/ghkfaf85e9rt	1
progress	1
(including	1
seeks	1
lasts	1
üíöüíôhey	1
2x	1
numbers	1
co/ibvawpvoyr	1
tread	1
faresende	1
loot	1
co/wwksn8baot	1
54	1
songoftheyear	1
dinelart	1
5?	1
co/2qyqlgm4hdrt	1
co/khbezuqncdtonight's	1
cybermonday	1
disrupt	1
nuts	1
co/gl3ax‚Ä¶rt	1
lord	1
co/sk7y2abr11with	1
co/l9fzjykwwx	1
there!limited-time	1
70	1
co/dajct4ysitdinner	1
twin	1
apply	1
mary	1
sftonight's	1
tough‚Äîparking	1
12-foot-tall	1
sangennaronyc	1
badboys	1
franciscan	1
85	1
parklets	1
mark	1
stem	1
co/kzi5gqxnqnrt	1
trend	1
logistical	1
co/kljpejilpirt	1
co/he69f2fevu	1
spotted	1
loss	1
co/lozygotb1kdiscover	1
incentive	1
co/g6yrl9kchiwe're	1
natomacabana	1
co/jodp1il1ce	1
workforce	1
wit‚Ä¶heading	1
blends	1
co/qmaftdmltq	1
van	1
no-parking	1
seattlecenter?	1
lose	1
spoiling	1
denny	1
chicagoclean	1
transportationrt	1
co/y3j7pn7rzi	1
111minnagallery	1
co/2dafayynq3how	1
extension	1
jenella's	1
co/dl9sjbgbbewe	1
co/2bumes7yjiif	1
secret	1
uber-ing	1
partnerships	1
winner/day	1
eat	1
bkbchicagov	1
popeinnyc	1
co/jzrbhbinzjday	1
co/hx4nime5w0	1
vcs	1
http‚Ä¶we're	1
parkingstay	1
co/m19llggkrg	1
access+$15	1
stressed?	1
seventymeters	1
myluckyday	1
cloud!	1
co/x9i3xz7me2	1
co/hygfletjvs	1
y‚Äôall	1
exploration	1
co/e0n4plqbcvtell	1
rpaulindaigle	1
witho‚Ä¶rt	1
‚òÅÔ∏èüöô	1
co/fpx9pz7‚Ä¶rt	1
homejoy	1
honored	1
seems	1
santacon	1
>>	1
10-12?	1
spoonrocket	1
nanam1018	1
co/gizud2y60yrt	1
platform	1
popeinphlrt	1
co/uiz‚Ä¶philly	1
i‚Äôve	1
techhacks	1
improv	1
nationaldogday	1
battlefield?	1
stolen	1
eh?	1
hands	1
rawrseg	1
co/ci5ycbksuort	1
üëçüöô	1
(image	1
faneuil	1
neat	1
visual	1
gilpenchina	1
co/zw3vxsdiufeasing	1
biased	1
leaves?	1
inspired	1
co/60j0gmkjenroll	1
notch	1
hejdoll	1
stow	1
co/r08dqgkozwfree	1
thrillistdrive	1
jingchik	1
co/6txjq7sx8nseahawks	1
co/cp4gnsd0txrt	1
shaig	1
iotsummit	1
co/6ikbelenwdin	1
co/9ekd3d4lipattending	1
wouldn't	1
ryanintheus	1
sf!make	1
co/aoht3wchbx	1
heathersomervil	1
co/jlsapgfbgvrt	1
co/x2mujoyhfbneed	1
ridiculous	1
davemorin	1
üëçrt	1
co/tffobjzpdb	1
loserboy	1
taskrabbit	1
üëçüòç	1
co/6kdwikxnn6i	1
notes	1
swankywineshop	1
taxis	1
üôåüèº	1
official	1
co/q6juhm675ohappy	1
venturebeatremember	1
co/nz1pzi21f7	1
co/cabzgsniu8last	1
nathan	1
trendsetters	1
co/gevdtcuipjheads	1
chicagowe're	1
co/ovjjpeq3ep	1
often	1
ajmesserli	1
lolindasf	1
scicekoglu	1
co/tyodpqs6em	1
marklarosa	1
co/xbdxoh4sflwhere	1
brava‚Äôs	1
sleeping	1
co/xvssmdrngt	1
co/q66xhsupmonew	1
co/jb8ez0flkc	1
co/pqsy8dnsztrt	1
vow	1
co/rei4zot967	1
seetherofficial	1
co/wqgby6w0wu	1
dammit	1
redsoxnation	1
techrt	1
co/let79ulikr	1
dropkickmurphys	1
environment	1
peopleconnects	1
happens	1
businessinsiderthanks	1
co/rgui1cg78y	1
turnt	1
turns	1
newly	1
co/werdl‚Ä¶use	1
6-8pm	1
chicagowe've	1
nyknicks	1
brave	1
austinparksfdndon't	1
luxe>bart	1
co/iwyeaq61eg	1
400	1
co/wtoc34ilis$5	1
fo‚Ä¶rt	1
405	1
co/mlspmdiagqfor	1
digitalmoney	1
co/hyt47rh3leinteresting	1
hadley	1
co/msc08jkcms	1
valid	1
goheels	1
ssff2015	1
wharton	1
angeles'	1
snowflake	1
thursday?	1
üêßüê•üêª	1
co/pdd98emglbneed	1
zazierestaurant	1
420	1
cobbscomedyclub	1
co/fvkjhev7im	1
co/qmlmafwxaurt	1
co/qupmexst6yrt	1
co/wg4zuynma2add	1
markesackett	1
co/tyywx0lwinwe're	1
techif	1
co/bvzgzlfoif	1
co/riftsehmwr	1
co/duxoxjngin	1
exploitation	1
eta	1
kshimmell	1
kkruse	1
mikezoller	1
co/0dx00f56kort	1
below	1
estate	1
runway	1
co/nrvbq5t7ws	1
2pm	1
careers	1
co/xmafbzakp9rt	1
co/uaoqqeq1bm	1
technicallyphl	1
supervisor	1
dreams	1
trick	1
kara's	1
startupstir	1
carpet;	1
retweets	1
nightout!hey	1
co/hh0mz12fdh	1
co/yimuvn4kyf	1
co/x9i3xz7me2seattle	1
rates	1
la--	1
ceos	1
rolls	1
co/89wxpesfgt	1
us!we	1
funday's	1
app-	1
sergio_panu	1
couch	1
pax2015?	1
co/snzfjj5gsr	1
co/qkcgcqh6qf	1
co/atoptgxrt8yes	1
shamrockseries	1
mike_oconnell	1
sfweekly	1
voices	1
gigaommaking	1
messa‚Ä¶rt	1
wanted	1
mixer	1
alldaydotcom's	1
jetset2015	1
2xie	1
flourgrrrl	1
co/o8olydnytd	1
co/95rhcnmthnrt	1
feels	1
co/beqh15hc9krt	1
p‚Ä¶getting	1
co/5xkoispiza	1
puppetry	1
co/tx82ilsrhzwhat's	1
insane	1
winninguber-like	1
newcomers	1
black	1
teambuddytruk	1
leather‚Äîpark	1
up!where	1
classic	1
makercityla	1
featured	1
10/30	1
sf's	1
co/cxpw6u9ifart	1
demarcate	1
co/rxbcpx9bng	1
co/pmhazabqhxrt	1
created!!	1
savoritaly	1
co/i7pf0gkhdchttp	1
mixer?	1
co/cglmton6xktoday	1
superheroes	1
leads	1
10/10	1
ktlamake	1
co/stpcss8wtnrt	1
jazzhey	1
parki‚Ä¶party	1
co/qyememseovheading	1
dreamers	1
green	1
race	1
imkialikethecar	1
greet	1
bothered	1
urban	1
shortages	1
productschool	1
fillmoresf?	1
gbdonnelly2	1
athletics	1
sfsummer	1
co/0vyllghzd6valet	1
neverlookingforparkingagainno	1
decide	1
issues	1
üíöüèàlet	1
co/vvyvgddmzzdon't	1
taxed	1
reservation!owning	1
sf‚Ä¶the	1
blue?rt	1
popeinphillyrt	1
theboweryburger	1
prizes	1
co/5sup0pqj6rour	1
completely	1
chocolate	1
ponies	1
jeffharbach	1
irish	1
co/muf8dsrh42tonight	1
gain	1
üëçüèº	1
co/ddndnzyzv8rt	1
princessmonesi	1
labjcommunity	1
co/npxwcfrcj9	1
co/y8tq4xzmhprogue	1
sided	1
co/nqnuqmo6rzrt	1
co/vznjwduaieneed	1
loveislove	1
‚Ä¶ever	1
co/6iwiio5zqhwith	1
rage	1
wfh	1
worldcup2015	1
downtownseattle?	1
co/let6xxflykrt	1
lawe‚Äôve	1
jmover	1
techweeknyc	1
feb	1
differ‚Ä¶chris	1
dice	1
parkingsolvedboston	1
greatspoke	1
sfparkinghad	1
co/jlmef2qrbx	1
co/loxggas9wfluxe	1
presented	1
kimdelsur	1
co/iyghyhozypthank	1
co/01i5heqebt	1
co/ah7ivtm00rrt	1
snacks	1
friends!we	1
sfgiantsbeat	1
jlbrat13	1
&use	1
opener	1
cereal	1
effect	1
drink?	1
amaze-balls	1
sugar	1
curtwoodwardrt	1
parkingsolvedfireworks	1
option	1
samim	1
shitdeweessays	1
died	1
co/wy0uercwlzrt	1
co/8ubslvyaushave	1
metreon	1
apps!share	1
acclimated	1
david	1
nycproud	1
electric	1
üíê	1
doordash	1
a+	1
recommended	1
festivities	1
attention	1
headache	1
co/rpjnmuc7nzrt	1
taylorswift1989tourmeet	1
co/kmjamjkhzlbecause	1
/‚Ä¶weekend	1
trustwave	1
ashleyrgoodrich	1
üíØ	1
gaffer	1
fit	1
wkd	1
co/kihtori3kert	1
oow2014	1
co/pzkbuerfkyofficials	1
memorialday	1
partybigwa	1
co/0tv0gfxcugwe	1
digs	1
angel's	1
ai	1
cool!!!if	1
co/op2yrvbuwi	1
extend	1
wunderlist	1
melissatsang	1
redesign	1
unanimously	1
wlm	1
kerrycloselisten	1
appshowcase	1
bc	1
ki‚Ä¶rt	1
mlymat	1
co/vyad3ht1modrive	1
co/f1yreyera2heading	1
rollerboardllc	1
luxelawe'll	1
co/wd9fuhzi6h	1
zyngart	1
co/vjgbithaloyou	1
keeping	1
quicker	1
luxeseattlebe	1
co/c936dp4qfyrt	1
breathe	1
e3	1
135k	1
bigrouget	1
skeptical	1
cx	1
votes	1
interview	1
seattletimes	1
du	1
co/o447bolpftrt	1
co/9bboj7zr8they	1
hault?	1
en	1
downstairs	1
co/0c4qhwp4k2rt	1
piece	1
gas?	1
co/xsjiflqsai	1
terry	1
first-class	1
co/jjs3kve67e	1
ff	1
fastcompany	1
parkwhiz	1
argentinian	1
watching	1
content	1
(doh!	1
ft	1
alert	1
rate	1
co/iquxngkwgxrt	1
valentine!!	1
peterpham	1
co/wispq0acalbirthday	1
co/vjgbithalo	1
attendeesrt	1
flawlessly	1
smosh	1
seastfoodfest	1
gv	1
abc7nyphones	1
500	1
ha	1
intelcontent	1
luckyricedotcom	1
üöôüå¥‚òÄÔ∏èüåä	1
‚Äúrenting	1
memorable	1
easier-	1
co‚Ä¶you	1
‚Ä¶give	1
co/migfkbe0sh	1
else	1
costumes?	1
co/tshhoj71kl	1
co/ejdobhorzrkick	1
easily	1
co/vhx5qruaisrt	1
portal	1
nlcslast	1
sporty	1
ig	1
co/txvxggdyvy	1
im	1
rave	1
findin‚Ä¶rt	1
plated	1
50k	1
teradyl	1
pickup/dropoff	1
iluxenyrt	1
annoying	1
christinaphili5	1
belynlai	1
jr	1
importio	1
sending	1
co/zlxlww17uyrt	1
co/ed18vjplko	1
co/1cmlpnwul5move	1
$25	1
suggestion	1
limited-time	1
luxe-ing	1
üòÜ	1
ilovesafecofieldcheck	1
legokidsfest	1
üòã	1
üòä	1
civic?	1
co/d2fzbxw5eydon‚Äôt	1
üòÑ	1
conscious	1
cars‚Äù	1
dtlapicnic	1
iamwill	1
co/pcufspafgkif	1
twistartups	1
co/uwquzfty1y	1
co/hk89m53lnc	1
thebolditalicrt	1
co/9sdtuagjdk	1
mo	1
co/nth9vhni75	1
fashionweekla	1
mt	1
thai	1
license	1
co/wozv5yvo0qhappy	1
trishan	1
co/ilo0nmrfjtrt	1
kendall	1
everything‚Äù	1
student	1
hipster	1
careful	1
startuphouse	1
storage	1
wmf2015?	1
üöò	1
üöó	1
3dnito4ka	1
http‚Ä¶rt	1
tuyenvo	1
valentine's	1
intelligent	1
co/iknaqkyisqrt	1
luxury	1
gourmetwalks	1
$5m	1
$70	1
co/8btbe6qu6j	1
co/pbj0mrxv9f	1
pt	1
co/glbm0eomkzrt	1
intalentwe	1
co/nyjblzxprdheading	1
xtra	1
$7/hr	1
co/lsqvxuhj28rt	1
clever	1
co/vx2ndauhs1	1
co/es9dn2nhwmexcited	1
co/uxe185lk7bpolice	1
phillymag	1
co/5b69unoeeh	1
flythewdon't	1
co/meretoozt1google	1
co/opynaieeon	1
rd	1
concepts	1
cyndilauper	1
8,000sq	1
seattlemariners	1
impeccable	1
freelancing	1
5/25	1
executed	1
üèÄüöò	1
sj	1
üåà	1
curbstand	1
sm	1
sn	1
mariolopezextra	1
apart	1
an‚Ä¶join	1
kexpipa	1
single	1
abc7nyparking	1
co/e5rb26rpmr	1
see?	1
co/az8izwae4h	1
21-30	1
usatodayit's	1
joint	1
co/cdln3qlmiurt	1
co/i7aclhx7pt	1
ui	1
un	1
hill!rt	1
w2	1
ux	1
vc	1
again!join	1
co/uh0syfzhavhere's	1
chicagoans	1
co/8btbe6qu6jwe	1
first-hand	1
changer	1
co/roattbuv46rt	1
6-9pm	1
üéÑ	1
gal	1
filming	1
co/fe0x89u2wkwe	1
falguni	1
maypacrt	1
üéµ	1
sfrunning	1
reading	1
efuntoon	1
üé•	1
choir	1
xo	1
chicagort	1
n_hippiert	1
sirneave	1
daughter's	1
ridiculously	1
type	1
troops	1
thewarfield?	1
6/28--$50	1
üèÇ	1
dontmess	1
co/37drzwb3psheading	1
bragh	1
jbcnn	1
co/m8psdtedlhrt	1
co/evnjymgua0rt	1
revolutionary	1
back!stop	1
treatyoself	1
locations?	1
co/yd60tvkb75it's	1
tools	1
w/us-the	1
course	1
laurao	1
shlesinger	1
precious	1
continued	1
transformation	1
brain	1
free!summon	1
co/g5k7qpukzi	1
10,000	1
$4900	1
rockets--	1
reminders	1
g‚Ä¶rt	1
fremont	1
lamborghini	1
co/man8le15af	1
co/iv1whnufcogood	1
co/t92txlulnvlearn	1
co/d2vvhexz7jwatching	1
co/c8ebe3z2i3how	1
7/31!rt	1
co/uxsmkcsvukare	1
valetwith	1
techniques	1
co/theruwdjya500	1
mandymarks	1
gregcorby	1
concrete	1
challenges	1
tyvm	1
(thanks!	1
$3600	1
pianoguys	1
mlaxros	1
screeningunderthestars	1
you!!!how	1
neilyoung	1
tyler	1
blessedthere's	1
co/ncpri1rmalwith	1
girlpower	1
philly‚Äôs	1
co/jrrc0a46bn	1
boston?	1
recognized	1
anderererer	1
co/1o9ymwpnztrt	1
sunglasses	1
mishshell	1
talentconnect?	1
daveandbustershollywood	1
co/o4qlbnmk7tthe	1
chapter	1
12th	1
cider	1
mastery	1
florenceandthemachine	1
bugs	1
rethinking	1
co/xkmpprmskurt	1
boosted	1
park!going	1
giveaway	1
resolved	1
co/17gjybrv11philadelphia	1
6-8	1
jamming	1
citizenplain	1
com‚Ä¶rt	1
co/jkqnaq3nv6	1
emmy	1
returned	1
createdrt	1
co/luvpmzlpox	1
<3make	1
rsvp	1
keyarenaseattle	1
kobe	1
service!heading	1
disruptsf	1
co/cquhwgwmvvneed	1
behindthescenes	1
co/nj32wpv6ivrt	1
visibility	1
disruption?	1
gr8	1
co/aoqiwi1a7cfree	1
slots	1
awesomeness	1
summerbrighton	1
success	1
600	1
iliza	1
young	1
htt‚Ä¶try	1
co/0brmglt9xk	1
co/pphdoideogrt	1
giova989	1
2nite's	1
kentdickson	1
jguynn	1
minutes?	1
‚òï‚òï‚òïat	1
mike_miley	1
pluslabs	1
pre-grame	1
co/fhybauslxbpiketoberfest	1
chariot	1
lady	1
co/xbdxoh4sflseattle's	1
analyst	1
co/97eihsexji	1
usatodayspend	1
named	1
styleüíÉ	1
reindeer	1
co/k4atnkmoh8great	1
delivered	1
co/sjwk7if7zzchicago	1
entire	1
changing	1
co/neqiwev1qa	1
ultra	1
joshmalina	1
passengers	1
allantear	1
understand	1
picnic	1
alright	1
swtlifeofdana	1
lafw	1
furnituresf	1
strongly	1
matty_hanna	1
champion	1
hundred	1
queen	1
riders	1
magnificent	1
co/xk5gfetvtk	1
/‚Ä¶heading	1
mason	1
la‚Ä¶getting	1
zendrive	1
costly	1
coolest	1
accordingly	1
worrying	1
co/vbzw8lae2srt	1
co/ukjd34s0ayrt	1
co/8lttqzg3knwe	1
opportunities	1
co/j9tfjus39zwe're	1
co/sxhmjcvjr4interested	1
possibilities	1
co/zz5bg9mn3uenjoying	1
halcyondevla	1
stations?	1
sfmasonic?	1
hacking	1
luxebostonyou	1
whether	1
dri‚Ä¶give	1
co/vcsgwogsjq	1
co/136iago6vp	1
co/st1ihdjewcrt	1
jennifersrucker	1
methodman	1
units	1
co/guaijmm7y7what's	1
co/1irntbsnuisave	1
pre-download	1
üëèit	1
uber_la	1
co/4er6d4a1cwboston	1
marooshde	1
akrackeler	1
performing	1
automatic	1
philsometypaway	1
co/kwxcwtl7kjover	1
wall	1
call/update	1
extending	1
'bout	1
co/mehyt06hu6like	1
hill!look	1
braincancer	1
discussion	1
revamp	1
ya'	1
wintery	1
co/iiqjduxweian	1
wang	1
lewisblacknot	1
co/5wef0zokwxthanks	1
park's	1
impr‚Ä¶rt	1
bobblehead	1
think?	1
lark	1
arts	1
placebogig231014rt	1
dailytelegraph	1
yah	1
refresh	1
operationdon't	1
co/9oawavi5b9check	1
chart	1
pmarca	1
till	1
co/dfqftnobhttoday	1
sfif	1
flipbook	1
goods	1
anymore	1
secure	1
han	1
co/ex6pbckk2a	1
savestheday	1
meetup	1
unlock	1
vrjbndr	1
weighs	1
co/12jt70fmazwe'll	1
measure	1
drinks?	1
check-out	1
motofredp	1
showdown	1
effort	1
thing?	1
fenway	1
cocktail	1
vote	1
co/w6bwslal8t	1
free‚Ä¶	1
lowering	1
service!check	1
eatery	1
phillygives	1
downtown‚Ä¶sf	1
infrastructure	1
delightful	1
pop-up	1
neverparkinginsfagainrt	1
co/60j0gmkjenuse	1
sickness	1
aimlessly	1
leveled	1
hocr51	1
zoning	1
co/7ncwz5zzcqmake	1
officepup	1
co/vxg39tzudr	1
yyarden03	1
laws	1
mariolopezextra5	1
luxe'd	1
co/ivvwcd6qwd	1
chris	1
co/18vjkey8ulrt	1
co/e7he7ducrg	1
interestwhen	1
ftw!two	1
co-founder	1
waze	1
co/efyzr05bkpget	1
lazy	1
co/vcipvshkaf	1
jacksonchance11's	1
smart	1
eniacvc	1
ways	1
co/zdjq2‚Ä¶beeline	1
co/txxfv79s3bwe're	1
confusing	1
attest	1
2,000	1
co/zmy7bxcntwin	1
sbyrnes	1
co/i77jgldatz	1
co/fquybnghjl	1
pioneersquare's	1
co/k02i8a5fpv	1
thedailycatch	1
subscription!rt	1
double-	1
baby!	1
ahhmazing	1
tapping	1
co/x6tekg3iwqrt	1
co/jsrumuzjcbheading	1
techdrive	1
history	1
capitalfactory	1
co/m2rvlwanfohey	1
co/lcef9lr7l7we	1
4trains	1
centurylink	1
shtat	1
costco	1
co/hq6yteedcvrt	1
values	1
lifesaver	1
fantasticfriday	1
yo'	1
visits	1
carnavalsfproud	1
co/nb91tsreyawe're	1
fri/sat	1
appsworldna	1
co/wanzyoakfwcheck	1
event?	1
restore	1
qconsf?	1
co/u0ar4fe4fjrt	1
semiconwest	1
co/aeqfzzsrt9learn	1
wooconf?	1
blackmarketsf	1
co/qgb9pfxdsqdon't	1
mean	1
qconsf	1
experience?is	1
co/aqdnchmq3ogoing	1
hmm	1
attendants	1
spiffy	1
http‚Ä¶some	1
likeabosshead	1
co/ptxgspyvrnrt	1
co/bw7strvpptafraid	1
delighted	1
active	1
co/n9gcrp‚Ä¶we	1
co/erhvqkfw8b	1
co/unu3rlztdgdesign	1
ballard	1
midnightgerry	1
bostaste	1
ep40	1
hop	1
co/uumd805ixkcheck	1
cbsphillyhey	1
venue2015	1
hotspots	1
co/fwc0olghjnrt	1
sfwe	1
assembly	1
inaugural	1
algore	1
drastically	1
yrs	1
sometimes	1
thanksgiving?	1
co/obgxkndfiythe	1
co/fx81o25ejwneed	1
htt‚Ä¶due	1
co/ulfpyscnfprt	1
reply	1
charles_vickery	1
zones	1
hol‚Ä¶	1
co/0og7s2lj65rt	1
kpcb	1
co/ukajipjj16rt	1
tired‚Ä¶we've	1
incase	1
truncatedpaul	1
beginning	1
co/xttpvedzxm	1
michaelschein1	1
mcdonougherin	1
‚Äúevery	1
co/eiqjfn9glsrt	1
laserious	1
michael	1
5pm	1
cappella	1
co/uex4bxkz50	1
cjeremyprice	1
president	1
co/0safv8kystavoided	1
adventurous	1
co/biht8hxjbnhas	1
algos	1
america	1
lux‚Ä¶rt	1
kitten	1
melt	1
thanksjamiebeeline	1
du_ro	1
co/tiojdwnmjtrt	1
appüíôs	1
zendaya	1
growthhacking	1
ali_nicolas	1
afford	1
co/hd0hn28yavrt	1
impression	1
internship?	1
chitown	1
deliver	1
notify	1
products	1
co/x9i3xz7me2holiday	1
overpriced	1
steve	1
co/e7fjvxrlbvcheck	1
dylan	1
co/xzmydmwuqiwe're	1
thecanonball	1
nyc's	1
strike	1
co/rsbim3a4q0have	1
vividcortex	1
co/fqneabc7wnfree	1
co/pbynmvohnesatish	1
coder	1
disruptsf2014	1
thrill	1
newcola?	1
askandyoushallreceive	1
solution	1
discounted	1
-sunrise	1
sociallyrk	1
co/audw75vid5rt	1
reclassifying	1
jamescolgan	1
present	1
co/7j1edhlnfmrt	1
problems	1
co/amqnhvqcnkrt	1
belong	1
co/x9i3xz7me2driving	1
fran	1
mess	1
co/jhresmhnsdrt	1
jamiemcdonald	1
xero	1
angelachou_	1
calgary	1
game‚Äîluxe	1
mu‚Ä¶reminder	1
recently?	1
co/qqxccwjieehi	1
co/zwuoop9h9kdon't	1
delfinasf	1
impressive	1
shocked	1
co/vwkqysjfkr	1
attraction	1
regulation	1
co/60j0gmkjendon't	1
traffic?	1
fallinlovewithparking‚Äúin	1
co/maf‚Ä¶rt	1
w/me	1
co/ypjry8xsuqlove	1
walktrotcanter	1
mediumit's	1
quotes	1
hollywoodrt	1
theatre	1
vagabondfood	1
edzitron	1
co/oxrui4wdwu	1
covet	1
ecommerce?	1
avaopera?	1
co/nlinvplhbjsan	1
based	1
trip?	1
downtown?	1
'wickedgood'	1
streetstyle	1
herein	1
suincredbl	1
dryer	1
markwilliams76	1
co/cefa1kylqart	1
francesanderton	1
to/from	1
co/dleisxwmzbfind	1
homewithkeki	1
(&car!	1
co/4ynmmfv6lj	1
üíöüèàüíôheading	1
overdue	1
co/qqc2u4fykadriving	1
dinnerdatewe're	1
co/96rjznohjr	1
co/fgvbahrgiuheading	1
trips	1
seattlecenter	1
wastatefair	1
uber_sf	1
lafamgiorgio	1
aspiring	1
life‚Äù	1
valetthat's	1
the‚Ä¶rt	1
co/qcj81vjmy0rt	1
ica	1
ice	1
phillyweeklyrt	1
teamrework	1
tradeshow	1
presentation	1
co/8n1ulhpfyu	1
co/4yqek97wfrrt	1
poojisms	1
co/xedrambkszmayor	1
replacing	1
co/valsrqvyzy	1
brunch-lovers	1
fastcompanycheck	1
co/pswkpdpqmzwith	1
vlasso	1
expires	1
co/izmchay8bmhey	1
jumped	1
often‚Ä¶rt	1
co/rifx0fla3y	1
edlawcenterpa	1
scott_wiener	1
checkout	1
parking‚Äîlet	1
ends&you	1
6am	1
natalievenuto	1
indeed	1
‚Äútwin‚Äù	1
chicagofeeling	1
20,00	1
megthedeveloper	1
parkeasier	1
themustachecat	1
tedtalks	1
la‚Üítried	1
üöòour	1
co/ibk7nkjfkcrt	1
co/hotucrb1nelong-term	1
phenomenal	1
icracked	1
parkingwe‚Äôre	1
dressed	1
pacman	1
fredwilson	1
fail	1
smnewtech	1
cincodemaypac	1
carolers	1
limousines	1
diesel	1
mondayrt	1
classical	1
co/dreltcwlp8did	1
co/‚Ä¶check	1
sharedeconomy	1
nobody's	1
brickandmortarmusichall	1
co/6bmmkg4jmlhappy	1
mysterious	1
adinardi	1
mgallagher1983	1
dribbble	1
creativexsoul	1
itswellz	1
imkialikethecarrt	1
co/jqa0v1vktgplease	1
co/ioh7bkucg3	1
first‚Ä¶	1
50cent	1
squeaky	1
yorkers	1
concert/after-party	1
roman	1
less$	1
polk	1
sfwith	1
luxesfwe're	1
andylie1	1
co/l20rfd4kvm	1
mmssf15	1
co/mmd8fyrh9d	1
co/gdibwdoi76crain's	1
üòÑüëåüôåüëè	1
insights	1
finished	1
staycation	1
papalvisitenter	1
alsassociationcouldn't	1
co/qlqxrjhhvp	1
co/mz3uxm5sjfwe'll	1
laiw2015we've	1
sfparkingever	1
‚Ä¶mayor	1
in?	1
worldrt	1
margagomez	1
on-time	1
raanan	1
steak	1
office!hey	1
inappropriate?	1
windy	1
dinosaurs	1
youngthug	1
firstcrushsf	1
inc	1
sfgiantsfans	1
fortune	1
co/zlwswyryretoday's	1
underutilized	1
ink	1
goldengate	1
newsworkswhyywatch	1
co/qzua00rsc2	1
growth	1
fare	1
valet-parking	1
autopia	1
erada_svetlana	1
from?	1
‚òÄÔ∏è	1
sffoodbank	1
co/fx72cgsccmstop	1
resolution	1
oakvssea	1
co/mt3atqtxbtcongrats	1
dcbrgrbash	1
70‚Äî$10	1
folsomstfairrt	1
bloombergtv	1
co/ptg0mi28db	1
far?	1
car-sharing	1
co/ytk4anbn6jdrive	1
co/aypsbvvvnsi	1
airport	1
parkingholiday	1
safe!check	1
semil	1
acct	1
shortly	1
smendaros	1
pahkin'	1
bosguy	1
spiderman	1
siliconvalley	1
georgelopez	1
is?	1
delighting	1
timeoutla‚Äôs	1
winners	1
sfparkinganyone	1
co/nlnergk0ohrunning	1
üëèwho's	1
aisforarlynne	1
hiptraveler	1
whydidntithinkoft‚Ä¶tired	1
shout-out	1
(code	1
today‚Üíwowrt	1
$15/day?	1
co/8btbe6qu6jdon't	1
park4free	1
breakers	1
onjimsmind	1
pose	1
katiebiber	1
shell	1
parkingsharing	1
pasta	1
co/qxdsrhpfgathe	1
bestever	1
sign-up	1
rlindsley	1
meatpackingnyc	1
reigning	1
co/p21arpncacrt	1
enjoyed	1
college	1
co/tw84mqsdtx	1
mediumin	1
co/ekvhdzqg3p	1
unga	1
co/j6ad3y7z98hey	1
co/iowmzfhflh	1
co/g0xuyyz6msrt	1
co/prmyvbwbph	1
property	1
noche?	1
co/nmalfwitxrnew	1
icainboston	1
father's	1
confident	1
co/tfyo2xzicu	1
co/8zczzefrwj	1
startsaturdays	1
promptly	1
co/jwbipru2poa	1
removed	1
ohnytoday	1
carl68chris	1
datenight?	1
themetz	1
co/j0lfjmzcib	1
1upmel	1
time!rt	1
avoids	1
alexcharlie	1
co/dk0kf5a‚Ä¶with	1
co/dk9vvg32r1heading	1
co/s9od3s5cv7today's	1
hybrid	1
makeover	1
co/6li686eajqstretch	1
gear	1
collegenightlet‚Äôs	1
wipers	1
co/1iemapqccmavoid	1
co/p76a5jz6efrt	1
co/2fprgfxadurt	1
fleatilast	1
ryanoquinn	1
co/yz8bmgpqxwthe	1
co/7unwluukecwinner	1
fre‚Ä¶rt	1
co/0t8e5sxh1nwe	1
(like	1
co/f4jdwyltxbhow	1
co/ahh1mtyy7art	1
honk4help	1
co/boslygjzgvwe	1
fancypants7	1
t‚Ä¶game	1
jan	1
co/gd3mclcyun	1
exclusive	1
tailgating	1
üòéüçïrt	1
co/i6ejlbqtrr	1
luxephillyrt	1
lo‚Ä¶to	1
parkin‚Ä¶rt	1
asalesguymax	1
marquee	1
street-food	1
nycrestaurantweek	1
turkey	1
co/6gnmpixily	1
completes	1
co/m2rvlwanfothis	1
photography	1
mikeplewis	1
housing	1
handed	1
gear!seattle	1
eatup	1
co/uhx2kkp2dqwelcome	1
wearables?	1
popular	1
jesslusays	1
scottandthesea	1
co/seozmxq45x	1
/‚Ä¶we	1
co/0rfrfn9akewe're	1
moore?	1
co/izuyjzfm5rhey	1
fabulous	1
kelsx3	1
lifetime	1
individuals	1
challenging	1
sfparkingdon't	1
co/1ywlkzz6hc	1
debate	1
either	1
preach	1
crissy	1
sfour	1
alirmmiller	1
üòâüëça	1
co/pfrdw6xiqowatch	1
delicious	1
difficulty	1
longer	1
co/4hk0y5jes4immerse	1
winding	1
gladly	1
blackfridayin3words	1
marcodellacava	1
co/9cvmnhqi1zuse	1
attract	1
cautious	1
co/cfxynesunf	1
reroutes	1
henrylmcnamara	1
co/i3yobsc4xk	1
darwincafesf	1
shoe	1
willcat94	1
estimated	1
pakikaka	1
chicagoland	1
co/0hljrl8wcl	1
outbounds	1
co/fz6xnffqwz	1
co/nsnevmtia7	1
co/ovkvuwqvsirt	1
h‚Ä¶congrats	1
co/78eieulv6q	1
gamedon't	1
_dombreeezy	1
promo-thefightla	1
gregzanghi	1
enselllee	1
co/60j0gmkjenstaycation	1
reveling	1
means‚Ä¶	1
hollow	1
epic	1
28th	1
reset	1
parks?	1
baumgartel	1
üöïüèÄ	1
$100	1
karlthefog	1
co/vlbcnmxoqcno	1
life's	1
dolorespark	1
spotless	1
2-3pm	1
luck	1
devindavis	1
co/wpliyhnhzfquick	1
co/edla87nqmgthis	1
get?	1
$120	1
roadandtrack	1
co/l4yfw1hv2ntop	1
temporarily	1
co/qwny4qwjtu	1
glimpse	1
dbfestival	1
co/qss5b1chts	1
joe	1
maroon5	1
co/ngw0rgtcnksilicon	1
jon	1
captain	1
hadleyrt	1
whereha‚Ä¶rt	1
sfwe'll	1
co/18olwvymsp	1
co/xxam4zrnbxnew	1
üöóüöïüöô	1
sheer	1
visually	1
co/vrwqwdixrwrt	1
scotcha1	1
loree2e	1
co/gdx9ddtchxrt	1
co/efyzqznathstarting	1
toge‚Ä¶seattle	1
gett	1
afternoon	1
‚Ä¶out	1
attila_z_takacs	1
co/3mxtqixraf	1
(cheaper	1
idf15	1
$150	1
interruption	1
sfpd!	1
‚Äúviral‚Äù	1
lovintailgate	1
marcstilespsbj	1
projects	1
co/an0xoio7pj	1
weworkbos	1
co/gx9nhi5fygproud	1
co/ml3ljil0xdwant	1
again!please	1
uwbadgers	1
luxesweetrt	1
real?	1
vabc	1
co/6vgkap7kbewe've	1
bunny	1
mozart	1
co/w7r8vvd94b	1
co/hx1izrislart	1
mobilemagic	1
exploratorium	1
accurately	1
shelbygrad	1
ebstahq	1
nyctreat	1
co/mprq3i4o4mour	1
co/rf4etcljpn	1
vernondavis85	1
vmworld2015last	1
co/rieiz2azzprt	1
civic	1
day!share	1
co/obeot5sfhmbring	1
offered	1
national	1
co/29oapkr2jdrt	1
man‚Äôs	1
founder	1
serpentinesf	1
nuzzel	1
flo_tweetgas	1
gifted	1
$199	1
neulore	1
co/qxkdcoqsdsrt	1
co/xynx4gel1d	1
co/ffjwukvmrfhave	1
co/qaltyjbt2vi	1
gr8well	1
parth	1
beginner	1
babarseattle	1
cirque	1
popeinphllooking	1
co/v24kbawthxhello	1
co/thmlfycap0save	1
co/vyad3ht1mowe	1
lunch?	1
usage-based	1
vauxhall	1
trained	1
mega-smitten	1
packing	1
salute	1
client	1
timwenzel	1
co/hpn7jl1l8agoing	1
co/b3ifudydvk	1
veephbo	1
skating	1
7th	1
they‚Äôre	1
co/hwpdugxtdv	1
co/km7avfezdbrt	1
realm	1
prompt	1
expert	1
matt169	1
luxeseattlecheck	1
blindspots	1
painful?	1
‚Ä¶parking	1
co/a6eizze4opif	1
complexmag	1
figat7th	1
director	1
co/inc1la5xuzcheck	1
co/hoh5hd42amwe	1
co/py6uilfchigoing	1
thanks!rt	1
wednesdays	1
clutchrt	1
ondemandco	1
alive	1
co/spctv8oszwfor	1
plate	1
co/cytrtakggzheading	1
fri‚Äìsun	1
urgent	1
co/jxadw2ip6r	1
thorn	1
joke	1
center's	1
co/qn0hciclrhread	1
'northend'	1
co/wzesie0rmbrockin'	1
aaalisson	1
co/x9i3xz7me2wishing	1
westelm	1
bookings?	1
there?	1
co/qm750b5xtqoil	1
co/iz3o46cu0grt	1
itsramimalek	1
sponsoring	1
surfing	1
plaza	1
urbandaddy	1
(photo	1
co/t9i8pvltq5find	1
directly	1
winterize	1
disruption	1
co/5jqlhx7usk99	1
custe‚Ä¶avoiding	1
co/dwdriojipzrt	1
restrictions	1
back?	1
400k	1
trevor	1
cocoaandcochi	1
birthday	1
co/rcbw3tqsx7we	1
candy	1
bluebottlemint	1
sffringe	1
5-star	1
afloat	1
convenience‚Ä¶when	1
elc40	1
heli-	1
co/rigmux95sa	1
jony	1
customerlove	1
geekwireandroid	1
interesting	1
co/amoupqosm8	1
cross	1
control	1
demanding	1
c‚Ä¶drive	1
intalentwhat	1
programs?	1
getmahmee	1
earth	1
lifechanged	1
co/e32jtzrfsl	1
co/hvicm8rtfkrt	1
behalf	1
co/lx5u4rql4o	1
scene	1
no-brainer	1
happyhour	1
raises	1
co/tmazn6eiyvthis	1
co/0jeeubrtcl	1
conference?	1
brews	1
co/rdockyu3ji	1
luxesweetnow	1
badge	1
co/hydqkweb5b	1
leapsecondrt	1
msuster	1
kron4news	1
atlanta	1
josephchong	1
sodm15	1
jdallke	1
specialrt	1
drivehomenew	1
‚Ä¶attending	1
l‚Ä¶are	1
co/5t1b6gy0xc	1
oilchanged	1
m's	1
co/pfrrfafw5dheading	1
techzulu	1
wayne	1
jose	1
josh	1
surprises	1
uncleduke911	1
brian290	1
zingypet	1
in-car	1
chicago!rt	1
dislike	1
co/8znsmobaachappy	1
anyplace	1
huxleywallacewe	1
co/xbdxoh4sflin	1
fashionistas	1
https‚Ä¶we're	1
unloading	1
co/okd89nyqnq	1
latimestech	1
night!	1
degree	1
yahoofinancert	1
getinmybelly	1
one?	1
lazipcar	1
besafe	1
co/o4ka5kasld	1
co/87pyns8xwhwe	1
bostonmagazine	1
sing	1
speeding	1
records	1
robertjmoore	1
blues	1
kim	1
themikehunte	1
tea‚Ä¶luxe	1
curtisleert	1
trvisxx	1
technology	1
alyssanikki	1
newyearsday	1
co/p9ghtlrsfq	1
rothventures	1
one?attention	1
indianajones	1
co/2k‚Ä¶hey	1
reach	1
ny‚Äîwe‚Äôve	1
santamonica‚Äôs	1
react	1
solved!some	1
'em	1
'er	1
üíôüíöwe're	1
co/6nhjijylh5here's	1
luxeview	1
ther‚Ä¶rt	1
andyfortson	1
2/3rds	1
islandcreek	1
co/sf‚Ä¶	1
following	1
sftourismtips	1
thevestry	1
bumbershoot	1
wear	1
co/zhpbz5nyuk	1
leak	1
fridaythe13th	1
co/dliinxuhgawhat	1
$222	1
vcsurferdad's	1
driver?	1
hobnob	1
loveluxeluxe	1
hits	1
site	1
co/s1lx31uucurt	1
gentlemen	1
co/cailg14mux	1
padres	1
co/srjyh5j3zv	1
co/nq3sjvcp9uwe'd	1
co/gudgsyzaza	1
mileage	1
officers	1
twittersf	1
excitement	1
sacchetti	1
co/xbdxoh4sflrt	1
person	1
parkingtonight	1
co/w3jsj5ytdzstart	1
viewing!today's	1
sfholidays	1
musicians	1
9/20	1
co/noichir8ip	1
spooktacular	1
-move	1
co/‚Ä¶good	1
ever!driving	1
dilworthpark	1
co/gzplnzpzmnluxe	1
ipiranga	1
hand‚Ä¶art	1
weds	1
co/xqq5cok6myrt	1
sfweekly's	1
co/uaoqy1l0xfluxe	1
hiya	1
-mailbox	1
loooooved	1
co-sponsored	1
awesomedrive	1
co/hwpm‚Ä¶can't	1
co/bgkwhgkjzjbest	1
co/7vdxhkgswq	1
lego	1
co/m1iroadq9mhonored	1
legs	1
travlandleisure	1
‚Äù	1
co/4dybdzagwurt	1
carnival	1
yourselves	1
scootin'	1
spends	1
monsoonseattle	1
sportswe	1
example	1
minds	1
balances	1
(rolling	1
techcrunch2014	1
address	1
approves	1
promo‚Ä¶rt	1
co/awmewlttlqrt	1
pistons	1
sacca	1
co/hktyqc3beert	1
throw	1
everyone's	1
feedback‚Äîhope	1
wheels	1
co/vnbipkey6nyou're	1
co/d2g5md7t7wrt	1
df14hack	1
others	1
co/to7sexlx1l	1
entry-level	1
zones?	1
hundy	1
zones;	1
washwizards?	1
co/v5zb4ctr6yjoining	1
co/sjay2jjgwwwe're	1
outsourcing	1
co/pkpb1mkyqp	1
co/qgmlhhlcjgrt	1
insider's	1
montgomerymall	1
davidsven	1
http‚Ä¶heading	1
daruck58	1
co/ni9ylh3mlp	1
lena	1
tonightrt	1
blocks	1
beckyquick	1
realized	1
versus	1
obsessedrt	1
cheer	1
co/bebsbaqks1	1
sethcurtis	1
co/tu2f43vclvtomorrow	1
flythewif	1
pioneer	1
sf?rt	1
cornelius	1
imho	1
co/izaj0othxz	1
considering	1
got‚Ä¶	1
walk?	1
intel	1
co/ugcii9twazwho	1
nycdon‚Äôt	1
razor	1
co‚Ä¶	1
gear!heading	1
ga‚Ä¶congrats	1
üéÉüëª	1
productmanager	1
chris_daughtry	1
matter	1
co/daofypfqed	1
entr√©e	1
18-29	1
lover	1
co/ks77yo42gncongrats	1
chifilmfest	1
attparkrt	1
co/rg8nspcoemif	1
minor	1
vcsurferdad	1
bkbchi	1
sarahjanrt	1
co/o8xvc37wkbif	1
strongtowns	1
employee	1
platforms	1
startupweekseart	1
luxevalet_lart	1
co/4cuktdyhovrt	1
biggest	1
co/k3uiaagrkw	1
tomorrows	1
tower	1
comparison	1
law	1
sfare	1
wakefieldrt	1
denvssea	1
coffee?	1
minna	1
improve	1
jwmcgauley	1
ness!rt	1
appnatio‚Ä¶rt	1
19-6	1
sfsymphonyit's	1
mins?	1
craze	1
floor	1
bridge's	1
weatherman	1
elfthetour	1
hopscotch	1
kylenpatel	1
clearstonevc	1
spot?	1
heard?	1
co/wdumwp6mvr20	1
seaml‚Ä¶tonight	1
supply	1
co/l68gdyknosthe	1
co/wblty‚Ä¶rt	1
motivating	1
smarttech	1
redcarpet	1
doc?	1
co/qgh31dtkttbecause	1
co/abahxvmmhh	1
thefittour	1
co/psowupjw5lrt	1
db2015	1
perfectly	1
theporktornado	1
killing	1
tmrw	1
curran	1
gamechanger	1
co/ys50mkjtjurt	1
operationrt	1
park‚Ä¶who's	1
co/iwzikuvpdc	1
uncrate	1
situation	1
bostondotcomrt	1
crush!you	1
üöòüîß	1
co/eoduhivgmxrt	1
reppin'	1
co/tisrdc7jza	1
fashion	1
pahk	1
insurance	1
free‚Ä¶rt	1
lie	1
co/u0l‚Ä¶rt	1
calinnovates	1
metopera	1
jalopnik	1
co/qfmphjj8sk	1
n+r	1
sresproductions	1
1937	1
parisoma	1
mdudas	1
chest	1
chess	1
baybridgeinfo	1
home?	1
htt‚Ä¶yesterday	1
converted	1
page	1
mobilestrat360	1
1946	1
(talk	1
cards	1
co/svn0zft‚Ä¶vehicle	1
laughs!rt	1
co/hb1xs0cod8	1
avaopera	1
painful	1
spare?	1
enhance	1
co/0jeeubrtclheads	1
glutenfree	1
purchase	1
eckharttolle	1
dreamluxert	1
pair	1
anymore?	1
co/bawoclrzgtluxe	1
silicon	1
paid	1
extravaganza	1
nlds	1
bebrown2	1
goldengatepark?	1
co/cnicvpskxy	1
interactive	1
celebrities	1
curbside	1
pals	1
three	1
news‚Äîwe've	1
co/fyamq03desrt	1
remembered	1
latechdigest	1
co/cfcqohee6dhappy	1
co/muqxqropg4itchin'	1
co/eqqv09wl7ort	1
roads	1
rcode	1
co/9gqi3er10y	1
shuttle	1
geeks	1
co/oqr8x0rbpa	1
primary	1
co/ir4r8qecxt	1
meals	1
co/zvsgaesoge	1
cmmcclincy	1
reliability	1
examinercomproud	1
indulging	1
incrt	1
meant	1
co/fksghx9z2srt	1
leylaseka	1
road?	1
initial	1
co/sn6pjxf0xd	1
fury	1
streetsblogla	1
co/73fwoiww7w	1
co/uxqt45yeiart	1
fallinlovewithparkingthanks	1
co/6xzcdtmb0xwould	1
df14rt	1
jobspringoc	1
door	1
designersgeeksrt	1
sassy	1
husband	1
zone	1
intro	1
sheltonmercer	1
an‚Ä¶rt	1
galore	1
fixing	1
co/3nwb90rupvmission	1
klaus	1
co/et7d2s2jp4with	1
hardlystrictly	1
proclaims	1
iot2014	1
jamiedavidson	1
sfparkingare	1
parm	1
co/75d1nmjzaiwe	1
fuzzy	1
co/xde54tbmhdhungry?	1
co/yqjbxitcqkcheck	1
mosconecenter	1
wi‚Ä¶rt	1
park(ing	1
johnbonazzo	1
surprisesnacks	1
pedestrians	1
lanadelrey	1
capitol	1
co/1sbdmfwhw8rt	1
economics	1
bosphil	1
gratitude	1
co/g5nzhiebgd	1
maddonlinewe're	1
castrotheatre	1
silvercar	1
unbelievably	1
d_bergeron	1
gapinc	1
(on	1
compassion	1
co/e7alhfnpq9rt	1
co/z7lragr93eexcited	1
record	1
co/tpjzpp4c4jrt	1
chillax	1
mile	1
bill	1
car!wasting	1
30min	1
co/18olwvymspthe	1
co/oocptj9hnj	1
7beefseattle	1
lfigueroa2	1
relative	1
wsjdrt	1
‚ô•Ô∏è	1
piarodil	1
won‚Äôt	1
dudes	1
chaotic	1
parkinglikeanidiot	1
madeinsyria	1
co/qjcsvxccbh	1
sarahpboyd	1
co/alubloywe1rt	1
reverence	1
co/lcoa743hnkrt	1
today!we're	1
davidschmidt28	1
co/viafcnuodkdrop	1
drlovegrove	1
showcase	1
bomaseattlekcdinner	1
co/3v98tiqqimthe	1
commute?	1
paul	1
rachelbotsm‚Ä¶heading	1
incl	1
co/jwbipru2pocatching	1
luxenightlife	1
gigaomroadmap	1
davykestens	1
co/otjgggisgbrt	1
co/2a6focfdey	1
adding	1
buddies	1
delight?	1
guys!how	1
proudrt	1
conciergeguild	1
fmanjoo‚Äîwe're	1
sftechparking	1
selenavidya	1
juliasievert	1
turbocharge	1
human	1
brunchin'	1
co/izyvvprjjz	1
co/pl3spwdht4rt	1
sfchampionship	1
andrewcustard	1
‚Ä¶a	1
blanket	1
recommends	1
tallied	1
co/ffj3xdzczkrt	1
exhausted	1
pubcrawls	1
co/wpux3wkbyzthe	1
convert	1
navigation	1
co/ymvmcihurfit's	1
could've	1
proudly	1
spothero	1
luvrt	1
co/o2w9fo6ee2hey	1
co/sj1muyzfoort	1
learnvest	1
tedgraham	1
parking‚Ä¶	1
17-nov-26	1
co/chtmolv49mfeeling	1
‚Ä¶use	1
1401southstate	1
$650k	1
2015?	1
thx!have	1
co/yan2mgcwyzhere's	1
herald	1
co/0wmr9bpctghow	1
shine‚Äîbut	1
co/s3u7irgfvu	1
mar	1
raquelschair	1
rhea	1
entrepreneurship	1
htt‚Ä¶in	1
boskisnowexpo	1
co/npod2qv451	1
co/ywfchwapsprt	1
co/z4ocdcboxxdon't	1
luxevaletfirst	1
htt‚Ä¶be	1
duty?	1
co/js6ygmuyg7rt	1
legit	1
co/bfqulwtlne	1
car's	1
comedy	1
co/fz52pb8e9x5	1
levelsportsapp	1
kcrw	1
julian	1
jobspring	1
caroling	1
psbj	1
co/v1ptsq0hix	1
jaafar_eltassa	1
superhero	1
realaustin	1
breath	1
co/0raqm1lctzheading	1
bostonglobe	1
meh	1
co/etxs36vvjienjoy	1
cheapest	1
repeat	1
musatariq	1
roxietheater	1
ktvu	1
met	1
idea?	1
wicked	1
generosss	1
3-day	1
excelsior	1
40th	1
co/dajhvfj9sfyour	1
staplescenterrt	1
co/wsfdyrtnbgrt	1
p‚Ä¶if	1
ready!rt	1
luxevalety'all	1
weekday	1
co/2hfw1yktcjrt	1
year's	1
disappearing	1
goals	1
resident	1
tonights	1
co/1gpylyvr6vthanks	1
co/zb6dlcyjzocheck	1
myself	1
received	1
co/eaj7n3megqat	1
‚Ä¶make	1
jobfair	1
laweekly's	1
psfk	1
invested	1
co/cr3aivqxux	1
externality	1
eliminate	1
believe	1
dtlathe	1
co/ja6rxmhgwz	1
co/ulir8txrhs‚Ä¶check	1
co/ktptovj‚Ä¶rt	1
üëªoil	1
middle	1
share?	1
about!throughout	1
co/sjbfrwie9mliving	1
elevatorpitch	1
co/sorp9vwognrt	1
co/izffwrxndprt	1
omarlee	1
berry	1
co/ffgtxdzk7oyou	1
invest	1
co/f3crky7wspneed	1
project	1
co/cxswtnlnk6	1
co/rhvifc6msjcustomers	1
pitch--	1
california	1
co/sdwvcjl4yn	1
dineoutboston	1
googleshopex	1
chrisfralic	1
felt	1
nightlifehere's	1
htt‚Ä¶parallel	1
co/b5ttfann1frt	1
co/dejl8occ9u	1
co/qhmzo5hhwgdon't	1
parkingsolvedbe	1
gospel	1
onabbotkinney	1
kripstian	1
rental?	1
metonoil	1
allow	1
wired	1
co/zzdgvxsqan	1
jmo50moyer	1
recap	1
co/ppatikoccqrt	1
co/zrbarmkub2rt	1
tonight;	1
secure?	1
sbf15	1
co/tqddeetgubseattle	1
co/n5yy6vdltdrt	1
co/cokfdxlxjashare	1
navigating	1
drive?	1
it‚Ä¶need	1
co/vzwvs6wjqc	1
mns	1
nyias?	1
alex_chinneck	1
sunshine	1
co/6pyqcvpswbhappy	1
co/gytbzyq2xu	1
revolution	1
‚Äúmarketing	1
spurtipreetham	1
movies	1
co/gquvz‚Ä¶rt	1
yahoofinancenew	1
co/e4jmpzkow0	1
luxe!we	1
_rhubarbstudios	1
eve‚Ä¶don‚Äôt	1
co/60j0gmkjenin	1
co/pp5g4kgt6nhey	1
toward	1
co/a54dcskpupseeing	1
co/zeezri2gjycelebrate	1
continental	1
fireworks	1
ourselves	1
co/bzr34dj‚Ä¶use	1
co/xzxqgpxlhywe're	1
throwing	1
co/w3j8ctyy1ut'is	1
beatla	1
brianhartline	1
!hunting	1
believes	1
federal	1
co/ij8erhufvbso	1
dbfestivalthis	1
newyork	1
co/kqpiaaceoyrt	1
parkingsolveddo	1
/‚Ä¶happy	1
co/sbuyy9atbn	1
ladodgers	1
htt‚Ä¶spend	1
parkmyandroi‚Ä¶rt	1
getfilld	1
vacuumed	1
theflowerchef	1
cincodemayo	1
co/grlysdoy1zrt	1
co/e1w6taduu7	1
la‚Äôs	1
caltraining	1
mta	1
co/lnpntlpj1chttp	1
midday	1
capture	1
tylerwinklevoss	1
co/16lswbagep	1
car!rt	1
esta	1
unionsquaresf?	1
drop-off	1
patrick's	1
co/idfhmwt0zpcongrats	1
co/vupu‚Ä¶rt	1
beach?	1
co/sa88towp0u	1
mayweatherpacquiao	1
co/laamy4qalohey	1
mvp	1
co/0cggjmn6lnrt	1
flythewrt	1
sfparkinghave	1
co/ljivm6bdax	1
nbroverman	1
11am-4pm	1
francis	1
landscape	1
html5	1
leading	1
htt‚Ä¶	1
everyday!on-demand	1
co/e1uwlrhc3f	1
thrillistplease	1
co/etkircbhugrt	1
moving	1
co/3wztrygremi	1
rocketspace	1
seattlemarathon?	1
ashleybalstad	1
guess	1
taylorswift13grab	1
restaurants	1
albrady	1
co/opnvf66t2mwarm	1
happening	1
detail	1
co/2ylwjcr998happy	1
co/zusd5ywsg8google	1
jimrhao	1
greektheatrela	1
co/cs0xus3cfvwe're	1
sleep	1
stytchla	1
chvrches	1
unlimited	1
purewow	1
slam	1
wizkhalifa	1
co/t9iggd9kbq	1
co/oocptj9hnjwe	1
co/sqpqepo0fgwe're	1
co/b5p‚Ä¶thanks	1
co/hhwmwrzz11reclaim	1
co/ipwywbpdmert	1
rocketstudios	1
trailblazers	1
co/kfn8ang5rx	1
weworksf	1
whats	1
cofounders	1
alliteration	1
geoffwolfe	1
kexpgood	1
king5seattle	1
‚Ä¶pitch	1
tarantaboston	1
phenomen‚Ä¶luxers	1
co/xpgiz36tg9	1
street/lot	1
co/yn‚Ä¶	1
nextbigthing10	1
co/kw4uadtup7rt	1
googleio2014	1
nyfwthank	1
officialccsf	1
johnnyjet	1
infinitiusa	1
run/walk	1
balamode	1
30-1	1
dating	1
photographer	1
techweeknycrt	1
jakl	1
lamayors	1
rice	1
blackfridayparking	1
co/jientyki4z	1
week's	1
co/h4z3ktxugsrt	1
procrastinator	1
referred	1
iamnathanmorrow	1
francis‚Ä¶have	1
hassle‚Äîlet	1
co/eoyv5bhvybgoing	1
amazingness	1
uberize	1
partnership	1
co/60j0gmkjencandid	1
againrt	1
baybridge	1
eshibutani	1
sfpride	1
semiconwesthello	1
savvy10788	1
co/ormcnci2naanyone	1
co/xsak8bfji1driver	1
üçÄüèà	1
co/z5iasr0sjc	1
co/urnyusdnszrt	1
co/tnvyohgafort	1
co/l8hqd303m5craig	1
bosmeltnow	1
co/yfjwvzdwe6we're	1
co/3i1srxue0o	1
sfparkingchecking	1
luxe-urious	1
safetyfirst	1
co/vd4cueejiatired	1
concierge	1
co/f553dedubnluxe	1
association's	1
iceskating	1
co/gmgumd6jbxstarting	1
stored	1
manifesto	1
carwash	1
thrillistyou	1
audrashow	1
honor	1
co/3fsdztsqij	1
goals!it's	1
outbound	1
co/pb05lclcssreminder	1
halloween?	1
assoc	1
co/1oqa44l7z6be	1
mobiletrends	1
took	1
larkseattle	1
co/uad2dikdjnover	1
nfl	1
wsanfrancisco	1
hollywoodbowlsatish	1
reaching	1
media	1
brunomars	1
logo?	1
game's	1
wallet?	1
co/976ut8f8gfrt	1
wowrt	1
stepped	1
nycrwcome	1
pridela	1
doggonehalloween	1
fremontseattle	1
fender	1
monday!rt	1
hawker	1
rink	1
ring	1
fleetweeksf	1
non-game	1
shift	1
bargain	1
cheese	1
lanes	1
mayorbowser	1
lineup?	1
blue-jacketed	1
luxenycthe	1
eliminated	1
co/7yasee7qcgrt	1
co/scrrml529h	1
relaxation	1
brooks	1
eliminates	1
co/1amaqhwbvf	1
soleil	1
co/corj2vawn0emoji	1
flash	1
$500	1
scrumptious	1
co/kzsc3sruupluxe	1
pick-up	1
heros	1
10am-5pm	1
co/erhijib12urt	1
nyfwnight	1
pinchrt	1
co/vhe45gtgbbhave	1
co/xjzv2hwt8vrt	1
nofreetime	1
tasteofphilly2015	1
co/qcctfw2s6l	1
silly	1
down?	1
tour	1
cnet	1
dimesocial	1
supported	1
estacio‚Ä¶rt	1
co/8m9jwmkxv0stop	1
co/cfwtt9cmixdid	1
jazz	1
why-didn't-anyone-think-of-this?	1
research	1
w/ryan	1
letthemhavecake	1
p/u	1
rumorphilly	1
boats	1
downloaded	1
co/jwutoukcnuwish	1
co/jbxpgxw2cobefore	1
swinging	1
inv‚Ä¶rt	1
parking‚Äîpark	1
mattkassel	1
color	1
nearly	1
simplicity	1
marchcps	1
co/u3vgbnjq9y	1
abc7nybeer	1
co/odn46cm4gt	1
ondemandfamilyrt	1
nov	1
lived	1
mashablestop	1
headaches	1
breaks	1
streetart	1
theforum	1
boostedboards	1
refer	1
exit_theatre	1
co/gqwbnmktm2ice	1
pax2015	1
locals?	1
c0rv0s	1
charles	1
co/nnszdh5xos	1
nearby	1
common?	1
dashboard	1
co/1zozipg1aprt	1
stations	1
a‚Ä¶thanks	1
co/puziytppinwhat's	1
co/eba6owzeax	1
prattsj	1
felling	1
luckyricedotcom?	1
(promo	1
jokingly	1
keeg	1
co/rg7kgscllcenjoy	1
salesforcedevs	1
atoddkaiser	1
7am-7pm	1
co/hzqeqmwgjwrt	1
seeyourcity	1
co/ya3y7s8wnmsunday	1
co/lo2r7vsokqshowing	1
8/22	1
co/eunihqpb6vhi	1
co/xjday0uk6n	1
aca-mazing	1
wrong	1
bargains	1
dannpettyrt	1
co/0ns4adehjirt	1
jaredarosen	1
co/alsrlayszs	1
artif‚Ä¶plan	1
co/ojhpjqanwsrt	1
mcalteach	1
stressed	1
co/pnln8cz7g3tonight	1
epicurrence	1
stresses	1
co/xbdxoh4sflour	1
side‚Äîpark	1
co/qqoazbzec6rt	1
techhow	1
roving	1
co/5esywgwabowe're	1
co/gidsi7yjiy	1
sfpride2014	1
skate	1
uscm	1
co/53n8fkwwq1rt	1
co/ddgyn2wrsart	1
along	1
rocks	1
designed	1
co/tjrtfzp3wdwe	1
terminal	1
co/8btbe6qu6jhappy	1
htt‚Ä¶attention	1
philfarhi	1
tasting	1
shiny	1
‚Äúinternet	1
parkedwithluxe	1
mikkhait	1
itzikcoh	1
promoting	1
c‚Ä¶	1
co/l68gdyknos	1
will‚Ä¶	1
co/pbiso‚Ä¶give	1
ride-share	1
co/zybwc2uexurt	1
steven	1
techinmotion	1
competitive	1
co/sdwvcjl4ynwe're	1
jsndacruz	1
redwingsrt	1
co/ym3vpsub5pthe	1
search	1
deemorany	1
lostinsfwebsite	1
co/wn643cxgq1rt	1
j‚Ä¶we	1
co/ks77yo42gn	1
co/ufxelxeoruwe're	1
recreate	1
co/9eplbankmqparking	1
actor	1
zipper	1
decipher	1
fueled	1
essential	1
co/ovqzd7k9pnattention	1
usmc	1
co/hjsnracoe6thanks	1
luxevalet‚Ä¶$10	1
co/efyzr05bkpit's	1
co/0vsbkarjj9rt	1
co/sn3d2obyr0drive	1
weareparking	1
jgellas	1
co/x2eyekm86j	1
luxevaletto	1
b‚Ä¶happy	1
oow15	1
co/3vtdu8drcirt	1
freeparking	1
internettrendsrt	1
‚Ä¶annoyed	1
co/0ubenl4bw3!need	1
venue	1
co/gkbrdkd6xw	1
getaway	1
burden	1
luxevaletwe	1
confirms	1
placeboworld	1
co/o613jxcmjrrt	1
techcould	1
‚Ä¶don't	1
more!attending	1
co/8e2femzzsurt	1
gam‚Ä¶rt	1
hillaryclinton‚Äôs	1
carpool	1
parkingwoesrt	1
dropped-off	1
co/n1zi6sj7txrt	1
hadip	1
oct	1
pubs	1
walkrstalkrcon	1
literally	1
co/2drwuebzhjrt	1
phlbizdnorton	1
billyjoel	1
co/2twyopyoys	1
traditional	1
‚Ä¶today's	1
why?	1
co/ohhfrd75ifrt	1
turned	1
co/9zgvv7pqm2	1
vets	1
phillycome	1
cbsphillyexcited	1
co/a1f8xwtzq5rt	1
gramercy	1
disabilities	1
co/emf3ldzl46rt	1
seastartupweek	1
co/g3xte63xwt	1
co/wserex6x49	1
complete	1
the1975	1
newtechseattlewe've	1
co/x3wnuf38ix	1
c_pritchard	1
co/zufqeg48mfhappy	1
airbitz	1
co/33eih0pjapshort	1
sayanythingmuz	1
madeinamerica?	1
co/2iicjtclfvgreat	1
orchestra	1
i‚Äôm	1
co/okwrcikylwrt	1
noah	1
openmarketnyc	1
brian	1
webpass	1
overpay	1
months	1
mondayblues	1
expand	1
dtownbostonbid	1
monsoonfam	1
'parking	1
co/mbxgnkrwmwtonight	1
brunch?	1
krebsbr	1
co/txi0te8uiurt	1
keys	1
co/tiku6v2npbthe	1
co/akksf88nfj	1
eatdrinkgetluckyheading	1
appstore	1
playground	1
eats!attending	1
mcowger	1
db2015?	1
dads	1
17-10	1
firstdayoffall	1
month?	1
co/60j0gmkjenon-demand	1
cinco2015	1
remarks	1
andreadeana	1
co/xlmd8e1n5mon	1
$600	1
strategic	1
tank?	1
co/x9i3xz7me2don't	1
wework	1
co/tssrueaadcheading	1
co/xyzow81wq8enjoy	1
s‚Ä¶	1
engines	1
estimate	1
gosparks	1
mattjamesgarcia	1
breaking	1
sf‚Ä¶head	1
faneuilhall	1
piflabs	1
vigneshr	1
cnet's	1
moorski	1
-all	1
co/crfndfa5xfrt	1
justincampbell	1
rittenhousesquare	1
seniors	1
co/uasglpwtefnow	1
omg	1
awsamuel	1
co/h8emx1wple	1
clarkerocks	1
tuyen	1
dinnerrt	1
sfbay	1
co/reo5atu7ri	1
spotify	1
alsthe	1
connected	1
la_sparks	1
co/py6uilfchirt	1
assist	1
country	1
co/hqohu2b7uy	1
builders	1
co/rsunfzm3qm	1
luxe!	1
over&over	1
ooh	1
sfjazz?	1
w‚Ä¶	1
co/kkfthgbz4qrt	1
trivial	1
'sfrw'	1
vehicle?	1
luxe-	1
smiling	1
luxe!heading	1
parking20	1
buses	1
rogue1283	1
coin	1
locating	1
co/dzb1kame1care	1
labordayweekend?	1
pure	1
andrewdlee	1
fiesta	1
co/yntjdc5pom	1
assit	1
co/kohftdygo9	1
co/nyma8w8zyswe're	1
trivia	1
‚Ä¶are	1
'useluxe'	1
siemens	1
jcookesquire	1
bastille	1
competition	1
parkingall	1
‚öæÔ∏è	1
otb	1
wife	1
thoughtcatalog	1
profitable	1
amazeballs!	1
co/djwtiiixwrhe's	1
co/et9vvzyi2c	1
http‚Ä¶reserve	1
innovative	1
yola	1
co/taxoycdiemthere's	1
insiders	1
again!going	1
mural	1
personifyus	1
parkingdayrt	1
-clara	1
dark	1
_sfnightlife_	1
co/x8s4fqtn99	1
strictlyvc	1
connecting	1
weheartdtla	1
jeffpassan	1
co/duy‚Ä¶our	1
data	1
dineoutbosmake	1
co/ico0gaxkdkmondays	1
co/blzffdcvebrt	1
co/fs2g3n09p9opening	1
avoiding	1
climbing	1
marcchambers	1
nytimes	1
development	1
out!prepared	1
co/hlqqdaqoguthere's	1
rollerboard	1
hills	1
concierto	1
hosting!sometimes	1
ktlatired	1
soma?	1
ubereats	1
co/xzgqwz71kyhey	1
gregsf	1
co/ntdx72micnrt	1
mrodriguezbmx	1
salinat	1
jenniferdewalt's	1
stories	1
columbia_biz	1
allowing	1
kiro7seattle	1
bellevue	1
snag	1
gas/day	1
shannondowney?	1
co/sdwkskqit9	1
locations	1
garrytan	1
sfgiantsreduce	1
co/rkvhomxbmzrt	1
co/2zrurhlmzyrt	1
phenomenal!rt	1
wasted	1
air?	1
faster!traveling	1
co/ojp4vrbbsdhttp	1
pizza+beer	1
co/9kywmmli97	1
costumes	1
clutch	1
sagig	1
rondarousey	1
bottegalouie	1
park‚Äôs	1
off‚Ä¶100,000+	1
essential?	1
popsugar's	1
arrived	1
all-stars	1
listing	1
tedius	1
it!living	1
sf!rt	1
co/kgrbizhkic	1
co/pomdzlx9bn	1
>>>	1
broadway	1
mspcaangell	1
scootnetworks	1
pal	1
co/fzkdyrjdymhave	1
(spoiler	1
co/pihvdpzrsc	1
hackbright	1
deviantart	1
luxevaletüòÉüëå	1
davies	1
snow-less	1
co/fa‚Ä¶rt	1
pontifex	1
emerald	1
aqrestaurant_sf	1
rockies	1
remove	1
co/ylpeojx2hcnext	1
sharingeconomy	1
treasure	1
co/4wqph2ktyp	1
axispioneersq	1
co/nlc2hasre7luxe	1
monetaryslang	1
kissreleasing1	1
davorinkuchan	1
‚Ä¶bostonians	1
victory	1
peak	1
well-executed	1
colorado	1
co/tk48ys2xx8check	1
hectic	1
smartwatch	1
woothemes	1
co/btsxhccxh6	1
insidehookvalet	1
2/13	1
co/xhgkus9rwh	1
unpaid	1
luxevaleta	1
gamechange‚Ä¶rt	1
co/p2kbh082pnstarting	1
co/i5‚Ä¶happy	1
sketchtuesdays	1
joebot	1
2/20	1
co/cvo8asuwomwant	1
parkingsolvedrelax	1
natcarrasco	1
marcwmatthews	1
2/14	1
harvardbiz	1
co/qv1qq6xlz2	1
shimalip	1
laparking	1
dodgers	1
2/27	1
co/oetdkva5mxwe	1
kinda	1
entree	1
ui/ux	1
co/km5ri8x59s	1
ringsandredwood	1
sfgiantsyou	1
lakersemerald	1
range!on-demand	1
who‚Äôs	1
zipsters	1
kaiulanipaine	1
stre‚Ä¶reminder	1
co/cf9m94y4kh	1
co/orwi7fakcd	1
rowdy	1
gostorm	1
start-up	1
latimesbiz	1
co/hz90tq2hvu	1
verb?	1
spooky	1
co/kog1d9yzs4check	1
diveintolife	1
week?you‚Äôve	1
bumgarner	1
co/3jclntkqgirt	1
co/25jk7j3ajurt	1
playlist	1
co/mcpebngpbphi	1
luxevalet-	1
stpatsnyc	1
mathewlodge	1
parkyou're	1
‚Äúsweet‚Äù	1
victim	1
xmas	1
co/sta2kxarmncoming	1
appropriate?	1
deepak_nadig	1
kicked	1
co/ttygladqhwpreseason	1
luxevalet;	1
jessica	1
co/tpezs4g830rt	1
pls	1
reunion	1
etersf	1
co/wcvb9wia6prt	1
erinjeanc	1
rainakumra	1
custsev	1
merano	1
co/8wxgbwye9s	1
co/cya0gx6rrala	1
nomorefillupscheck	1
rutberg15	1
brianbeedavis	1
luxevalet‚Ä¶if	1
justmarried	1
co/hyhywlawjz	1
door!rt	1
co‚Ä¶wait	1
sfextend	1
john_chou	1
co/mu1oxpg4x6heading	1
nyerfest?	1
schwab?	1
star‚Ä¶rt	1
bravely	1
co/y6lqqggfklwe're	1
12/28	1
co/nbldi3bov9ko	1
soulcycle	1
co/7wsadzdgelget	1
co/lfnq5bwqrxrt	1
pop	1
co/7tnne1w8fyrt	1
ae86_racer	1
fabulousness	1
mornings	1
pot	1
frees	1
-pandora	1
trillion	1
gives	1
co/f8ksqeao5hcelebrate	1
manhattan	1
shaping	1
yacht	1
snehajain1616	1
dabbles	1
valethey	1
continue	1
co/3pv5vjo1bz	1
sanity-saving	1
bryant	1
brettreed15	1
hayes	1
pro	1
co/fgk6lioh03last	1
playing	1
twoffice	1
leftsider	1
dtlasummerwe	1
co/uas6bwq9cv	1
woodandvine	1
psl	1
luxe‚Äôs	1
hooked	1
skoolsf	1
co/nirix6yjscwe're	1
evernote	1
fitnesswe	1
perf	1
sfstation	1
free&	1
co/x9i3xz7me2see	1
meet?	1
typical	1
co/omqemh2z8h	1
hungry?	1
shadow	1
jacobjaber	1
digitalmunch	1
circles	1
michelin-starred	1
xxlal7	1
givewhereyoulive	1
co/bdubdgddgw	1
co/kx4pbsqz9drt	1
grows	1
mirrors	1
$15+tip	1
missteps	1
heritage	1
them?	1
rn74_sf?	1
apparently	1
lovinfoodrescue	1
parkingwars	1
circled	1
potrero	1
surprise!drive	1
artist	1
next!we're	1
jaw-dropping	1
co/tgciqhajfeluxe	1
brahms'	1
wscsf	1
seaholidays	1
theme	1
grown	1
co/vfht1npd4ert	1
prob‚Ä¶rt	1
parking‚Äîuse	1
nightstand	1
hocr	1
replace	1
and‚Ä¶rt	1
listen	1
wondering	1
roarforgood	1
co/feob7vpjpjwith	1
grubbing	1
street-cleaning	1
fallinlovewithparkingboston	1
se‚Ä¶rt	1
‚Äúeveryone	1
hparkny	1
co/1dwhohvqqvheading	1
taco	1
maddonlinethe	1
elise	1
co/xwslwmuwlort	1
tonyhicks67's	1
rocking	1
co/ioqbjlj8kxroving	1
co/4ulr6epyicmerry	1
mahler	1
t‚Ä¶glad	1
üç´the	1
ohshethrives	1
general	1
la_magwe‚Äôve	1
-tweetbot	1
thefutureisnow!mark	1
hblodget	1
co/r2do2tfybp	1
grubbin'	1
requirements	1
clear	1
clean	1
disruptepreneur	1
parked?	1
simpsons	1
marking	1
listed	1
‚Ä¶cheapest	1
co/jq2yycvz6b	1
francisco's	1
co/3ojukar835	1
co/xsycnatnkcrt	1
safer	1
co/ftgyumvmmlrt	1
valetrt	1
like-minded	1
out!rt	1
it‚Äîhere's	1
jump	1
co/1jyyzouh5htake	1
combo	1
emshusty	1
steviewonder	1
hollywoodbowl?	1
tags	1
sfmuni	1
co/v0ulcjhb1y	1
bumbershoot2015	1
skyline	1
co/yorj6nb5fggood	1
co/jhgkbqnoebevery	1
co/mblbl0vvzc	1
valets!	1
co/q15lkubdij	1
co/3iqlzfn3twour	1
co/o1ztrmql2brt	1
june	1
co/wvub17rl18	1
co/vpjpcxe71pnew	1
techzone	1
hold	1
co/aydm49geifrt	1
hustles	1
co/mtm6z9zkae	1
summerstage	1
americasbestüì±üèÉüèªüöôüîëüá∫üá∏üòâüëçüèª	1
rubber	1
brianp	1
smartphone-connected	1
dedicated	1
hustled	1
co/zggtnuhqx6check	1
‚Ä¶you	1
sigrid	1
fide	1
perkinscoiellp	1
luxetips	1
danny	1
iamcatherineg	1
co/0qipjkvjq4	1
oscars2015	1
seattlesfestivalrt	1
introductory	1
passes	1
$25,000	1
taylorswift13	1
reception	1
co/ba7iomulrtluxe	1
jury	1
fallinlovewithparkingmake	1
remembering	1
co/8vjnihrdyothanks	1
com!meet	1
w/promo	1
sfwant	1
jason7	1
chicagoheaded	1
2016	1
co/xqzipxpq5k	1
sf30k	1
co/f0zbxsmpw7rt	1
kiasuchick	1
westinstfr	1
co/dhjjpnrizujohannes	1
hook	1
abc7chicagouber-like	1
bernstein	1
southern_living	1
cream	1
stupidexcited	1
co/bdcfsvbn7rnumber	1
jauntyliving	1
heavy	1
transportation?	1
(1st	1
hardest	1
arclightcinemas	1
cancelled	1
(remember	1
sparkly	1
summed	1
co/weygixxtxscheck	1
co/klfdmeisejgetting	1
valeting	1
co/zms5kbx28i	1
park!rt	1
cheape‚Ä¶	1
member	1
cscottgeorge	1
luxegiants	1
slublockparty	1
mayweather	1
co/h1vmuwtaio	1
sflast	1
socially	1
machine	1
co/4knxgjvheu	1
hops	1
co/srdp8jqgwvpay	1
co/t52ohvuca1hi	1
letotekristen	1
serve	1
seats	1
t‚Ä¶checkout	1
$80+	1
staplescenter?	1
waitlist?	1
film	1
sort	1
co/wrgpqc8gmq	1
experiences	1
com‚Ä¶grab	1
task	1
bostonglobelet's	1
true	1
co/y9qjdkhlp4pleased	1
sore	1
ht‚Ä¶driving	1
laphil	1
mnf?	1
marian021386	1
co/nm7wm2xqg4rt	1
zack415	1
co/6cgh2w63tewe	1
try;	1
hopskipdrive	1
leadership	1
time!$10	1
styleadjacent	1
co/ypwbzpih3v	1
sfgcjm	1
writer	1
üíôüíört	1
co/glmcfjjtlopac	1
b/t	1
co/dohvol231sup	1
scream	1
co/damo0ocfed	1
theheartseries	1
maiab	1
sol‚Ä¶stop	1
$82k	1
_loveallthis	1
co/8ccbnkd4fb	1
co/qxdsrhpfgathis	1
co/7y88x7cqcu	1
enthusiastic	1
suppa	1
‚Ä¶had	1
travelleisurerest	1
lafoodwine	1
eriktorenberg	1
piercetheveil	1
servic‚Ä¶you	1
co/swegyyr03wexcited	1
muc‚Ä¶rt	1
co/ay9eb2haub	1
mattgambo	1
atxstartupweek	1
‚Ä¶announcing	1
3-4pm	1
ohnyweekend	1
co/stf74xgbpo$50	1
we‚Äôd	1
maids	1
co/kjsfzt51ho	1
five	1
(edt	1
parkingrt	1
co/lvvajdxi4rwe	1
renters	1
üçÇüöò	1
co/i5t5yifun5we	1
hunger	1
parking!10	1
channels	1
luxebostonrt	1
installed	1
transpo	1
upend	1
lawsuit	1
wowza	1
nsmeetup	1
parkingon	1
it!we're	1
meeker	1
co/ezov9jmzkn	1
wellobox!two	1
co/vnqebyaslhwe're	1
america?	1
life?	1
late-night	1
co/1or44hjscldrive	1
co/m5ke1rqzro	1
ns0n	1
(via	1
luxevalet!!	1
jeff	1
1871chicago	1
co/r1lugplq60rt	1
though???	1
7/19	1
parkingdo	1
soundersfc	1
jameson's	1
lindsaymeyer	1
attending?	1
dropo‚Ä¶rt	1
co/4tlq23ox3jwe're	1
co/hkvjiahgujneed	1
awesome!!	1
marinersare	1
co/sjfsz4zyggwell	1
cus‚Ä¶pretending	1
co/vsgfh00zzwplotting	1
turtlemoonworld	1
co/yqjbxitcqkthis	1
the1975rt	1
game5	1
happythanksgiving	1
witnessed	1
co/qmaftdmltqagreed	1
co/p9uwejjfci	1
co/ph5xbfs7etrt	1
fascinating	1
co/te8w9y9ru7$80	1
co/bmve0zrgg2watch	1
evolving	1
sfgiantsrt	1
dislike?	1
observeravoiding	1
co/u3ikvjln3cdreamforce	1
co/hvpigxslnx	1
co/dha77qvscyrt	1
co/4ujhrfk5zxdogs	1
tight	1
freeways	1
struggles	1
&promo	1
co/hsxf2gojyo	1
‚Ä¶hey	1
commitment	1
intrater	1
travelers	1
bees?	1
squid	1
professionals	1
iluxenyhello	1
oraclechoose	1
nicufamilies	1
holding	1
public	1
co/h6aiwlvum1	1
th‚Ä¶hey	1
(4/5	1
co/usnhhdsy9n	1
co/ilhz4opdunhave	1
madeyoulooklook	1
mjhrrs	1
expensive	1
trade	1
nchraconnect	1
co/otmtury2ghrt	1
attparksf?	1
ambassador	1
hassles	1
eta's	1
co/sdgrvwkks2no	1
simple?	1
co‚Ä¶gravity	1
jjohnson454	1
building	1
setting	1
lamayorsoffice	1
co/n9mexgz4l1rt	1
co/vqivp7rv6srt	1
co/iziy7nboykrt	1
nycrestaurantweek?	1
45pm	1
marcodellacava‚Ä¶rt	1
naregder	1
selfdriving	1
co/hwhowzavhrhere's	1
co/qwjohbascc	1
aaa	1
co/4d5fqu6x31	1
val_warner	1
jimmykimmellive	1
(est	1
co/lxcsbpkxmk	1
dollar	1
shopping?	1
rolling	1
scott	1
awarded	1
littleitaly	1
maxing	1
swing	1
abt	1
spin	1
nsylianteng	1
co/qmmhldir6ccheck	1
opportun‚Ä¶rt	1
fleet	1
couple	1
nicolasgramlich	1
co/qmqzpn6mrvhey	1
red	1
co/yx9upymtok	1
helped	1
rep	1
dreaming	1
hubweek	1
catzingano	1
hard-core	1
washington	1
monday!	1
magically	1
gadgetry	1
flexin'	1
close-ups	1
simplicityguy	1
happiness	1
sorry	1
furthest	1
co/pzhlnqk0j2	1
luxevaletthe	1
message	1
juliana_f_reyeswe	1
2nite?	1
truth	1
nationbuilder	1
godmother'	1
mariolopezextraif	1
app-controlled	1
dude	1
openingnight	1
ago	1
curtislee!	1
rumors	1
co/bpd4k35vregive	1
rid	1
geoffreyfowlerrt	1
patience!sorry	1
muscles	1
eggs	1
co/vxg39tiior	1
urbanization	1
system	1
co/wcfn7epmulrt	1
co/uluzr3hoen	1
'em!join	1
algorithms	1
nada	1
$900	1
co/ylcrqhsz5w	1
co/ubekwmz9rj	1
accommodate	1
vacation	1
smorgasburg	1
wheelermcgowan	1
co/kcrjjeytmtthere's	1
tacos	1
ajs	1
co/fpww6jgzcbrt	1
thefutureishere	1
(useluxe	1
worldseriesrt	1
year?	1
icing	1
rmb	1
shared-use	1
jacksonchance11	1
co/r9fq‚Ä¶rt	1
amongst	1
cage	1
snow?	1
us‚Äîwe	1
wickedgood	1
boweryst	1
always	1
ktvutraffic	1
jimlecinski	1
co/yi9s‚Ä¶be	1
ku‚Ä¶rt	1
hands-down	1
annanomz	1
la‚Ä¶rt	1
cahs	1
‚Ä¶could	1
meters	1
centralpark	1
luxeaustin	1
worldworkout	1
ballgames	1
‚Ä¶only	1
bendgate	1
singles	1
goemerchant	1
co/jsezjromgzwe	1
co/xcb5syerkq	1
co/j97oznrmwxrt	1
foods	1
alphameet	1
uber-like	1
brainer	1
parthasundaram	1
hires	1
apf	1
cake	1
co/xvjgbbdc0v	1
sweater	1
stuff?	1
dunk	1
littlest	1
co/pmqx8cfit9	1
co/plhkybuopuit's	1
sunday's	1
increased	1
madenightlife	1
grabs	1
matching	1
automobile	1
presidio	1
too!!rt	1
co/iriqxifqu5rt	1
vice	1
thoughtful	1
co/lwvri4jwtwour	1
sootheapp	1
ownership	1
partners	1
($5/hr	1
ass	1
out?	1
chicagoinnort	1
reportedly	1
festering	1
happycustomer	1
boma	1
co/sjwycifdhp	1
view	1
co/2vnl7upwmgrt	1
co/2ulf0hifzm	1
davewolfson1	1
co/fh0rsx4vtrstrengthen	1
signs?	1
co/uibfk8xls0attending	1
micah	1
mom?	1
out!	1
sfget	1
centurylink_fld‚Äî&	1
bold	1
luxephillyready	1
marina/cow	1
co/r1yaizyrxsthese	1
aus	1
rklau	1
benefits	1
crunch	1
itdo	1
co/vyx5ktmync	1
seattlestorm	1
swstheband	1
nationalcoffeeday	1
fridays	1
innov8tivmag	1
kicking	1
avg	1
grilled	1
bloombergwest	1
boot	1
vc‚Äôs	1
lunch?stopping	1
introduce	1
bong	1
newborn	1
usatoday	1
bond	1
bona	1
bill+all	1
conchiglie	1
car-	1
co/zfardnfdpyicymi	1
'the	1
co/1vlanyvtfrcongrats	1
developers	1
jonathan	1
utahjazz	1
anxious	1
co/7zi6n4yfqwrt	1
broad	1
co/snkfkkkgzwhey	1
participating	1
greater	1
cash	1
slick	1
it'll	1
ga_la	1
trunk	1
spookeasysf	1
twallack	1
hoodlinesf	1
jungle	1
co/5vlaxrdaxithanks	1
bradnolan	1
demos	1
handwriting?	1
co/glyhtbtgiqrt	1
pattern	1
exercise	1
tribezafolsom	1
roadtrippers	1
celtics	1
heels	1
co/h9djjee9qigoing	1
cats	1
catm	1
bvatere	1
co/nrxoqcvgdx	1
app!rt	1
bout	1
luxing	1
co/e0x6i5y9cm	1
b‚Ä¶everything	1
drinkcraftbeerin	1
co/lphbwbgnwtthanks	1
talent	1
over‚Äù	1
co/svrahkanmowe	1
apf!mark	1
memorable?	1
co/91qzdlb3n2we	1
(for	1
gavinmcgarry	1
3percentconf	1
scootersrt	1
builtinaustin	1
cbsphillynew	1
gregbettinelli	1
latinageeks	1
inspiration	1
interactions	1
kips	1
mondaymotivation	1
nomoredingsrt	1
co/clwye‚Ä¶	1
sai	1
sfgov	1
‚Ä¶hi	1
sandwich	1
co/blggninnod	1
netmag	1
iphone-like	1
spread	1
co/mxytebsy0p	1
co/ompxjqnx8pwe	1
co/o0pmw89ya6	1
luxemissonhave	1
bad	1
cozen_oconnor	1
bag	1
boys	1
($10	1
co/giln4qygjy20	1
record-breakers	1
co/iuhnzterbo	1
clean/	1
co/pxmeevaaqe	1
butterchrnr	1
wdmh!rt	1
amanda	1
co/illzzahahdcome	1
jaredshelly	1
downright	1
bbq	1
de-stresses	1
bookofmormon	1
globe	1
greeterdan	1
cbsnewyork	1
applause	1
paparoach	1
heyday	1
strong	1
pin!beat	1
deaf	1
sf;	1
dead	1
proves	1
co/zojb60dkcu	1
co/t4qnsvq9jqthis	1
icecube	1
be?	1
seattletimeswe're	1
bradcoin	1
sfa	1
river	1
craziness	1
sfo	1
c‚Ä¶la	1
co/uhnxidcfqtin	1
beauty	1
beverlyhills	1
co/ycwzyuruuwand	1
oktoberfestsfrt	1
mon‚Äìthurs	1
timeoutnewyork	1
co/pxna5fmieqthe	1
chblockparty	1
closures	1
lalive?	1
co/bqunlthgdt	1
co/zj70vpobeert	1
dougknowles76	1
cardinals	1
phillyzoo	1
nationaltacoday	1
deep	1
forgive	1
1/23	1
exhibits	1
/cc	1
westside	1
1-2pm	1
sanfranciscowho	1
co/qxdsrhpfgart	1
conversion	1
t‚Ä¶heading	1
six	1
startupweeksea	1
co/1ugsgh5aaihave	1
football	1
phillyjackie	1
modes	1
danemhoward	1
soon!here's	1
‚Ä¶we	1
upgrades	1
co/n9mexgz4l1big	1
bloodhoundsf	1
commuters	1
ybca	1
inquire	1
large	1
üé∂come	1
svangel	1
someday	1
carnaval	1
co/nz9uircbxm	1
techshop	1
luxevalettake	1
‚≠êÔ∏èamazing	1
co/fjiocr7rnt	1
co/zpfr44vnt7check	1
luxelalet	1
pacquiao?	1
use‚Ä¶only	1
‚Äúcommercial	1
laartshow	1
‚Ä¶w/	1
smb	1
founder‚Ä¶have	1
u/i	1
-luxe	1
co/otnog4yl5rrt	1
w/code	1
hopefully	1
tradition	1
table	1
co/p0enxq4p2zhere's	1
creator	1
ht‚Ä¶luxe	1
co/53prd5apfvinteresting	1
greatrt	1
funny/interesting	1
$22,000	1
philzcoffee?	1
d/l	1
co/vpcxvugekfwondering	1
theirs	1
several	1
traction	1
angel	1
icymi	1
deli	1
fallinlovewithparkingenjoy	1
proceeds	1
jdtoystory	1
shaniatwain	1
inthecloud	1
'lovewins'	1
on!rt	1
designchemist	1
_jeffchen	1
11am-12pm	1
znoorani	1
box	1
boy	1
switch	1
co/k‚Ä¶rt	1
co/tzatttrxiawe've	1
curbed	1
1/3	1
co/pznrr2yy4vdon't	1
5mil	1
co/odah6mujohchecking	1
co/jajkbwo8qn	1
delk	1
legokidsfestrt	1
brahms	1
102	1
co/30zi1yoain	1
103	1
108	1
closest	1
st?	1
co/uld34b8z0h	1
handles	1
dancing	1
dongiovanni	1
sur‚Ä¶finding	1
110	1
co/‚Ä¶thanks	1
louiebylouie	1
co/kqdvu6guxort	1
insanely	1
Ôí¶ÔöóÔöøtaco	1
horse	1
actors	1
requested	1
instartlogic	1
executedrt	1
daytime	1
classicdunlap	1
pride?	1
sweetncreamy	1
extended	1
co/qep9yq3evhrt	1
serving	1
ma'am	1
drinksontap3‚Ä¶2‚Ä¶1‚Ä¶	1
tgiffrt	1
insidehookat	1
co/an4wrdpx1a	1
11/28	1
co/fmvt3lljfdmeet	1
participants	1
bts	1
storm	1
manager	1
‚Ä¶luxe	1
co/jvljex7ck5rt	1
travelleisureseattle	1
roscoe1128	1
svp	1
honoring	1
thrillistrt	1
alldaydotcommore	1
bus	1
symbol	1
app's	1
fenwaypark	1
üëªüéÉ	1
chicagowhat's	1
waffles	1
express	1
advocate	1
uniqlochicagothat	1
mobileapptimize	1
co/nxlqyfjunfdear	1
instantly	1
worldseriesin	1
co/jxnyahwmowrt	1
co/wwsluvj4jxsee	1
co/6d3x0fi1ueluxe	1
elizabethstmom	1
robtfrank	1
whatsnext	1
co/nqh3syezqubased	1
oracle	1
co/5a1uegenmhhappy	1
today‚Ä¶just	1
dtlasummerout	1
parking!check	1
co/tpmhsrdtgj	1
runsea15	1
garages	1
refilling	1
higher	1
there!hey	1
by?	1
170	1
amnh	1
kennyherman	1
backing	1
worldemojiday	1
games!?	1
co/bvjifqehn6	1
co/re6bpfclbf	1
carollani	1
useluxe	1
tested	1
tester	1
co/yldretnqfpone	1
parkingsolvedfrom	1
acttheatre	1
co/0mjkmjieyuhow	1
mondayfunday	1
goal	1
luxebostonsign	1
benefiting	1
icmarkhopkins	1
lacocinasf	1
bluestemsf	1
kaizenbarry	1
grow!!!rt	1
co/n6atrvv07shey	1
‚Ä¶who	1
range	1
co/i3tycsweup	1
there‚Äôs	1
rock	1
co/7vh8kypg7uin	1
feature	1
co/fldopotv14luxe	1
parking-protected	1
co/ytrxdbxt5v	1
sfneed	1
pipelinephilly	1
parkingsolvednice	1
co/he49ojj37q	1
c‚Ä¶we're	1
normanliang	1
sandwiches	1
washed?	1
teammates	1
tab	1
valetmadeeasyplease	1
tag	1
versa	1
taylor	1
googleio	1
jamie	1
ryanspoon	1
üöôhey	1
co/ejtwfquiwsglad	1
champs	1
co/pqslbwelvca	1
jeanstrinh	1
cc/	1
drama	1
tcd	1
co/zxzuw6bqq2rt	1
gxchicago	1
cat	1
village	1
co/mh0k1v4hloour	1
msgladysknight	1
cbo	1
off/pick	1
co/jnlysot8i5	1
