driver	146
ride	102
whyilyft	59
just	54
rides	48
get	45
thanks	36
free	35
today	35
line	34
day	33
new	32
time	29
drivers	27
code	26
best	25
$5	24
use	24
driving	24
make	23
now	23
nyc	23
got	23
like	22
starbucks	20
see	19
back	18
love	18
starbucksicedcoffee	18
take	18
first	18
car	18
win	17
life	17
lyftbiebermode	17
way	16
great	16
ever	16
weekend	16
night	15
sf	15
playing	15
home	15
morning	15
thank	14
need	14
la	14
johnzimmer	14
one	14
work	13
people	13
justinbieber	13
getting	13
tomorrow	13
chicago	12
money	12
around	12
gave	12
amazing	12
know	12
last	12
airport	12
san	12
awesome	12
snapchat	12
taking	11
took	11
50%	11
$20	11
glozell	11
live	11
krisbryant_23	11
passengers	11
passenger	11
story	11
going	10
made	10
traveltuesday	10
francisco	10
might	10
purpose	10
much	10
happy	10
city	10
magicmode	10
cars	10
album	10
party	10
buy	10
ridesharing	9
good	9
better	9
enter	9
year	9
give	9
fun	9
help	9
coffee	9
yesterday	9
summer	9
app	9
through	9
show	9
‚Ä¶rt	9
zombie	8
full	8
lyftzombiemode	8
fleetweeksf	8
never	8
go	8
support	8
driver's	8
proud	8
future	8
using	8
takes	8
chance	8
week	8
ready	8
‚Äî	7
check	7
pink	7
right	7
month	7
credit	7
justinbieber's	7
transportation	7
look	7
fest	7
community	7
learn	7
highfivelyft	7
airports	7
game	7
easier	7
logangreen	7
come	7
julepmaven's	7
tonight	7
manhattan	7
tips	7
route	7
hop	7
together	7
find	7
cities	7
sfoutsidelands	7
friend	7
makes	7
half	6
motivationmonday	6
making	6
tix	6
sfgiants	6
introducing	6
shoutout	6
met	6
across	6
boston	6
share	6
lyft's	6
sharing	6
next	6
vegas	6
halloween	6
maxgschneider	6
nationwide	6
lyftgiants	6
travel	6
meet	6
hope	6
glow	6
celebrate	6
pride	6
score	6
co/mvdofkv1y9	6
always	6
df15	6
shareyourglow	6
join	6
office	6
co/ptcyf2mmca	6
road	6
safe	6
after	5
well	5
falafel	5
less	5
undercover	5
pack	5
polish	5
taimmobile	5
we‚Äôre	5
still	5
music	5
co/8jrwqna8vv	5
dance	5
tour	5
news	5
catch	5
prizes	5
üôè	5
seat	5
magic	5
ride?	5
yours	5
pay	5
guy	5
co/iuvvo1o2hp	5
friday	5
giving	5
siliconnstars	5
marathon	5
video	5
yes	5
before	5
request	5
every	5
breakfast	5
guys	5
scoop	5
college	5
local	5
aliceinchains	5
shopping	5
pizza	5
afternoon	5
‚≠êÔ∏è	5
little	5
comic-con	5
dinner	5
moregooddays	5
big	5
world	5
break	5
streets	5
teamed	4
sunset	4
hard	4
women	4
save	4
top	4
adventure	4
two	4
watch	4
all-star	4
hours	4
bright	4
experience	4
shows	4
park	4
delorean	4
verizon	4
forward	4
ccela	4
band	4
singing	4
30	4
whole	4
mom	4
enjoy	4
flexibility	4
snooze	4
walking	4
spend	4
stop	4
sweet	4
gift	4
partnership	4
dreams	4
another	4
instyle	4
outside	4
keep	4
excited	4
partner	4
announce	4
whynotwednesday	4
seattle	4
dream	4
head	4
lands	4
country	4
promo	4
selfie	4
conversation	4
even	4
riders	4
monday	4
everyone	4
tarynmanning	4
vote	4
put	4
happyhalloween	4
trip	4
comes	4
asklyft	4
vision	4
everlane	4
back-to-school	4
asks	4
austin	4
radio	4
discounted	4
drove	4
something	4
concur	4
perfect	4
fleet	4
nothing	4
mode	4
read	4
reason	4
came	4
lyftnation	4
view	4
street	4
iced	4
downtown	4
sunday	4
bottled	4
enough	4
bad	4
select	4
mimilyft	4
backtothefuture	4
uplift?	4
place	4
limited	4
hosting	3
turn	3
ceo	3
vivalyftvegas	3
tweet	3
cancer	3
went	3
loves	3
co/wblximlfgj	3
became	3
cry	3
moment	3
passenger's	3
thing	3
fashion	3
stability	3
tech	3
toboewolfyote	3
stars	3
season	3
coast	3
cheesecake	3
done	3
part	3
someone	3
build	3
easy	3
wednesday	3
cubs	3
tweets	3
thewalkingdead	3
100kopportunities	3
signed	3
being	3
man	3
backpack	3
wonderful	3
shared	3
mix	3
needed	3
step	3
economy	3
anniversary	3
official	3
leave	3
end	3
special	3
happens	3
lildickytweets	3
magenta	3
lauracope	3
cheers	3
feels	3
grab	3
campuses	3
town	3
herbiemerrin	3
used	3
looks	3
snacks	3
fyffest	3
visit	3
food	3
dc	3
https‚Ä¶	3
en	3
shopideel	3
hsb15	3
else	3
im	3
üòç	3
picked	3
student	3
oh	3
st	3
luckyladylyft	3
ended	3
factory	3
york	3
ahead	3
wise	3
list	3
young	3
service	3
wait	3
extra	3
welcome	3
meeting	3
landed	3
want	3
sunrise	3
found	3
things	3
outsidelands	3
co-founder	3
hit	3
chef	3
beep	3
waiting	3
diego	3
soon	3
america	3
headed	3
5th	3
friends	3
teaming	3
zombies	3
face	3
again	3
fair	3
boysan	3
favorite	3
doodlelyft	3
t‚Ä¶rt	3
fans	3
allrock_8	3
photo	3
add	3
vacation	3
paypal	3
yourself	3
techtrivia	3
freedom	3
nationalcheesecakeday	3
also	3
xoxo	3
bay	3
parade	3
views	3
c‚Ä¶rt	3
fly2015	3
hello	3
brought	3
download	3
high	3
officially	3
lyft?	3
nights	3
periscope	3
between	3
guide	3
rock	3
seeing	3
feature	3
hits	3
lovewins	3
goes	3
person	3
favorites	3
tune	3
really	3
hall	2
pick	2
brooklyn	2
‚Äù	2
‚Ä¶	2
left	2
telling	2
lyftangel	2
roll	2
gold	2
pier	2
venti-sized	2
wheels	2
thx	2
tip	2
delivering	2
son's	2
co/irpkrzpcwr	2
disco	2
loved	2
claytonkersh22	2
bringing	2
matter	2
thanksgiving	2
raise	2
nylonmag	2
traffic	2
actress	2
drive-thru	2
improve	2
times	2
11/13-11/19	2
caught	2
tue	2
concert	2
carey	2
cup	2
shout	2
think	2
friends?	2
paying	2
ultimate	2
easiest	2
house	2
‚ù§Ô∏è	2
co/arbaus8f4t	2
today's	2
uswntparade	2
dad	2
celebrated	2
keeps	2
minutes	2
runnikewomen's	2
transbay	2
bucket	2
treatment	2
thrilled	2
mini	2
business	2
possible	2
üëäüòÉ	2
happiest	2
brings	2
co/z3gewgwkmd	2
miss	2
company	2
msanonymous	2
beach	2
lunch	2
sasha	2
lyftingamerica	2
map	2
bless	2
opera	2
feel	2
becomes	2
directions	2
wrigley	2
comic-con?	2
breast	2
veteransday	2
97th	2
instagram	2
goals	2
11	2
12	2
quality	2
boost	2
eliminate	2
long	2
star	2
open	2
treat	2
co/1w8hrdugvr	2
surprise	2
mlb	2
invited	2
flying	2
wthomasmarks	2
winning	2
80	2
reliable	2
van	2
lots	2
voice	2
htt‚Ä¶rt	2
mtv	2
visitors	2
mustardlane	2
tickets	2
schwarzenegger	2
oscardelgadonv	2
hands	2
via	2
vip	2
cruising	2
shade	2
volume	2
(and	2
rich	2
career	2
told	2
tried	2
right?	2
sfpride	2
drives	2
holiday	2
humpday	2
financial	2
üòçüòçüòç	2
credits	2
chose	2
tonight's	2
companies	2
eye	2
$500	2
vibes	2
lyftglozell	2
riot	2
classic	2
co/s35k2mmm0r	2
research	2
huge	2
girl	2
blind	2
color	2
nearly	2
statement	2
delivery	2
green	2
breaks	2
urban	2
fam	2
far	2
dashboard	2
chocolate	2
onlyinsf	2
explore	2
survival	2
alone	2
along	2
bring	2
üí•	2
grow	2
sure	2
madonna	2
kershschallenge	2
üî•	2
co/s9cjjg78bc	2
won	2
justdance2016	2
celebration	2
spanish	2
hi	2
easily	2
perks	2
talked	2
$15	2
‚Ä¶when	2
üòä	2
pandora_radio	2
feeling	2
grabbing	2
ny	2
pretty	2
pt	2
old	2
beverlycenter	2
omg	2
sp	2
started	2
paigenomadgirl	2
w/	2
details	2
jaredevan	2
destination	2
trivia	2
hell	2
iphone	2
treatyoself	2
south	2
five-star	2
noon	2
course	2
cool	2
dallas	2
fleetlinesf	2
gig	2
riding	2
hsbfest	2
dicky	2
stories	2
follow	2
magical	2
tuesday	2
üòäüëäüèª	2
challenge	2
scenic	2
begins	2
you?	2
talking	2
arrived	2
now|	2
lights	2
americans	2
god	2
clintonsparks	2
area	2
caffeine	2
mobile	2
delivered	2
changing	2
loyalty	2
warriorsinpink	2
coolest	2
heading	2
phd	2
hiphoplyft	2
whatsupdanny	2
'aliceinchains'	2
working	2
reality	2
gives	2
2nite	2
philzcoffee	2
warm	2
wars	2
retired	2
co/xvfyzk6ibz	2
lesson	2
chris	2
waze	2
square	2
mariah	2
beyonc√©	2
jaysonrodriguez	2
clean	2
suggestions	2
lyftforwork	2
neomajardon	2
opportunity	2
hot	2
|live	2
blast	2
linkinpark	2
june	2
calls	2
sometimes	2
questions	2
talk	2
zones	2
2015	2
action	2
song	2
positive	2
evening	2
smile	2
lyftforgood	2
fine	2
seriously	2
heart	2
transit	2
true	2
community's	2
coming	2
uplift	2
saturday	2
pyplxosl	2
actually	2
showed	2
sanairport	2
inside	2
independence	2
arnold	2
rewards	2
reasons	2
guitar	2
blogher15	2
spree	2
advice	2
moments	2
listening	2
currently	2
texas	2
lamayorsoffice	2
swing	2
fast	2
week?	2
trmao	2
swift	2
lyft-inspired	2
choose	2
years	2
signing	2
rating	2
c/o	2
thought	2
cake	2
jam	2
hunterpence	2
hosts	2
demand	2
inspiring	2
worth	2
kids	2
co/afnaxttq6k	2
nationalicecreamday	2
ownership	2
kick	2
donate	2
newest	2
aux	2
you‚Äôre	2
nationalcoffeeday	2
learned	2
untz	2
giants	2
stranger	2
'til	2
vehicle	2
cooking	2
chamillionaire	2
luck	2
navy	2
whyilyftrt	2
wrapped	2
job	2
inspiration	2
mondaymotivation	2
patient	2
saw	2
hopped	2
offer	2
drive	2
strong	2
deal	2
joined	2
words	2
glowing	2
deck	2
jersey	2
living	2
congrats	2
thankful	2
costume	2
y‚Ä¶rt	2
side	2
missed	2
restaurant	2
change	2
first-ever	2
behind	2
candy	2
total	2
awards	2
lyftline	2
county	2
reunited	2
atlanta	2
lyft!	2
sun	2
charlieroseshow	2
surprised	2
launch	2
express	2
co/gbkpnwkrrv	2
passion	2
away?	2
idea	2
docker	2
gwenstefani	2
meerkat	2
snoopdogg	2
loans	2
tbt	2
greatest	2
match	2
colleennosbisch	1
prepare	1
co/fasmrc1mpgneed	1
co/yr97n6xc7sd	1
spilling	1
‚Ä¶because	1
co/10tuepd8qtrt	1
femvertising	1
beller	1
twdfanpremiere	1
kellyknauf	1
co/aplvyrzmcrwhen	1
kacilorts	1
co/wiamefsxsart	1
pics	1
!	1
co/38ijlaen0u	1
'	1
'no	1
coincide	1
scratch	1
co/kdkzzfiulf	1
/	1
0	1
size	1
triple	1
üò≠happy	1
co/lwmcj4fqas	1
;	1
atlblackstar	1
oraclesf1	1
?	1
!!a	1
hiked	1
lombard	1
co/jbtjnlazwj	1
co/x6gn7ecy6l	1
sxsw2016?	1
co/r36ewrzgwkrt	1
pies	1
reconnect	1
co/3e76yqnsao	1
procedures	1
commission	1
flip	1
connect	1
hand	1
rebuild	1
co/7uqzvcvyrx	1
ordered	1
lunchtime	1
drivers'	1
eating	1
tha	1
twklgbtq	1
regain	1
insightsbyapril	1
co/vl7vbkxnghwant	1
üá∫üá∏rt	1
co/wpdju4iagx	1
co/ymkyzxhat3rt	1
co/v9upn1iv0l	1
empty	1
top-rated	1
serious	1
fashion?	1
others	1
laugh	1
co/fzchel1wij	1
co/xzcod9dwmd	1
co/wfpdmzrawqkitten	1
walker	1
friyay	1
sang	1
supposed	1
mattnathanson	1
tyler_hepke	1
justin's	1
insider's	1
ogdentheatre	1
saturday's	1
know‚Ä¶rt	1
üé∂lyft	1
marygrove	1
patiently	1
ensuring	1
windsor	1
theruplyft	1
tlc	1
other'	1
cheer	1
flight_of_fire	1
slayin'	1
21st	1
melodykho	1
and‚Ä¶	1
hilarious	1
co/bjemjqctgu	1
co/hzedqrhllt	1
experiment	1
order	1
protecting	1
lavolv	1
co/ouczamufxzwe're	1
co/sotabkv4lm	1
traveling	1
quinn	1
rains	1
_kevin_pham	1
day!rt	1
sister's	1
spots	1
crazy	1
co/5z8utjd11u	1
homage	1
cmj	1
co/btqdmmcnqv	1
co/5ullrm62d0	1
üöóüòä	1
josephkhawly	1
ton	1
caitlyn	1
co/r‚Ä¶as	1
statewide	1
product	1
reminder	1
co/k9nziv9j2k	1
whyilyftjason	1
20-something	1
communities	1
pewtrusts	1
lets	1
identical	1
co/u6vchxbv32not	1
co/m3co227upz	1
biggest	1
coffee!	1
co/inqbsbrqfi	1
las	1
lax	1
tri	1
co/73mpesxyhl	1
co/tptgq2vcuwrt	1
lyftrt	1
208	1
try	1
co/wp0ugqi9uqfashion	1
arizona	1
üôåüèºüëäüèºüëçüèº	1
co/wsjske1pxbwhen	1
direction	1
co/xeuknoos9xrt	1
kristaseiden	1
broward	1
bachelor	1
realizing	1
selfies	1
doctor	1
co/41k2pbldbutruth	1
kratch1984	1
co/kiwkd7ookq	1
traveled	1
flops	1
üåÜüëâüèºüì±‚ú®üîúüöòüëäüèªüé∂üç¨üíñüè†üçïüí§	1
eurythmics	1
co/k‚Ä¶honored	1
üëå‚Äúit's	1
crowdpac	1
co/nem8er1ixkrt	1
swiggly	1
tug	1
leg	1
beautiful	1
mountain	1
stats	1
prep	1
aidswalkaustin	1
let	1
state	1
mowsf	1
cto	1
picks	1
opposite	1
cheeseburger-craving-inducing	1
co/xks85vei09rt	1
campariamerica	1
co/dyaqr8kq8kcongrats	1
offering	1
lft	1
ht‚Ä¶rt	1
co/npgovgn99othe	1
co/w7xbn3edvpstudent	1
natasha	1
screenshot	1
co/tm1ypo1ku5we're	1
co/rupwog3su6rt	1
tomorrow!suiting	1
weekend?	1
co/rsjzv1vnpdrt	1
co/ig44svmqxn	1
(at	1
lyftim	1
co/ravmrclmwurt	1
situation	1
empathy	1
co/m5kas58f3ert	1
beepüéÄ	1
donating	1
coffees	1
lottery	1
services	1
team	1
purple	1
cbcfinc	1
fianc√©e	1
medical	1
mccarran	1
ht‚Ä¶last	1
summer's	1
anna	1
lil	1
üíÅhttps	1
co/thcdcgjnp4	1
dogs	1
shoot	1
co/3evk5zjv8aspotted	1
dyl206	1
co/yemyozt1upfate	1
actual	1
co/teuay7gs9ron	1
glass	1
afghanistan?	1
co/mgzlsdbzaqrt	1
campus	1
co/cnin5fitzatell	1
develop	1
co/ryylujsmnr	1
home?	1
co/uah4it01sxwhen	1
co/pntshwagylrt	1
away	1
cards	1
co/kenj82vtkr	1
motivation	1
coworkers	1
6/30	1
organicjuice	1
cmj2015	1
co/vgsbhdvycothere	1
hbcu	1
co/1pd7ktbanurt	1
co/vuwum8f9ni	1
t‚Ä¶we're	1
co/kuusgoh68njam	1
start	1
üç≤rt	1
pair	1
pumping	1
co/kc0d5idsgl	1
marvel	1
keaneiscool	1
fund	1
co/lqcmjkv5kwthis	1
paid	1
co/ajunpauoivrt	1
parking	1
vacationmode	1
lyftcycle	1
co/oj6naemjpvheading	1
co/jwmd3rbqpxlong	1
premise	1
homies	1
co/ti1oxpjgct	1
stalkcabo	1
sarahbuhr	1
yadigg	1
mlbplayoffs	1
creative	1
co/edci25huwh	1
bloghe‚Ä¶rt	1
lol	1
co/fe6s5odp6vrt	1
co/sg7oio9iqo	1
lot	1
los	1
blackfriday	1
‚Äòn	1
co/icw3vupz2w	1
meant	1
wealth	1
means	1
funding	1
performers	1
womensequalityday	1
whitehouse	1
cha-ching	1
fellow	1
co/cetatr2ypp	1
fortune40	1
tell	1
husband	1
dan	1
co/q2jipr418xrt	1
lyftnyc	1
zone	1
commentated	1
co/s9cjjg78bcüç¶üç¶üç¶üç¶üç¶	1
trucks	1
drinking	1
rainbow	1
lyftcreatives	1
co/hiiakdfgscwhen	1
co/0xaxkkriazrt	1
conversations	1
comedian	1
co/nyyuekuork	1
shredding	1
(my	1
time-lapse	1
co/vkdiiqkbakrt	1
piles	1
fuzzy	1
co/0hjwzweqwq	1
built	1
chauffeur	1
lyftzombiemodebrb	1
greeneyesntamps	1
this?	1
eversan	1
third	1
gratitude	1
earn	1
di_mulan	1
co/ejknibwm3k	1
fortunemagazine's	1
co/nii3617bjo	1
areas	1
record	1
co/loswrx1fv5rt	1
co/vchd6fgolqtake	1
co/z5mixlmvibrt	1
co/zpq7xgteoomondays	1
11/8	1
pint-sized	1
co/kg12lrazsgwhen	1
co/fqwhb7kkme	1
pass	1
past	1
treehouse	1
profile	1
co/cfm0f8fcycrt	1
capri	1
fathersday	1
co/0pxkbmzwbx	1
mattnathanson's	1
co/b2njns9vef	1
co/umemmlsams	1
1109	1
co/ummupby6tart	1
attitude	1
average	1
co/oqirgaobi0	1
thriller	1
co/nbyd8omwmahumans	1
nfb_voice	1
stache	1
mins	1
journal	1
philadelphia	1
lego_lyft	1
hotel	1
co/yb0gdmsevn	1
leximaven	1
mind	1
grateful	1
homerun	1
shoes	1
senatorfain	1
co/b7yzvsagrnrt	1
co/wesb0aipn4	1
summerfest	1
co/2jywa57mjjwanna	1
friendliest	1
waiter	1
desert	1
co/deabtav4gc	1
die	1
london	1
$7	1
later	1
$8	1
passport	1
getaway?	1
co/qdggcsvanurt	1
bird	1
club	1
buddies	1
angeles	1
nighters	1
happytuesdaythe	1
co/k1telyq9d2with	1
twizzlers	1
ciccone	1
cara_harrington	1
pumped	1
pokerclack	1
endless	1
co/elxiaer71uthese	1
worthit	1
human	1
nationaldonutday	1
co/lw6g1fof16rt	1
youfoundmolly55	1
co/nxwhdkarda	1
tommy	1
blessed	1
co/17sdar8vwr	1
schedule	1
co/3ynva7g7qn	1
universe	1
‚Ä¶a	1
ranchers	1
sche‚Ä¶	1
co/88isp4sw1l	1
sonypictures	1
helping	1
couple's	1
co/livvgujbo2rt	1
discount	1
netchoice	1
co/lt6ox05bb6rt	1
co/0ickl41t6j	1
co/qketo9zgiwwhen	1
bollywood	1
co/vcpebjvx5c	1
today?	1
cookie	1
'o	1
's	1
julien	1
field	1
co/lgkiggebegicymi	1
baseball	1
44131	1
wds2015	1
(i	1
list?	1
multi-faceted	1
co/x3qduaacrm	1
bowls	1
co/lppz5yugp5rt	1
mad	1
co/mlcbavboco	1
knows	1
father-in-la‚Ä¶be	1
co/tlfpvi6f2q	1
may	1
max	1
donuts	1
co/n2xfpyqxab	1
co/gvt6kvexfd	1
fetchlightphoto	1
aspirational	1
lyftlove	1
socal	1
sweets	1
co/7aducd1symdc	1
feet	1
co/riydyxkz0gin	1
usc	1
co/gwedqubznhwe	1
co/7ewxc8egjwto	1
recognition	1
(also	1
-keenan	1
co/mzslnqkrvq	1
straws73	1
üòçüçï	1
carolina	1
co/5efwdjnbjw	1
drt	1
picking	1
mdw	1
veterans	1
co/mjguynrkqcrt	1
th‚Ä¶it's	1
ball	1
bostonglobe	1
mem	1
cheapest	1
repeat	1
/‚Ä¶	1
bellaleonaa	1
-g	1
designers	1
co/0vu2s6pxe0rt	1
co/wnsivt4pitrt	1
co/evbq0tbqw4attn	1
mandersjo	1
yaaaaas	1
threat	1
co/ajs4c5eyi0your	1
weekday	1
bank	1
dvd	1
co/8lzoa6tbnsrt	1
above	1
stick	1
melmcd512	1
gleesonmg214	1
14	1
co/vykcu6k1msdriving	1
co/owsw3qlhsirt	1
labor	1
booth	1
facebookdown	1
dwi	1
unique	1
co/xah7xptzqr	1
co/ogsmqqkxx7	1
male	1
co/imusrv7yzoget	1
20	1
23	1
wanderlust	1
don‚Äôt	1
co/qsxc0wfkvs	1
industry	1
believe	1
co/wtrfbtkqqo	1
shares	1
remember	1
1st	1
lyf‚Ä¶rt	1
invites	1
glozellrt	1
relationship	1
co/gmneppn9avthis	1
hearing-impaired	1
crate	1
co/ppqzrnhfprbest	1
many	1
co/p2q2uwv5vt	1
diary	1
clientshavingfun	1
co/gvquvbt4imtime	1
collaboration	1
inspire	1
sweet!rt	1
40	1
mani	1
experts	1
co/cphihqvqea	1
co/9h9hdflsbu	1
themikewhite	1
techcrunch	1
co/lbqlppsbzemichelle	1
gabrielconte	1
funded	1
3k	1
california	1
co/czinahowhk	1
ndss	1
solutions	1
felt	1
bridget	1
co/msinokdn38	1
forces	1
allow	1
colombian	1
co/3gfqronrva	1
ranger	1
lord	1
co/ooj2kaybrert	1
yeats	1
lasers	1
co/tpywcfmdth	1
gilliardl_jr	1
common	1
co/elonqwfhbl	1
pushpin	1
co/0j‚Ä¶excited	1
incredible	1
07/16/15	1
tonight?	1
co/rbabjg8rob	1
bars	1
co/rg4xhlm28q	1
bass	1
co/1dhzfr4mro	1
lmayor2013	1
co/us46lnkg90rt	1
co/zah0xxxclp	1
co/zydlyf954m	1
co/busicxsxorwhat	1
trend	1
sunshine	1
danz32	1
‚úà	1
co/sxyxutt‚Ä¶looking	1
co/mo7jlw31p1thanks	1
spotted	1
co/8c3t0milh52015	1
leftover	1
atomicmari	1
matt	1
‚ú®	1
co/jrq4gjwnlfrt	1
ht‚Ä¶shine	1
shotgun	1
priceless	1
knowing	1
co/5b5saybrgfrt	1
word	1
co/ypruikjuhu	1
sharingeconomy?	1
co/pir‚Ä¶rt	1
lyft-driving	1
co/jpng4enltqeach	1
writing	1
eat	1
dougmakesgames	1
co/hty5uwdgds	1
co/znkyq2cagart	1
reward	1
loud	1
aceofbase	1
moeys	1
brooklynemf	1
co/x8qhc5cy18rt	1
mrs	1
apocalypse	1
ages	1
co/ihnebvoet8this	1
chicago?	1
co/opmugtnytesan	1
coinci‚Ä¶because	1
carlilloyd	1
freedoms	1
monna	1
maze	1
co/jnechpm1cq	1
marley	1
unwrap	1
powering	1
co/jadpbl8qor	1
co/0‚Ä¶lyft	1
co/cn7lp2dy0m	1
hunter	1
co/5yhka2ba8rstep	1
discover	1
kirasw	1
co/kizcjnlaa5this	1
edm	1
win!!!	1
co/1h1qatzja6that	1
co/7xvzvz8cvywanna	1
pingpong4purpose	1
co/8iilybchup	1
co/efgy6uvdbx	1
co/t66vjpzj1c	1
co/dufnmnulzmthat	1
clouds	1
jackson	1
zimmer	1
magelssen	1
co/yrbgrhtswtboss	1
co/eluasubhf3	1
repswalwell	1
140-character	1
snooplyft	1
command	1
jack	1
in-n-out	1
co/ehhe7fzuawrt	1
francis	1
floods	1
co/qsisqlynqart	1
talledega	1
co/g6zswxxi0khappy	1
saves	1
oliviathai	1
near	1
co/pnt93xfyhs	1
/‚Ä¶two	1
marched	1
co/kcchemtdiggood	1
mrowbecky	1
co/qixvbcqcamrt	1
co/yux02iphsf	1
onetailatatime	1
inspired	1
3-year	1
co/aynknh1yuc	1
co/1c3ytcwxnl	1
co/zfzcb4x1qbheading	1
co/iafsvmuuseeveryone	1
patmccrorync	1
co/1rexqdb1j4when	1
sleep	1
cuddlestaches	1
logan	1
co/giryab4ubvhello	1
co/bfeohwjirano	1
flavorwire	1
co/ekzuwozesgin	1
(aka	1
co/364i1dmcjgrt	1
musician	1
co/9ww0rj8fmu	1
decreased	1
eillumination	1
on‚Ä¶rt	1
weird	1
co/uodxfanye8pride	1
quinn's	1
co/xlaphjgrki	1
tearing	1
‚Äîespecially	1
co/ngws380cqt	1
neff	1
valsimson	1
co/rhrjtur08grt	1
ohio	1
fabiilous907	1
co/vup7bjq1qert	1
lobenichou	1
michaelvamato	1
female	1
co/ufzpqdswz2	1
capping	1
collide	1
co/c62tlxmyjxweird	1
users	1
co/zl6fpwpqfvwe're	1
co/jpda0mfbjort	1
shadi	1
theryanbradley	1
lyftreno	1
dclyftkaylee	1
that‚Äôs	1
co/wse6dxufwt	1
co/2izqsymr5x	1
co/ypx9hbrfj6give	1
rileydmitchell	1
stretch	1
gates	1
whyilyftreaching	1
dhabi	1
co/gbikhurtzhrt	1
‚Ä¶summer's	1
lines	1
scholastic	1
dezmanm	1
memphis	1
co/xvdqbi59clrt	1
week's	1
expensing	1
shannrb	1
co/sjmbm0btcort	1
family	1
sailin'	1
co/a7ytzhfbawrt	1
co/vb6lkfeaxutoday	1
release	1
bttf2015	1
co/l‚Ä¶rt	1
backstreetboys	1
turnt	1
coffee/afternoon	1
turns	1
judge	1
co/vt0ptitkeqrt	1
olympics	1
credit?	1
forth	1
jams	1
co/n53xcsgttert	1
wanna	1
1000s	1
uxlifter	1
singer	1
co/gbojkyc‚Ä¶rt	1
noahcastrololo	1
co/uhukck8bwvannouncing	1
asked	1
climbed	1
foot!la	1
2nd	1
co/u4r3jnkrgy	1
co/gqkngf1fura	1
co/qtvo14xgmuneed	1
co/wg4ezqroyl	1
flies	1
honor	1
co/bafxqal7zurt	1
eta	1
zoraida	1
co/j9vciwiwwzthe	1
co/utwnsck6x2rt	1
iknowthemanager	1
ridesafe	1
net	1
catching	1
slackhq	1
positions	1
tony	1
üåûrt	1
co/b3dusywb8n	1
co/iosumoox5jnyc	1
shame	1
bentrinh_	1
elderly	1
pinqyring	1
co/7v6aobxhtg	1
20,000	1
paypalit	1
co/oim0‚Ä¶	1
running	1
lanerloves	1
co/l39288cbc0	1
talented	1
ping-pong	1
twinning	1
co/6sgpuu3luagetting	1
co/prwngankdjla	1
transport	1
rolls	1
co/5zoxoh9156	1
super	1
engage	1
jared's	1
co/un0vujj6fcyour	1
queens	1
needle	1
talkative	1
repjrod	1
skills	1
decided	1
co/fcp9u6weme	1
dining	1
meerkat-ers?	1
zappos	1
himself	1
wanted	1
jrrrmartinez	1
graduated	1
nicole_granati	1
co/iljvlxrn9x	1
üòäfounders	1
maybe	1
sontag	1
hookn	1
co/vcvvdqw5llwhen	1
medium_cbs	1
disabled	1
11am	1
lyft'd	1
co/7jybp3z4rnrt	1
down?	1
yet?	1
greatnessrt	1
liazneimer	1
absolute	1
wrestled	1
co/of8erh0a6lthat	1
perry	1
featured	1
jazz	1
co/l0kcq478grrt	1
co/yujye1etldsummer	1
features	1
jspero125	1
white	1
sandiegopride	1
brandi__h	1
drunk-driving	1
co/1qugu5aekqrt	1
/‚Ä¶here's	1
no?	1
hooking	1
co/upiptqslgp	1
foreign-born	1
imagine	1
co/2svcvsatudwith	1
lyftzombiemodert	1
co/utmjt7xrtvnyc	1
freaksmovie	1
co/dvlngf1ubvwork	1
superheroes	1
co/y2ltfkd2yyaustin	1
gettothepolls	1
co/hbjnqtqetdrt	1
co/icpfsvzkugchatting	1
classes	1
supporting	1
spotthedots	1
co/gqnjl67ocy	1
unifying	1
co/5opdgsdrcxsf	1
pandora_radio's	1
mk_huis	1
co/dz6bcaphvrtraveling	1
co/3ssiu5bvygrt	1
battles	1
co/pjtnqpj1ynwe're	1
play	1
quickly	1
long-lost	1
roommates	1
backintown	1
struggling	1
alissadossantos	1
co/a6ldfso9pt	1
future?	1
gocubs	1
co-founders	1
co/wcxgjvaecethings	1
limiting	1
co/zm9h0iatlq	1
to/1nahwbz	1
anywhere!!	1
co/3mgtikxgtydata	1
todaywasafairytalemilwaukee	1
jamesnbeaumont	1
co/gmn4ezhzpfrt	1
co/c31eoejun1you'll	1
co/rmypixbvwirt	1
study	1
co/ifqebvm6bk	1
oitnb	1
gardening	1
co/ogoaaamrkzrt	1
co/ebwpzlmdu5congratulations	1
co/p7eghfsmbxrt	1
pink-stache	1
co/j012g8cuzw	1
co/qvghwinfjs	1
gain	1
co/puu4ha7d3qshop	1
pantry	1
minneapolis	1
lyft!!	1
dishes	1
vegan	1
happened	1
board	1
disability	1
co/nruzgyaw1dgeorge	1
co/1z6dfjc4zs	1
discounts	1
co/x65h53hcj1	1
flavorpill_nyc	1
rain	1
sweeter	1
co/nqxwtn29d2rt	1
co/cwj6cvfppghey	1
market	1
co/vntuknpmyy	1
effect	1
cruise	1
ipad	1
skate	1
option	1
drinks	1
deserves	1
üëØ	1
co/pudieg0jev	1
krysta‚Ä¶rt	1
words?	1
hospitality	1
co/uwxzmovm51rt	1
david	1
nytimesbits	1
üíï	1
wit	1
didi	1
co/dk6qdcy6ao	1
co/5tvki3lpgjriding	1
designer	1
co/hcs21jwrmirt	1
shine	1
co/tj3cnfqcn1	1
co/dbj7xxb7ys	1
co/h6aqt7rvazdan	1
matters	1
tasting	1
festivities	1
playlistrt	1
soshnyc	1
afternoonuplift	1
co/wnfw8haoqrwhat's	1
ashleyrgoodrich	1
losing	1
loslonelyboys	1
co/q9vgb7ixfg	1
dailylyft	1
honest	1
giant	1
co/olpn3eqtd7sightseeing	1
üíü	1
deloreans	1
deaths	1
wks	1
ad	1
co/rbwma7bynwthese	1
empowering	1
former	1
bestlyftever	1
finalist	1
lyne	1
vacations	1
aw	1
partnering	1
bob's	1
co/qhv9lol2hwrt	1
brother	1
concurapi	1
moscone	1
bc	1
bf	1
ordering	1
runway?	1
bk	1
search	1
co/vb1ruqhlfg	1
panel	1
half-off	1
innovation	1
cc	1
charge	1
co/jsefhz69wxrt	1
co/lpwcgj5ckdrt	1
survivor	1
actor	1
autographs	1
fo‚Ä¶	1
essential	1
co/24xwwfoyux	1
dj	1
scare	1
'stache	1
dl	1
ford	1
girls	1
manageable	1
senbowatson	1
ly‚Ä¶san	1
accomplished	1
woo	1
co/swwjqnf6cv	1
justin	1
alijade810	1
scary	1
celebrating	1
wow	1
co/fevjevefvurt	1
needs	1
felixlyft	1
c_aarone	1
weekdays	1
ep	1
goodies	1
piece	1
stared	1
üíìüíñüå∏üíì	1
tears	1
practice‚Ä¶hanging	1
co/hrlmdj8if2	1
co/2a6kro‚Ä¶celeb	1
getaway	1
co/ut066citwwa	1
personality	1
alert	1
co/bhxh4fcrcirt	1
co/xvnazofwfb	1
intently	1
oak	1
vassilieva	1
burgers	1
co/ttyj9p9bmyforget	1
whyilyftfriendly	1
co/c7ffy3acci	1
nationalchocolateday?	1
50+	1
co/glrenkurxw	1
co/xbq9e5u8nawe're	1
co/g2a3kxcoot	1
self-expression	1
fort	1
lyft‚Äôs	1
practice	1
co/izzt2yt00xcan't	1
hq	1
co/vbixrdwcrd	1
memorable	1
conway	1
co/bac2803urp	1
french	1
literally	1
thanks!	1
co/jwjnzssfty	1
co/zmysfgulmhrt	1
falafull	1
briannamf	1
co/wadvzybwmprt	1
become	1
fee‚Ä¶east	1
co/lvttsjlxms	1
turned	1
co/mvcbeocrb3happy	1
co/gfayacgn0yemoji	1
81(üòú	1
jw	1
üëågo	1
co/raxp2ecats	1
co/a5oui25pneüç¶üç¶üç¶üç¶üç¶http	1
strings	1
co/l7ivfhqv3t	1
co/lbswcd5bxdrt	1
co/5pwwhtzyuwrt	1
co/ubcqek1k3u	1
csexton25	1
cuddlestash	1
üòò	1
$22	1
knew	1
üòé	1
draw	1
impromptu	1
3pm	1
clambert	1
exploring	1
co/7qt5w0zvfr	1
co/0m2siyqax4	1
smallbiz	1
üòâ	1
co/trnunf3hlirt	1
üòÑ	1
pdxpride	1
co/kcf3g1z59bwhen	1
üòÅ	1
$30	1
co/eaktxm243trt	1
lego_group	1
‚Ä¶rain	1
t‚Ä¶nyc	1
bestdeal	1
laincubator	1
üòÆ	1
üò≥	1
co/snhe8jwccw	1
second	1
i‚Äôd	1
faster	1
co/uwquzfty1y	1
ruling	1
co/c2c48syjl8rt	1
mydubai	1
co/z06hnqy3bmrt	1
üò©	1
language?	1
limit	1
claim	1
alvin	1
nikita_sabhrwal	1
i‚Ä¶musician	1
co/3ni5nzdni0	1
co/7wjs4yikya	1
co/x6sq8gn5nz	1
contest	1
months	1
mr	1
6200	1
mt	1
co/1rn5afoqpvwe're	1
bigyankeesfan	1
plus	1
license	1
headquarters	1
co/k4khrasvqn	1
nj	1
nl	1
co/fgktgoiglkrt	1
towncar!?	1
heyboofind	1
dfindles	1
sean	1
productivity	1
pausing	1
co/3vla‚Ä¶rt	1
playground	1
$4k	1
ok	1
rescue	1
allows	1
dads	1
the‚Ä¶	1
co/ugapnnga9kfind	1
http‚Ä¶rt	1
love!welcome	1
homeless	1
feelin'	1
families	1
asana	1
refinery29	1
drew	1
fyf	1
co/lfxidiv6vy	1
r2	1
purpos‚Ä¶	1
co/jfxuolv04urt	1
co/9kt7tth3bj	1
bellecanoy	1
co/a8becfojcsnothing	1
clever	1
co/e6iv0hfpl2rt	1
rocked	1
brand	1
üö¢	1
tambourine	1
co/xlqubh3zo0lyft	1
gotta	1
co/oy59nf9nogmorning	1
cody	1
t‚Ä¶	1
co/2gjwtlhwblhere's	1
ri	1
starting	1
donated	1
seniors	1
et/12pm	1
seek	1
kenya	1
seem	1
sd	1
co/4zcfjuudx5	1
everrrrr	1
üåä	1
co/wdpssw00ue	1
thanked	1
b3steban	1
noxecho	1
necessary	1
souls	1
kane_louise	1
single	1
_1tizzle	1
co/znkyq2caga	1
co/ztkuqy2lqr	1
buying	1
closed	1
co/mi0z2z2ebd	1
kickstarters	1
separate	1
willing	1
co/dekx84tzp8san	1
co/1w8hrdd5ej	1
markwarner	1
co/wnc‚Ä¶ready	1
co/6pxpvgbxzfrt	1
co/baecrmaw3r	1
co/dkw2nvb7hhpsst	1
treated	1
whoismarymar	1
smiling	1
üç¥	1
ensure	1
co/ukhl58c3s0	1
co/ko3ptkrsuhrt	1
procurement	1
sheknows	1
mustaches	1
co/jksccpqqcq	1
hazel_ln	1
changed	1
drop	1
piper_sea	1
changes	1
/‚Ä¶music	1
co/ljlbw8tfmz	1
learning	1
abothman	1
heyyy	1
üéâ	1
gas	1
üéÉ	1
ord	1
co/rft63vtzbyit's	1
üé∂	1
co‚Ä¶rt	1
co/x83wv38gts	1
reading	1
storing	1
co/iq6sohbmftrt	1
classpass	1
co/szmsdr8osb	1
anthony	1
pups	1
co/fdptncrioyrt	1
tagging	1
amazing!!	1
type	1
üá´üá∑	1
yr	1
co/k8zfvr6f‚Ä¶cheers	1
ghiradelli	1
teams	1
nails	1
wife	1
co/mvuzcv6byuwanna	1
!!¬†¬†im	1
co/h7vbcrnroyrt	1
9-year-old	1
emilycastor	1
props	1
utah	1
insight	1
co/s3bpuaa6mz	1
lift	1
force	1
story?	1
co/4alhlp99lz	1
surrounded	1
nope	1
co/lfq2‚Ä¶not	1
co/lsuziwocxort	1
of‚Ä¶this	1
co/m2qpk9tuvmrt	1
oates	1
power	1
blueloungeboston	1
sprinkled	1
puts	1
co/qhnqzvkptsrt	1
co/0jl1gx6i5trt	1
10,000	1
reminders	1
thru	1
co/nhhvo350za	1
sound	1
co/n41wjee1fhcatch	1
alfredoflores	1
welcoming	1
r‚Ä¶rt	1
sunny	1
development	1
co/lu8t1ibinawhat	1
co/1i5gem49ydrt	1
co/4fjwlj2cpxrt	1
co/5svlstwodf	1
co/zuefcjjh2w	1
dash	1
co/a9dsrlzrwo	1
asianxjay	1
megsruggles	1
co/cj5lby4yyf	1
dave	1
co/suwyp1ktfgdrive	1
co/xlfyaeuhifsomething	1
buck	1
co/uid12dnv3v	1
cost	1
co/qu‚Ä¶rt	1
co/7cr2kryitmfinding	1
team's	1
allowing	1
tyler	1
co/fmbuyp3orm	1
5aad	1
co/wnctnapen7car	1
brady	1
co/jjfueurppndorm	1
snap	1
morgvu	1
co/uargveubnzrt	1
co/snmc0zrvwawe	1
co/vul7z4ltl2rt	1
buds	1
rider	1
youth	1
without	1
introduced	1
co/y8md68ivin	1
co/cggsnlcnztrt	1
risingskylar	1
essentials	1
co/p6vmnnsx9frt	1
jammin'	1
classpass'	1
co/y5dpq95gxxrt	1
hastalavistababyrt	1
optional	1
keane	1
hordes	1
rewrite	1
co/h2ozbd3c1gpure	1
aram	1
co/xpcvdrnjpntake	1
wine	1
flight	1
rethinking	1
blvd	1
life?rt	1
sharper	1
co/5a59xeq7lfwe're	1
days	1
combined	1
novel	1
reports	1
houston's	1
chill	1
miami	1
possessions	1
etherealprey	1
echoesofblack_	1
fyf?	1
co/fhushklwqgrt	1
pat	1
babsszabo	1
walkingdead_amc	1
co/g7xl5yarymtime	1
co/ldivkvv5e6	1
spending	1
co/emod2yojwvwhen	1
success	1
lisa	1
flgovscott	1
co/k9nrugsmgy	1
emerald	1
co/9fa163ixobrt	1
co/apfwrqiibf	1
4me	1
wisdom	1
co/ymhivzeudamust	1
co/vxndvdd3nmsaturday	1
‚Ä¶80%	1
co/fe0tkckipfrt	1
oracleopenworld	1
victory	1
holidays?	1
co/3fmfbmpbatrt	1
evolution	1
katelandgough	1
co/arpufde4ij	1
china	1
co/oaksgzwzczrt	1
^_^realizing	1
co/kaobum6jnisnoop	1
named	1
co/endahmyng8	1
co/liyux4hn5q	1
entire	1
nomeatballs	1
drivingisadrag	1
co/udvumxben2thanks	1
co/tqdozfjvqu	1
per	1
write	1
nationaldoughnutday	1
heaven	1
dmc12	1
intelligence	1
bart‚Äôs	1
winner	1
co/s44okhc1gwhumankind	1
(two	1
obama	1
co/1f0xa7ehyswinter	1
marathoner	1
bought	1
gonna	1
dannimalsx3	1
jillian's	1
roundtrip	1
what?!?	1
co/lmij6ghxcpour	1
+1,000,000	1
equally	1
co/‚Ä¶surely	1
pic	1
littlemisslocal	1
carlyroye	1
wake	1
pin	1
friendswhen	1
sneak	1
uzbekistan	1
co/j3ueur7cfmin	1
snapped	1
co/iittasmccert	1
co/owmdjwzy9l	1
spooky	1
co/co7xezb81krt	1
co/lk6zu0‚Ä¶	1
thehill	1
swag	1
co/t0pa65tiet	1
ahmed	1
co/zine6twvdo	1
fruit	1
co/mzslnqc2no	1
cause	1
co/kliwr11v07	1
re-live	1
playlist	1
co/ukwsssvxwm	1
codeforamerica's	1
redeem	1
co/icsjisvydyla	1
skybound's	1
lane	1
horchata	1
go!rt	1
co/uwlm6it6lcrt	1
2move	1
layover	1
co/ckvum49aye	1
secaucas	1
yo'self	1
unleashed	1
ajay	1
co/nfdtsp7cep	1
co/t1rbvs4aaoedie	1
gametimeunited	1
co/rfctabojmyfamily	1
discussing	1
lyftthank	1
began	1
co/ufezxjgcnyget	1
co/19mwfxlxaggoing	1
late-summer	1
stanford	1
pnw	1
difference	1
co/af05c4j0ogrt	1
circle	1
co/lo8njzfqkf	1
co/wjz24egnkjwhen	1
cfasummit	1
ladlynn	1
morphed	1
prize	1
think?	1
pop	1
excuse	1
sephallan	1
mornings	1
chicaglow	1
escape	1
funny	1
colombia	1
co/vtall3sqkc	1
co/siifj6ljyrrt	1
doesn‚Äôt	1
dylandagan	1
till	1
co/w9frmsn48hrt	1
srcc‚Ä¶drag	1
dwayne_bohac	1
nycpride	1
co/fl8wgydxexrt	1
school	1
t‚Ä¶take	1
vegascom	1
co/azxgtitlft	1
avenue	1
champ	1
co/mi25fsheyzjust	1
nydailynews	1
offers	1
co/gzyh8cppomrolling	1
given	1
co/kldl6vjo97	1
pre	1
girlgoneintl	1
co/eimceqe‚Ä¶untz	1
secrets	1
maritime	1
co/qu0pblce48rt	1
al's	1
employees	1
whyilyftwhen	1
co/9skmwjxylsrt	1
hoboken	1
anything	1
co/yzx7b9flrvmondays	1
co/30o9rqbsbs	1
2800	1
yea	1
diggity'	1
joanlunden	1
early	1
sanfrancisco	1
nolchaevents	1
co/b6u5fr58zn	1
touring	1
heaven?	1
co/qtms1kblpn	1
ludacris	1
judywang_	1
carpooling	1
emilyhoefer	1
clarkthecub	1
corinne_fal	1
polish?	1
program	1
co/mz17duch3mrt	1
co/r6ya17q0vhrt	1
options	1
co/zrkmqg92tg	1
hey	1
okay	1
co/3f0a23bjqilyft	1
kissfmgreenbay	1
reassuring	1
meets	1
co/gncqket1afrt	1
co/7z9m1cwlnz	1
supreme	1
üëØ‚ùÑÔ∏è‚òïÔ∏è	1
brynngitt	1
light	1
high5	1
co/ylwigtzwg1	1
adams	1
campgrounds	1
great‚Ä¶herbert	1
ifeellikeiminouterspacert	1
co/zxgevzj4fkthe	1
co/ntwriphkjart	1
ways	1
theme	1
co/kenfg8cwdh	1
techreview	1
co/gbkpnx22q5	1
dhttp	1
co/p06ur5bby2	1
co/wyvf8es9z6	1
efficient	1
co/axihmy4sqh	1
lowendtheory	1
purityorganic	1
rookie	1
co/vjli36xconrt	1
co/8xs0hxcc2x	1
montez's	1
grove	1
foster	1
indie-rocking	1
atulacharya	1
üòÇwe	1
soshdc	1
small	1
üëçüèªwe're	1
co/ys92sjzm4zrt	1
basketball?	1
hailing	1
caitlin_t9house	1
msrehreh	1
co/6jsjejr6zy	1
co/ecscfvmvknrt	1
beat	1
funds	1
co/cga3jpwmmb	1
lounge	1
tree	1
sharingbig	1
history	1
instinctively	1
eclipse	1
taco	1
twice	1
co/ihjcchd2mlpack	1
co/ait7lyk9qh	1
co/cqmugkdfewrt	1
commute	1
values	1
rocking	1
kerriolsen	1
re-routing	1
banking	1
co/k8ccossvgmwe're	1
co/bm9euhzbo2when	1
diegobernaltx	1
co/gmvojxkx3g	1
ceiling	1
encounter	1
co/16nbm10vv8rt	1
nyfw	1
mean	1
fulfilling	1
glad	1
mostly	1
laugh?	1
safer	1
barry	1
thurs	1
safely	1
co/e9cd0sdnnmwhen	1
happen	1
7-9	1
yisssss	1
co/bfsxbhxnf4when	1
flexible	1
trying	1
deals	1
councils	1
co/b3u8mfmhnvrt	1
bottle	1
hotspots	1
kiddos	1
co/szz5ufgvyldream	1
walkers	1
l‚Ä¶rt	1
maria_solo	1
wedding	1
co/4b3uuhvg8y	1
emotional	1
thursday	1
70%	1
co/mvdofkv1y9rt	1
<3let's	1
veteransdayrt	1
yrs	1
compete	1
co/ib6chutsyp	1
putting	1
üéâüéÇüéà	1
promise	1
hold	1
tale	1
snacking	1
co/q6ofyni1snthe	1
antics	1
ht‚Ä¶	1
sa‚Ä¶lyft	1
pizza/movies	1
co/attk4suiqirt	1
mentoring	1
on-demand	1
relieflive	1
co/wehbx4gex5get	1
grandson's	1
lyftlovessea	1
passes	1
co/nlj1zecnqt	1
caitylotz	1
holy	1
t‚Ä¶view	1
asia	1
co/6glp1bpa72	1
11am-8pm	1
25foreverblog	1
hug	1
sharingeconomylyft	1
co/vighqxfhk8best	1
tweeting	1
basket	1
envy	1
cbcalc15life	1
juliabparsons	1
hook	1
soundtrack	1
co/6w‚Ä¶rt	1
funniest	1
co/hkivfbn7cu	1
cream	1
rasing	1
üòçshoutout	1
you‚Ä¶rt	1
hiphop	1
paintedladies	1
wifey	1
reached	1
-best	1
allsaintslive	1
sings	1
50offmondayla	1
co/tmdnsskktxrt	1
co/4pyvyntq8d	1
co/80wvngjnpz	1
legolyft	1
nyc's	1
boston's	1
co/wqpnjyduoprt	1
cantbeatit	1
co/7fcqr1jd6z	1
co/mzrbnpukphtweets	1
gathered	1
lyftiversary	1
heyheyman	1
co/3y3kvyvgevrt	1
co/xxulbuviubsee	1
cheaper	1
co/qmrldqu5cp	1
vma's	1
feministajones	1
co/mrliaptkxy	1
seats	1
next?	1
killin	1
solution	1
lildickylyft	1
delaware	1
armenia,won	1
international	1
jolly	1
üíñüíñüíñrt	1
turtle	1
difficult	1
chiplamarca	1
experiences	1
forget	1
co/behhbth8vfcheesecake	1
recliningbuddha	1
talk'g	1
soup	1
write?	1
co/wpxcfomb2urt	1
mess	1
75th	1
co/fo2‚Ä¶drivers	1
hour	1
co/2z6tw2lf6qfinding	1
certainly	1
confetti	1
rad!rt	1
iamdjshiva	1
monikaeanderson	1
alexekoren	1
pulling	1
co/sg7oio9iqoless	1
whyil‚Ä¶rt	1
co/t0ajchmc1nrt	1
co/1xgrh8pgmbrt	1
outfit	1
adventures	1
connectedcarla	1
co/cz5z9kuan0rt	1
taxi	1
intention	1
programs	1
co/cuqzgmr4kn	1
co/1uzgtektabflexibility	1
co/yayemyygsa	1
nightlife	1
tonythomas	1
dartmedia	1
co/oabsrtj7jnrt	1
trips	1
operation	1
aspiring	1
half-price	1
co/t0kwxrhc0s	1
co/ofzuw1ier6whoever	1
blogher	1
ice	1
co/1ttfqksujmplanning	1
co/uyperi60enrt	1
five	1
co/3vv85ivmtkicymi	1
ihearramonasing	1
‚Ä¶free	1
keeper	1
sofia	1
co/mombxjnggkwe're	1
th‚Ä¶mid-week	1
announced	1
co/0zhxhrl43z	1
co/sb0nmiaapr	1
co/pw23aikgiwdc	1
co/1ryrowstusrt	1
move-in	1
monique's	1
co/gaysrdiltb	1
father	1
co/xaiunbjqkv	1
definition	1
glosho15	1
life?	1
co/ewulcilai4rt	1
jennablck	1
co/9nbmny1xhd	1
digitalarun	1
summertime	1
bestie	1
rustyinthecity	1
co/atmgbx2nbwrt	1
entrepreneurs	1
co/ltoniph2tyrt	1
co/q0nnuwqenbit's	1
olds	1
lyftbiebermodetaking	1
games	1
co/ihnebvoet8	1
nationalcheesecakedayrt	1
co/‚Ä¶introducing	1
ever?	1
decorating	1
leejarry	1
serenaded	1
co/y4v1ddcnmqwake	1
urbanitysf	1
damages	1
requests	1
jessiechoi	1
ccelaco-founder	1
game?	1
co/qy8zezcbfc	1
causes	1
yesssss!rolling	1
co/z9nb1ivdtj	1
event	1
buddy	1
mastermix!!!rt	1
üí•play	1
hiking	1
co/9c‚Ä¶the	1
nice	1
co/bh5lrp4mmcdid	1
co/knopwde0f8	1
culture	1
co/vwguosdtth	1
co/yswpootse7	1
üòäüíö	1
prefer	1
fewer	1
lambert	1
co/sbh2dgilol	1
space	1
lyciafaith	1
co/0u4vctcbpc	1
nationaldessertday	1
situ‚Ä¶rt	1
co/fy1n4flzitan	1
co/2rej3kfjv0rt	1
bottom	1
‚Ä¶hey	1
jyonah	1
transport?	1
50offdc	1
theresagao	1
co/qw7xgdbftd	1
co/zmpjbz1lwt	1
co/ilvm46mo5brt	1
co/ijj9kaqz0kthat	1
co/bdrvgtpgjirt	1
co/lwr5om5shlrt	1
repair	1
co/uu5rjwiggaimportant	1
brentcamptv	1
public	1
co/attk4suiqi	1
marathons?	1
co/uoatnxkwxea	1
track	1
sfgiantsfans	1
'office	1
resources	1
butfirstcoffee	1
rush	1
co/el1uxttiqh	1
afternoonuplyft	1
round	1
co/od9tvoj7qq	1
manhattan's	1
normally	1
pope	1
fare	1
‚úàÔ∏è	1
co/xygj48yjeort	1
pronto	1
from?	1
lamont	1
‚òÄÔ∏è	1
jenn	1
weekend!!	1
rad	1
hugged	1
lapride	1
co/romo7zgkawrt	1
co/zepi53vza2rt	1
navigate	1
16-24	1
line‚Äôs	1
in-app	1
9-13	1
80%	1
charger	1
musicforrelief's	1
co/9i5yzxzoylrt	1
smallworld	1
exchanging	1
shopping?	1
smwinston	1
co/vk8gdnfj86five	1
co/9sbkwg9eod	1
scott	1
winners	1
irl	1
pulled	1
co/alt1w1jw04business	1
co/xpygf4ag7v	1
co/9uw36jqhur	1
co/hpyp1qh6fe	1
-melinda	1
co/fadv2wjnxwtfw	1
abu	1
calling	1
congestion	1
moregooddays?	1
senses	1
fave	1
ride-hailing	1
‚Ä¶mario	1
bluth	1
jenner	1
rnt-minus	1
co/6zmxpu6cdm	1
jackpot	1
co/qgbm1zpw6ort	1
finish	1
helped	1
breakers	1
gifts	1
dreaming	1
co/wfq26cy3zewe're	1
stacyritter	1
t‚Ä¶sf	1
co/p5busdqfxdrt	1
senbillrabon	1
co/bgvjtcv0dcuntil	1
co/k4itidv4wwtransportation	1
hastin	1
washington	1
joining	1
co/6zdcuconxydashing	1
965kissfm	1
boysofzummertour	1
miles	1
co/u6sfazundppeer-to-pier	1
happiness	1
üöòüöôüíÉ‚ú®‚ú®1	1
co/51yagqzhsa	1
gospright	1
co/ogrljmydal	1
/‚Ä¶when	1
turntuptuesdayscongrats	1
co/fhcgzrq0y9summer	1
_dipsi	1
co/wzak7rqjjc	1
co/7umtftsygcrt	1
truth	1
moves	1
co/kg0kcpc4mg	1
kevincru2	1
s'gonna	1
enjoyed	1
üòâhttps	1
Ô£ø	1
co/nk5db6vzdl	1
cabs	1
movie	1
co/jalbyecrlert	1
morninglooking	1
co/umc1flynkp	1
ago	1
co/rezc2fdu1lstreet	1
co/rgxyjlmezprt	1
centers	1
co/fro99i‚Ä¶big	1
aha	1
businesses	1
backtofutureday!thank	1
co/w5kiudlqmirt	1
mattybooooy	1
tough	1
co/8vmpztk8je	1
happily	1
system	1
sunday!!	1
co/ndxdegxt4y	1
co/nipx3bwszb	1
okaybrooklyn	1
co/mmocxzqeaf	1
co/pr05orvknqrt	1
low-key	1
air	1
defeat	1
speak	1
whyi‚Ä¶find	1
co/b0iowpmmzb	1
co/fq1061bdkwrt	1
sprt	1
co/5izdfpjeeo	1
co/mikkxj8weoattn	1
boat	1
co/0jipzlft7t	1
jeffguerrero	1
co/natdicrahqwhen	1
co/hcmmpxcgc6	1
purtipareek	1
year?	1
removes	1
am‚Ä¶	1
landmarkfestdc	1
co/gfayacgn0ytomorrow	1
chicagobluesky	1
hamilton	1
mscolettenoelle	1
points	1
mimosas	1
co/6tccrevyhwnyc's	1
enjoy!get	1
stocked	1
twdfan	1
sfmarathon	1
dockercon	1
tying	1
greened?	1
co/m5qo0hmmskrt	1
co/dl0nlkcefe	1
touch	1
real	1
strangers	1
expense	1
co/ehgzm2sklfit's	1
co/6em8punhrj	1
_carlosjeffrey_	1
sdpride	1
stlprynncess	1
nbafinals	1
saying	1
attitudee232	1
‚Ä¶zombie	1
co/tkritbqwk9	1
jbennink	1
looked	1
dogg's	1
co/wrwu82rvsdneed	1
co/hoqlual9ht	1
co/8ii9h1ybcq	1
consists	1
jonerlichman	1
candy?	1
co/6ar91esdvbrt	1
expanding	1
legend	1
taste	1
co/iqzi2eme4n	1
co/plrogx3jpart	1
co/epngna9vyuwhen	1
co/3u9ux5z1iywe're	1
purposerealizing	1
instru‚Ä¶rt	1
co/ty2ggmtnkm	1
co/hmnydscvxjdubs	1
whitney	1
co/b1qzftgbut	1
dainal	1
nail	1
‚Ä¶morning	1
alex	1
tasty	1
choices	1
co/wzutmnq6jq	1
üòçrt	1
co/rmtzcloa0trt	1
co/l9jkubt4ka	1
co/ourwdwwtc9traveling	1
semi-charmed	1
taken	1
lyfttherunway	1
popular	1
cavities	1
cleveland	1
co/vnhwykf24yhow	1
emojis	1
co/8nztttcqglrt	1
amymaniscalco	1
boyband	1
art	1
co/iaa5kpnise	1
call	1
ring?	1
tawnyfoxdog	1
ask	1
dream‚Äîto	1
theweeknd	1
co/lgglbf7xbu	1
co/sb1llqbbjecongrats	1
engagement	1
(who	1
run	1
co/1ze59xtfsgrt	1
mother	1
co/kx6hbhemor	1
‚òïÔ∏è	1
co/yxsiwpnajzpride	1
else's	1
birthday'	1
otgsf	1
co/xlr8h5vb8grt	1
bold	1
http‚Ä¶friday	1
delicious	1
aug	1
everywhere	1
oow2015three	1
co/g4eb50e9dart	1
co/s8ecz2djfewhen	1
aus	1
mood	1
distance	1
boom	1
5,000	1
msbrightsiiiide	1
blogger	1
edition	1
co/9f6eckwpgk	1
crmay31	1
collinpelton	1
co/kkrekintoy	1
co/uxxr8ef7hjtomorrow	1
co/9yscrbjx8i	1
allieckk	1
whyilyftgo	1
/‚Ä¶rt	1
co/7sgvzvo83eto	1
co/foayabjzxkrt	1
co/nj79sywqetrt	1
tri-state	1
newborn	1
co/8hzftbo1fsrt	1
receipts	1
marlene's	1
üí∞üí•	1
'the	1
reno	1
co/bdza2wkgjdrt	1
fancy	1
co/wambpi7u3a	1
co/aknbobthxtrt	1
janet	1
usage	1
collected	1
co/xqtpcimdttrt	1
riotfest	1
co/myivuw2b6ythanks	1
getaround	1
slice	1
ot‚Ä¶keep	1
thejesselawson	1
cash	1
epic	1
runners	1
co/chpj5zvsrudo	1
gems	1
phone	1
slide	1
kiip	1
card	1
care	1
boss	1
official?	1
bottles	1
co/uuytsovficwhen	1
nate	1
co/i2jgforggi	1
heels	1
co/a7b8uqmbew	1
ericgarcetti	1
co/vis9akkaz4	1
forbes	1
accounts	1
co/7ffjaorxxtrt	1
co/mkbginvkdwrt	1
bout	1
co/sfhazkp06b	1
clerk!!!	1
brooklynnets	1
youwin	1
undead	1
co/l1xyzdzotc	1
mos‚Ä¶travel	1
savedatmoney	1
england	1
co/totkvqviuprt	1
co/ggfoqms7dithis	1
timing	1
co/dekx84tzp8rt	1
kind	1
fazeapex	1
co/nz7mskdhxpthe	1
co/ckew7shil9rt	1
important	1
veteran	1
daily	1
ropes	1
‚Ä¶if	1
sponsor	1
co/49o3jfvhjvsee	1
co/de8lhg0cmirt	1
sf‚Ä¶break	1
bruinrob11	1
üëåhttp	1
bowl	1
lenie	1
co/tl7sxxanwu	1
co/zs1dlfxa1jwhen	1
joy	1
compliment	1
co/irzfdo3zfsrt	1
mentioned	1
sam	1
bieber	1
co/aqjglu0nma	1
sandwich	1
backtothefuturert	1
gets	1
co/jalvafegizrt	1
spread	1
co/6hebhbj5ki	1
co/mqcrqjycsua	1
guests	1
andsofriendlywanna	1
‚Ä¶we're	1
mentor	1
the_ashhole	1
co/8xgmjzriiert	1
co/q205becatc‚Ä¶rt	1
dianeroznowski	1
denver	1
co/8rmjsdjows	1
bar	1
co/gkehszo9gbthanks	1
luckymagazine	1
co/6t4q8ekwj0rt	1
newport	1
socializing	1
plans	1
co/15jtuyjw08when	1
cityofreno	1
sdcc2015	1
eyes	1
sea	1
offered	1
litt‚Ä¶rt	1
customers	1
co/dzotjvpcql	1
knock2x	1
co/rsirzjyagkrt	1
set	1
jobs	1
entered	1
dubai	1
lindsey_chapko	1
co/vfrw7targ2	1
gifted	1
fighter	1
co/mbgklqxtggdc	1
aadlachesis	1
beauty	1
co/vvg0ivzembwe're	1
needless	1
nearest	1
nicmc1983	1
‚òïÔ∏èüòª	1
joel	1
‚úàÔ∏èüåçüíört	1
champions	1
sgv	1
gif!!we're	1
roasting	1
eaaaaarly	1
helps	1
lucky?	1
stormtrooper	1
debt	1
lucky	1
deep	1
disappoints	1
nikewomen	1
worldemojidayrt	1
captured	1
sit	1
ballot	1
albumreleaseparty	1
kris	1
captures	1
bound	1
tablelist	1
co/io3xbssovcthe	1
(old	1
co/vqjz0nlo8knews	1
fresh	1
-dena	1
recommendation	1
co/ey7q47gwrm	1
co/87ev07ypeonyc	1
improved	1
corner	1
convinced	1
co/qflklps3ga	1
5,000th	1
i'‚Ä¶rt	1
commutert	1
co/logjwxpe4frt	1
sky	1
reduce	1
director	1
ordinary	1
zombified	1
john	1
co/8cf2l6wb5hrt	1
christopher	1
works	1
bkn	1
boyfriend	1
co/zufwuhxfdprt	1
cycle	1
yeeeees	1
thinking	1
co/98mysvkzyl	1
‚Ä¶monday	1
‚Ä¶all-star	1
freaks	1
guys?	1
co/dhbj7u6i7brt	1
co/onjaiwqxhfcool	1
table	1
co/cvdmj0nmtc	1
-susan	1
blues?	1
nolchashows	1
greatrt	1
co/rhkrynlf4erainbowed	1
co/bdmqvc3szbrt	1
krystalmharris	1
co/deegqcfzmwour	1
comfort	1
married	1
sign	1
nomadicmatt	1
co/zdzc3zhymxthank	1
angel	1
work?	1
biggestlittlecity	1
proceeds	1
co/dz5iuhilep	1
amdm	1
co/t1zdbr8w5csf	1
backtofutureday	1
cavs?	1
cowman815	1
hailleymari	1
mleventi's	1
bob	1
coreyo	1
arrests	1
co/yrdk1v62bdto	1
nataliefoster	1
birthday	1
box	1
werunsf	1
boy	1
forces?	1
co/1xrfqcdwsbreminder	1
karaoke	1
co/7fcqr20ny7	1
co/h6ub8ywdusrt	1
üôèüèª	1
consumers	1
prices	1
itcaucus	1
o‚Ä¶monday	1
plays	1
exhibitor	1
nature	1
wheel	1
cross	1
sri	1
ridemke	1
hilarity	1
alamosquarepark	1
scored	1
repadams	1
co/6etg6oy8rart	1
dancing	1
co/6m0c1ttq8t	1
purdue	1
paint	1
trendy	1
co/07yaqbmh3eare	1
what'd	1
leejosephinem	1
tissues	1
tonite	1
insanely	1
kart	1
mission	1
requested	1
stopping	1
hustle	1
co/6bu5eoyhdzwhere	1
stops	1
co/sovrqzq7mw	1
lessons	1
c‚Ä¶happy	1
kullmb	1
lyftbiebermodert	1
current	1
concurapiwhen	1
co/3ocuay79cuflexible	1
artists	1
co/isaeydadhknow	1
co/ukprpku9xz	1
katy	1
hijinks?	1
everüëç	1
dan_pabon	1
buzzfeed	1
flatterforward	1
in-car	1
bus	1
littleariskye	1
night?	1
co/3fn7w4ytqs	1
pairs	1
co/tobsv1yqsw	1
instantly	1
happybirthday	1
luggage	1
co/dq5kky2hme	1
guy‚Ä¶too	1
co/exoezjciii	1
lyft;	1
co/lnn8m0m4xyrt	1
one?	1
tube	1
especially	1
desk	1
sing	1
mostlikelytolyft	1
wheelchair	1
quesadillas	1
speeding	1
co/x7r4iafxfgand	1
there‚Ä¶rt	1
psychicrt	1
world's	1
melissakhat	1
co/rxxunscb4trt	1
nisfornneka	1
successful	1
co/9tm5ijtqkwwe	1
coverage	1
lovely	1
figure	1
bowties	1
180	1
co/9nna0nvtuhthe	1
lanerlife	1
blogher15?	1
kempsuper9	1
co/pewfeavbmb	1
gentleman	1
co/ixrw2bi2fk	1
co/kia5xb76x2rt	1
co/8foy5mpg6j	1
co/tl8rcklyrjbrooklyn	1
reach	1
restingplatypus	1
upbringing	1
'em	1
floydmckissick	1
w/our	1
aligned	1
co/p7ee09oemo	1
ironically	1
girlüëèüèº	1
co/6nr0mxgihtnorth	1
flag	1
co/z8ohlls8px	1
rideshare	1
thefamilycrest	1
oh,shoot	1
rode	1
millennials	1
cross-country	1
bumpin'	1
co/meel5duazyrt	1
friendswithtransit	1
co/amjt8ng12u	1
regular	1
co/‚Ä¶rt	1
spills	1
driver?	1
bigger	1
co/kg0kcouto6	1
'happy	1
kno	1
adventureday?	1
co/rg3tpwpohjnyc	1
drummer	1
5starmay	1
co/enkrnoysuk	1
ritaelise	1
haha	1
jennachandy	1
hjstephenson	1
co/efm6j2xpor	1
leaders	1
andigalpern	1
co/0yp8xkhkok50%	1
co/td4qgkcngs	1
duolin‚Ä¶driver	1
miraculously	1
co/swycyyoqhnrt	1
yes!!	1
patients	1
lovers	1
posed	1
deliveries	1
co/vy0wpdpjn9	1
co/id9bogebh6viva	1
burrito	1
co/yvhm5ezuforumor	1
mj's	1
cooke	1
bostonians	1
balls	1
kenyan	1
prize!rt	1
cc/	1
drama	1
runnikewomen	1
eligible	1
co/bcq8zdydsm	1
one-year	1
cincinnati	1
co/dplumt3apohad	1
smooth	1
player	1
gridmonte	1
compliments	1
weds	1
played	1
nolcha	1
therealmvpsperforming	1
stanley	1
