back!	1
back!	1
lunch	98
eatsprig	98
dinner	91
organic	88
salad	87
chicken	75
tonight	64
today	64
delicious	62
local	51
chef	46
try	44
get	43
yum	43
food	42
sf	41
eatwell	38
new	36
healthy	35
day	34
time	34
order	32
night	32
delivery	28
great	28
glutenfree	27
thanks	27
back	26
menu	26
sandwich	26
week	25
check	24
team	24
steak	24
last	23
love	22
service	22
just	22
app	22
gaganbiyani	21
like	20
roasted	20
dairyfree	20
first	20
weekend	20
ordered	19
rice	19
now	19
vegan	19
excited	19
know	19
pork	19
paleo	18
green	18
beef	18
bowl	18
minutes	17
guest	17
sweet	17
one	17
spriglunch	17
delivered	17
sprig's	17
freerange	16
eat	16
friday	16
demand	16
easy	15
spicy	15
braised	15
good	14
let	14
made	14
tofu	14
go	14
pie	14
meal	14
summer	14
broccoli	14
n8keller	14
turkey	14
ready	14
ondemand	13
think	13
meals	13
right	13
quinoa	13
ordering	13
amazing	13
happy	13
chance	13
thank	12
greens	12
spinach	12
way	12
everyone	12
options	12
hot	12
forget	12
best	12
favorite	12
red	12
grilled	12
today's	11
served	11
make	11
veg	11
via	11
got	11
before	11
coconut	11
fast	11
ichisushi	11
eatlocal	11
fresh	11
tomorrow	11
kale	11
after	10
lunchtime	10
kitchen	10
door	10
enjoy	10
issues	10
onions	10
days	10
lamb	10
home	10
friends	10
free	10
available	10
potatoes	9
beans	9
cheese	9
cuesa	9
keep	9
w/	9
polenta	9
hey	9
bean	9
thursday	9
carrots	9
san	9
awesome	9
‚Ä¶rt	9
yogurt	9
hodosoy	8
salads	8
two	8
still	8
juice	8
dessert	8
hungry	8
tried	8
potato	8
tonight's	8
farms	8
free-range	8
chocolate	8
prplplantblends	8
honey	8
help	8
much	8
chili	8
monday	8
want	8
warm	8
featuring	8
cckarl	8
hope	8
{üì∑	8
tasty	8
goddess	8
serving	8
eating	7
delivering	7
tech	7
going	7
dandelionchoco	7
elainemarie77	7
francisco	7
black	7
dishes	7
avocado	7
veggie	7
cold	7
onion	7
baked	7
asparagus	7
wine	7
toutsweetsf	7
brunch	7
veggies	7
working	7
garlic	7
things	7
squash	7
take	7
yummy	7
event	7
perfect	7
truffle	7
popandbottle	7
through	7
dressing	7
customer	7
getting	7
balsamic	7
better	6
orders	6
pepper	6
away	6
experience	6
mins	6
jessicake7	6
may	6
orange	6
treat	6
women2	6
work	6
eatyourveggies	6
cilantro	6
ginger	6
sauce	6
celebration	6
code	6
support	6
shrimp	6
citrus	6
duck	6
city	6
filled	6
already	6
android	6
fancy	6
bar	6
smoothie	6
costume	6
office	6
sushi	6
friend	6
mushroom	6
morning	6
meatballs	6
lettuce	6
seasonal	6
ceo	5
kyleconnaughton	5
tempeh	5
dinners	5
start	5
three	5
chicago	5
milk	5
curry	5
greensandcosf	5
min	5
many	5
stay	5
whole	5
word	5
community	5
holiday	5
buffalo	5
super	5
farro	5
white	5
next	5
arugula	5
fig	5
tomato	5
tropical	5
never	5
$10	5
thai	5
oh	5
wholesome	5
smoked	5
happymoosejuice	5
edible	5
magic	5
wait	5
almost	5
late	5
chai	5
on-demand	5
deliver	5
noodles	5
hour	5
again	5
greylockvc	5
farm	5
exec	5
paloalto	5
spiced	5
taste	5
cherry	5
afternoon	5
wheat	5
lemon	5
big	5
join	5
noodle	5
side	5
break	5
;	4
roll	4
|	4
making	4
gone	4
chefs	4
well	4
state	4
ritualcoffee	4
hours	4
golden	4
cuesasummer	4
finally	4
chilled	4
miso	4
miss	4
delish	4
brew	4
use	4
cups	4
pumpkin	4
breast	4
15	4
long	4
definitely	4
california	4
look	4
apple	4
tonight?	4
chipotle	4
yigitpura's	4
<3	4
talks	4
vin	4
curried	4
spring	4
technical	4
share	4
spice	4
pears	4
grab	4
featured	4
huge	4
waterbar	4
nomiku	4
used	4
halloween	4
option	4
bring	4
sure	4
looking	4
confit	4
japanese	4
wow	4
gf	4
french	4
dish	4
http‚Ä¶rt	4
starting	4
st	4
started	4
morganspringer	4
cook	4
proud	4
cauliflower	4
peas	4
live	4
ever	4
even	4
almond	4
petaluma	4
pot	4
glad	4
trying	4
sustainable	4
rosemary	4
marinated	4
taps	4
pesto	4
celebrate	4
please	4
broccolini	4
raw	4
simonrothman	4
add	4
enjoyed	4
experiencing	4
minute	4
protein	4
staydry	4
popular	4
mouth	4
phone	4
dinnertime	4
vinaigrette	4
bbq	4
see	4
detox	4
party	4
little	4
table	4
high	4
launch	4
desk	4
nola_bar	4
sesame	4
topped	4
really	4
8oz	3
left	3
tim	3
provider	3
loved	3
crazy	3
save	3
top	3
reminder	3
falafel	3
happymonday	3
laura	3
salad}	3
beautiful	3
offering	3
creating	3
orange_harp	3
full	3
pair	3
palo	3
season	3
oysters	3
freerangechicken	3
tell	3
keeps	3
edamame	3
park	3
startups	3
later	3
bird	3
brown	3
cookie	3
dry	3
mango	3
11	3
caramelized	3
20	3
30	3
mix	3
berry	3
cooked	3
incredible	3
bars	3
stuartbrioza	3
spoonrocket	3
hands	3
egg	3
year	3
gouda	3
exo_protein	3
iftf	3
need	3
users	3
coleman	3
packed	3
special	3
stella	3
family	3
ribs	3
around	3
influencer	3
peppers	3
companies	3
chenel	3
mystery	3
feels	3
another	3
might	3
sharing	3
hummus	3
button	3
supporting	3
delivers	3
macrobowl	3
far	3
lizclaman	3
give	3
sprig_chi	3
nutrition	3
fix	3
partnering	3
deliciouskale	3
partner	3
fennel	3
zucchini	3
$12	3
fun	3
mi	3
foodie	3
puff	3
mixed	3
rescue	3
valentine's	3
ichichef	3
wholegrain	3
life	3
fiesta	3
iphone	3
creamy	3
dark	3
cool	3
sprigchigcn	3
ponzu	3
send	3
servers	3
without	3
willsock	3
area	3
changing	3
entire	3
loving	3
chinois	3
pastry	3
fruit	3
design	3
ryanpollnow	3
sunrise	3
latest	3
caramel	3
wash	3
sanfrancisco	3
delightful	3
light	3
tomatoes	3
classics	3
sunsetmag	3
soba	3
clean	3
chickpea	3
goldengategrub	3
comes	3
june	3
meet	3
series	3
centralkitchen	3
enjoying	3
strauss	3
berries	3
sold	3
2015	3
glazed	3
parmesan	3
return	3
valley	3
coming	3
saturday	3
vanilla	3
prepping	3
every	3
foxbusiness	3
fall	3
truffles	3
vegetarian	3
pulled	3
post	3
article	3
guys	3
gift?	3
tim's	3
future	3
superbowl	3
yourself	3
kimmiesakamoto	3
street	3
/‚Ä¶rt	3
napa	3
sunday	3
cooking	3
alto	3
bay	3
recipes	3
statebirdsf	3
lunch?	3
eyeball	3
brilliant	3
7x7	3
sponsoring	3
spa	3
behind	3
tamari	3
sprigdinner	3
buy	3
meatloaf	3
review	3
goat	3
seeing	3
shredded	3
goes	3
cal	3
pick	2
100%	2
feeding	2
straight	2
sale	2
house-made	2
veggietime	2
stormageddon	2
dijon	2
hard	2
cheer	2
room	2
nitratefree	2
rainy	2
flour	2
reservation	2
went	2
dinner?	2
ton	2
loves	2
cheap	2
thanksgiving	2
fuel	2
quite	2
housemade	2
traffic	2
spriglovesdogs	2
carbsarelove	2
doctor	2
campcutthroat	2
courtesy	2
items	2
deepagill	2
shout	2
services	2
stuffed	2
lqualman	2
thing	2
blended	2
southwest	2
threetwins	2
brioza	2
plustech	2
daniels	2
plums	2
cabbage	2
mrmarina	2
premium	2
quick	2
friendly	2
munchery	2
n8keller's	2
banana	2
created	2
water	2
done	2
fried	2
apples	2
part	2
shaherose	2
sfist	2
cedgeton	2
unbelievable	2
(or	2
orangeoctober	2
hotel	2
business	2
$1	2
$2	2
laced	2
month	2
doorstep	2
blackened	2
mattaccarrino	2
's	2
status	2
server	2
mac	2
mention	2
man	2
forward	2
banh	2
released	2
tonights	2
boxes	2
13	2
sriracha	2
quality	2
22	2
23	2
remember	2
shares	2
1st	2
open	2
seeds	2
persimmons	2
nuts	2
culinary	2
farewell	2
enchiladas	2
thesxconf	2
stew	2
barbacoa	2
healthier	2
believer	2
tonightsdinner	2
yuzu	2
lots	2
joeyhodges	2
olive	2
tickets	2
i‚Äôve	2
kimchi	2
moroccan	2
jack	2
nationaldogday	2
saved	2
cold-pressed	2
yeah	2
hamachi	2
inspired	2
happening	2
least	2
10pm	2
terraryum	2
pineridgewine	2
slaw	2
anniversary	2
commercism	2
rich	2
gift	2
darian314	2
similar	2
harmlessharvest	2
cashew	2
honor	2
artichoke	2
2pm	2
eve	2
dining	2
slow	2
students	2
batteryventures	2
apps	2
superfood	2
classic	2
sf's	2
frisee	2
tacolicious	2
girl	2
whisk	2
kabocha	2
marinara	2
http‚Ä¶try	2
co/iw8zxvvvuo	2
news	2
thoughts	2
jambalaya	2
gastrique	2
plan	2
valentinesday	2
modern	2
wholewheat	2
4505_meats	2
sprig?	2
mustard	2
looks	2
sogood	2
rain	2
market	2
outside	2
butter	2
peach	2
salsa	2
gumbo	2
former	2
lunchtime?	2
au	2
panel	2
localfoodlab	2
acommonfeast	2
piece	2
dine	2
healthylunch	2
four	2
mozzarella	2
oct	2
announce	2
$15	2
currant	2
delight	2
üòé	2
contest	2
3rd	2
ni	2
servicedesign	2
tamales	2
fight	2
hear	2
pretty	2
bourbon	2
maple	2
sprigrt	2
salad?	2
donated	2
sprigbreak	2
closed	2
chayote	2
nola	2
snack	2
pure	2
upoutsf	2
co‚Ä¶rt	2
bourguignon	2
damn	2
manchego	2
come	2
tomatero	2
course	2
lime	2
treats	2
tuesday	2
buds	2
begins	2
cous	2
day!	2
you?	2
arrives	2
yellow	2
arrived	2
parsley	2
dairy-free	2
sprigmix	2
pay	2
chile	2
guestchefnightsf	2
pear	2
mobile	2
r&d	2
coffee	2
grain-free	2
jiffylu	2
stonefruit	2
charred	2
hacking	2
i8joe	2
ritual	2
spooky	2
bento	2
extra	2
busy	2
foodily	2
satisfying	2
apologies	2
bfast	2
giving	2
giveback	2
receive	2
chard	2
yay	2
fridge	2
given	2
poached	2
updated	2
hooked	2
vegetables	2
rustic	2
cocktail	2
walnuts	2
alicetruong	2
pricing	2
russian	2
beachbod	2
fueling	2
theme	2
mulled	2
therachel	2
happyhalloween	2
garden	2
stumptowncoffee	2
group	2
teriyaki	2
absolutely	2
point	2
process	2
clear	2
thurs	2
appreciate	2
pomegranate	2
beet	2
soft	2
combo	2
irie	2
legged	2
sprigphilosophy	2
granola	2
soon	2
sprigaversary	2
choy	2
bell	2
ill_legible	2
tart	2
nourish	2
together	2
health	2
able	2
stuart	2
find	2
host	2
convenient	2
true	2
certainly	2
sintogourmet	2
kyleconnaughton's	2
minivacay	2
organicveg	2
heirloomtomato	2
bananas	2
feelgood	2
people	2
inside	2
zen	2
yigitpura	2
update	2
sando	2
beets	2
breakfast	2
wesupper	2
donations	2
nick	2
game6	2
vegetarians	2
baguette	2
lasagna	2
sfgiantsfans	2
runny	2
growth	2
truffle}	2
bentos	2
jerky	2
healthyeats	2
tomorrow's	2
close	2
parsnip	2
winners	2
week?	2
foodforjourney	2
carnitas	2
foodrunnerssf	2
eggs	2
nothing	2
presenting	2
ajs	2
littlebrossf	2
heirloom	2
read	2
touch	2
instacart	2
iamkidrobot	2
tuned	2
tummy	2
using	2
worth	2
teamaccarrino	2
neighbors	2
jes	2
adaptivepath	2
newest	2
worry	2
ranchogordo	2
selling	2
whiskey	2
crispy	2
show	2
pizza	2
avo	2
proscuitto	2
case	2
runners	2
saving	2
erinarchuleta	2
dinnerondemand	2
bottles	2
stress	2
nrjbry	2
totally	2
kind	2
addiction	2
ichi	2
daily	2
eater	2
personal	2
spaghetti	2
civic	2
amuse	2
dear	2
set	2
inhaled	2
jessica_tan12	2
sources	2
living	2
packaging	2
thankful	2
convinced	2
crown	2
parrot	2
thinking	2
patty's	2
world	2
sprogs	2
everything	2
affordable	2
comfort	2
bacon	2
postmates	2
guestchefnight	2
udemy	2
runbrierun13_1	2
proceeds	2
problemsolved	2
bok	2
box	2
tasted	2
cookielove	2
apricots	2
chimichurri	2
popandbottle's	2
makes	2
store	2
cricket	2
night?	2
harissa	2
idea	2
kidsonbikescs	2
collardgreens	2
feedback	2
gogiants	2
between	2
co/‚Ä¶rt	2
designersgeeks	2
cooks	2
paleofriendly	2
tuna	2
pickled	2
sproutscooking	2
half	1
hall	1
pretend	1
tea	1
pico	1
approved	1
co/pnc7vsrqsttry	1
teamed	1
‚Äî	1
legs	1
heirloomtomatoes	1
‚Äù	1
referafriend	1
scifi	1
!	1
co/pjeyripcehfeel	1
co/ekilbcsv6yrt	1
‚Ä¶	1
meats	1
(	1
click	1
soon!rt	1
co/aqngwo3v3ywarm	1
eatraw	1
noexcusestonight	1
rateyourmeal	1
<	1
co/sxrujviqwmintroducing	1
thedailyshow	1
orangeoctoberrt	1
saladsarefiestastoo	1
co/ru4twhpmdxrt	1
turn	1
organicapple	1
co/sy7rh4iqucstay	1
nutella	1
co/quyh5m9dltnoodle	1
characters	1
pier	1
pies	1
bouche	1
co/zaluus5rsmwe'll	1
dish?	1
ultrahealthy	1
connect	1
reigns	1
chantalguillon	1
jamesofur	1
thebombdotcom	1
reconfirmed	1
coldissohot	1
hultsf	1
everyone's	1
}	1
co/mene9kvamuwe've	1
redux	1
ci‚Ä¶	1
/‚Ä¶it's	1
greenpride	1
thx	1
empty	1
gaijindan	1
co/iw8zxvdu5o	1
serious	1
tip	1
laugh	1
others	1
kevinsaysgo	1
co/oeqxrjgvid	1
co/bwk2he1snjchef	1
co/cig5jlnsgiorganic	1
amazing!day	1
gorgeous	1
co/pssxdc9m04rt	1
al‚Ä¶beer	1
co‚Ä¶pair	1
lisa's	1
organiclunch	1
peaspleaz	1
yellowtail	1
co/jfinai3qhntoday's	1
servicexconf	1
bloc‚Ä¶bean	1
order‚Ä¶rt	1
croissant	1
hack?	1
cjc	1
lend	1
goodeats	1
heirloomorganics	1
co/wisy8ibtwttake	1
blocks	1
compostable	1
tweet	1
officeteam	1
co/k18ufjvocurt	1
translation	1
sfgiants	1
wo‚Ä¶don't	1
'wich	1
co/bj5j03sdgdrt	1
couscous	1
isit5oclockyetno	1
pile	1
persephone	1
co/m4mqgujd3x	1
soon!fiery	1
chickencassoulet	1
reminds	1
co/wkt6sp4mgwrt	1
lunch--try	1
pressed	1
on-demand?	1
emilysmith	1
bringing	1
day!rt	1
ichisushi's	1
srta	1
hash	1
women	1
noodletime	1
pink	1
fitmob	1
pine	1
co/p0unrx1xmasorry	1
order‚Ä¶	1
co/0hfkl0cokprt	1
bothering	1
should've	1
jeremyjbarth	1
tortellini	1
co/huptsscssfgrab	1
boccalone	1
co/lv1tjdtxekmagic	1
co/gmuoporlhblamb	1
rain?	1
roast	1
co/gcyjoh0nbmkale	1
waln‚Ä¶	1
famous	1
dinnerpartywe	1
antzeater12	1
vinegar	1
spirit	1
summertimefood	1
top-notch	1
wishing	1
lastminutedinner	1
produce	1
picture	1
order?	1
cheat	1
co/epjvo2gb2x	1
jetsons	1
/‚Ä¶last	1
co/apz1xud576transport	1
co/s2ab4tuc1hwho's	1
coq	1
co/ui09‚Ä¶rt	1
/‚Ä¶and	1
co/z0wbs3y8oqrt	1
bluelakefarms	1
including	1
farmtotable	1
baltic	1
introducing	1
plenty	1
less	1
christmas	1
delisssssh	1
mapped	1
co/d7udggfepdsf	1
fruitsandveggies	1
dinnerondemandhappy	1
allidayerryday	1
jello	1
kaleissoo2013	1
times	1
heartymeatballsandwichday	1
j_glasgow	1
bittersweet	1
veracruz	1
fiestainyourmouth	1
co/8bcd6ybojjvegetarian	1
oregano	1
3-tap	1
lentils	1
investor	1
co/rac7oiohtrtreat	1
reservations	1
pineapple	1
caught	1
gotten	1
co/ukxc8nlarzhope	1
maldonsalt	1
leg	1
co/u96yocrmduhappy	1
integrity	1
grandroundsinc	1
co/b3oeypgribrt	1
marcobowl	1
pasta--whole	1
press	1
element	1
tataki--gluten-free	1
co/3mivzadtikfresh	1
supper+tech	1
co/qn65k66qvi!new	1
picks	1
alledibleinside	1
co/xoyxfu8fvsrt	1
co/g6c3qw9thf	1
shots	1
25%	1
pecorino	1
probably	1
tmrw	1
autumnhappy	1
250	1
moment	1
spriglunchtonight	1
transfer-related	1
co/wyajut4qgsrt	1
co/513v8veqf4rt	1
celery	1
worries	1
sunsettalksfood	1
donating	1
forbidden	1
sprigbento	1
reporter	1
foodnetwork	1
herbed	1
truffles--let	1
filling	1
watch	1
organicbroccoli	1
svbizjournal	1
yumdelivered	1
prtyhungry	1
co/wphthqn63vshredded	1
unable	1
holidays	1
volunteering	1
donation	1
co/nmb4o1yrwonothing	1
budget	1
glass	1
co/moz8k0qiftwelcome	1
(mozzarella	1
offalchris's	1
co/mlisj2rdrjtamale	1
co/rqeikqhlnnget	1
involved	1
easiest	1
eatright	1
farmtophone	1
co/aj8bz9k4czrt	1
ordertonight	1
mellow	1
whitewine	1
mashed	1
makeluncheasy	1
startearly	1
super-quick	1
farmers	1
staringispolite	1
house	1
co/kq7yrnemdfrt	1
currants	1
annato	1
$300	1
focaccia	1
easier?	1
harvest	1
calcium	1
co/kttv551yyiworried	1
supper	1
silicon	1
turmeric	1
alihillman	1
rebecca	1
co/sko737guxbrt	1
co/3xtq1rocgmwho's	1
co/68ikefia1nrt	1
mattzavislak	1
rendang	1
nfs!rt	1
shaciarasf	1
co/rgb47trz9xrt	1
co/aywaeyjeamhey	1
swimsuit	1
co/iwwhgmoc4slet's	1
cowboy	1
bassian	1
stripestatus	1
h‚Ä¶rt	1
creative	1
‚ù§Ô∏è	1
frankfontana	1
coast	1
seanrmoran	1
co/tijvj5ga8ysay	1
geeks	1
puttanesca	1
co/7irnxw4yzqso	1
co/tcblpzqlrtcoconut	1
wellnessbelle	1
lot	1
1night	1
meant	1
fancyhat	1
eatersftry	1
nigiri	1
biryani	1
giants2win	1
stoked	1
co/mlkrlr6cc6	1
launched	1
co/rujcmi2famsteak	1
co/jbbmeoso8ytry	1
leancircle	1
sorrynotsorryrt	1
jordan	1
co/zcdah9‚Ä¶http	1
combination	1
socks	1
dutchcrunch	1
clover	1
cloves	1
deensie	1
stpatricksday	1
missionfire	1
raisins	1
eatwelllivewellone	1
techc‚Ä¶today	1
puree--don't	1
co/hihmaxa5iv	1
critical	1
savory	1
fabfoodfabpeople	1
co/mgv9zlkktxrt	1
today--	1
bothbirds	1
co/cqz2j3e8gsdon't	1
1‚Ää‚Äî‚Ääi‚Äôm	1
sourcing?	1
three-michelin	1
ucsfchildrens	1
co/bklxk61bcxah	1
co‚Ä¶try	1
summerchickensalad	1
someone	1
savorygranola	1
crunchie	1
tatsoi	1
archuletta	1
co/jumzj6lnp9from	1
further	1
3littlepigs	1
path	1
crack	1
jimpayne	1
relleno	1
record	1
hankadonis	1
crisp	1
co/xainramgcfwe're	1
past	1
boozey	1
co/faa6rixwvzrt	1
pineapp‚Ä¶free-range	1
flakes	1
30min	1
co/7mrklplrgyrt	1
co/9bsxktorp9	1
co/22gmyu4zecrt	1
startups?	1
mint	1
co/aisv0javwuget	1
handing	1
‚Ä¶today	1
wednesday	1
thrilled	1
mine	1
mind	1
co/ow3uswwktjlet	1
yuba	1
mini	1
co/xjy10eiz1rsprig	1
co/3dwxxmkguvcannot	1
staff	1
possible	1
9th	1
co/38shgsnuvmannnnnd	1
(sf	1
‚Ä¶excited	1
co/aawywdnsh4rt	1
verano	1
ryan	1
dig	1
co/jg8fqm0f5b	1
added	1
co/0cvzepwn6i	1
wgnradiowe	1
co/slti1qleuwlike	1
co/7a8wksxyf4	1
tweets	1
launching	1
$5	1
series!late	1
brings	1
$9	1
diy	1
adding	1
well!starting	1
club	1
co/tvc7hynjz0rt	1
co/hwf3cwptbnrt	1
info	1
joshelman	1
co/tsxc55j7ce	1
grape	1
co/utlntzcj6xa	1
co/on9jujh3idstarting	1
co/eajo4ivmj1	1
co/qlhbtluttbrt	1
co/jdohc8fyiwjust	1
final	1
remixed	1
sprig--filled	1
growling	1
pumpkintime	1
pumped	1
andrewaaron	1
co/hchwmdpgczrt	1
worthy	1
co/yvfnf8udykrt	1
season!	1
dinnertimefree-range	1
load	1
company	1
thomas	1
co/y9izrgdirwstart	1
co/f63omz1w4hhope	1
area?	1
relax	1
co/wczbxto9zkwe	1
schedule	1
beach	1
baby	1
clicks	1
upcoming	1
co/xjxppq97qurt	1
co/rlvom3dswmit's	1
everyoneloveschicken	1
co/u7sfxfnjzwlet	1
helping	1
colliding	1
co/a1ida5gzgrrt	1
co/gb10fogrfaso	1
co/kally8zunrrt	1
2015}	1
co/h2zyl2bzm0sample	1
co/krejl4vjqprt	1
charuhh	1
co/zqlbfycnugrt	1
moroccan-spiced	1
today?	1
eatsprigthe	1
co/4l12a0vjmart	1
coincidence?	1
being	1
c‚Ä¶thanks	1
today-	1
today*	1
wellbalanced	1
coached	1
brie	1
pages_and_pages	1
turkeys--with	1
co/oizou‚Ä¶rt	1
serves	1
shepard's	1
traveltuesday	1
stamp	1
eatsprigrt	1
soon!quiet	1
laundry	1
co/cdbl7zet1krt	1
leisure	1
co/3nxeu3dpj4spring	1
{üì∑sprig's	1
co/ugyrici2kwrt	1
biritesf	1
co/8zszadq76boops	1
brined	1
entrepreneurship	1
cheddar	1
todays	1
sweets	1
fees	1
emoji	1
co/gu0a8yxyvrthanks	1
thegardenbetty	1
nimble!rosemary	1
feel	1
3/21	1
liked	1
co/jrsixt1uov	1
tejaltshah	1
co/b7kn044wswforgot	1
seniorvisits	1
esteemed	1
onlycookonweekendshttp	1
co/28d2flzjrqthis	1
tonight-its	1
smokin'	1
grain	1
credit	1
co/j2afb878‚Ä¶perfect	1
butternut	1
ideas	1
bahn	1
picking	1
spri‚Ä¶three	1
chacon	1
co/ybahv6g0avrt	1
30x	1
colorful	1
ryan's	1
blend	1
co/w06yreblmf	1
conceive	1
co/ddaexllslzexcited	1
publicworkssf	1
cheapest	1
smoking	1
repeat	1
ktvu	1
batterbake‚Ä¶rt	1
loin	1
fallflavors	1
met	1
‚Ä¶stranded	1
designers	1
f6x	1
due	1
co/y9nqrlv5su	1
sonoma	1
hash--chock	1
co/fo7wrmzuin	1
ivankatrump	1
co/s4zrtwr5rrit's	1
aoli	1
trees	1
nationalwatermelonday	1
co/tfokjmgciqrt	1
guys!!!rt	1
co/lfhanwfkznspring	1
dvr	1
12	1
co/4spvdfoigqtuesday's	1
drprak	1
16	1
17	1
18	1
wonderful	1
received	1
labor	1
millet	1
co/inknqymacqit's	1
boost	1
co/dv8vmcgyy1rt	1
shared	1
worlds	1
25	1
participated	1
29	1
believe	1
cute	1
whyilovesf	1
co/m0hfy096basorry	1
habanero	1
lunchtimefunny	1
co/x1q0a27l62rt	1
back!we're	1
oodlesofnoodles	1
micahpanama	1
star	1
shucks	1
foodfutures	1
co/cyupcdchpilast	1
co/vp3oikts1o	1
warmmeal	1
lomi	1
texts	1
increasing	1
co/izffwrxndprt	1
co/4f0dandl7n	1
(including	1
co/nver1ufgsmrt	1
quesadillas?	1
45	1
delectable	1
cleaneating	1
kimchee	1
yelpers	1
everyone!currently	1
project	1
again?last	1
ac‚Ä¶as	1
co/xt4uhsss8aturkey	1
nominate	1
woof	1
co/cnbenohzvjrt	1
50	1
mm‚Ä¶house	1
palaceofthefinearts	1
mapo	1
surprise	1
googleshopex	1
sealed	1
invited	1
‚Ä¶let	1
mlk	1
healthyfrench	1
macaron	1
grounds	1
salted	1
happyfriday	1
right‚Äînow	1
internet	1
66	1
swapdom_com	1
renaissance	1
vegetable	1
mmm	1
nationaljunkfoodday	1
pollo	1
speed	1
co/vcgqhe5ipqwatching	1
7/	1
fastfrench	1
spriglunch!your	1
co/o82qu2yamlrt	1
co/xqp5s72vi2rt	1
spriglunch!rt	1
wa‚Ä¶rt	1
pickledonion	1
laurelpilar	1
incredibly	1
co/ivb0l70pvjrt	1
steamed	1
disagree	1
ragu?	1
tikka	1
keep‚Ä¶mmm	1
step	1
electionday	1
co/zmcfkdujy5a	1
base	1
sunshine	1
fingers	1
mon	1
logandwight	1
pack?	1
reliable	1
co/mqo2scjgq0	1
notanoxymoron	1
co/x2fygk2rjlsorry	1
alexpriest	1
maui	1
quince	1
co/zdr8hf4uydjoin	1
blends	1
hazelnut	1
co/ufg9q5tsk1rt	1
co/n1klrdbhdvrt	1
food52	1
(expires	1
coulis	1
delays	1
marigold	1
math	1
stayindoors	1
forrked	1
co/hrssphiitufyi	1
feta	1
co/gfn9l4szukhere	1
co/dioxn9trmxrt	1
9c	1
secret	1
mixingbowlhub	1
personalized	1
across	1
nigella_lawson	1
co/q1kohh2uvf	1
co/wszknzqhduhealthy	1
indoors	1
spruce	1
co/la9c3baepband	1
danita_ng	1
smooches	1
/‚Ä¶happy	1
co/5xdjqfumfnartichoke	1
mollie	1
sleeve	1
t‚Ä¶using	1
<20	1
indian	1
prepared	1
yummymondays	1
htt‚Ä¶rt	1
ericmannsf	1
google's	1
‚ûï	1
portfolio	1
co/jtcqkf7zoplast	1
timemagsaidso	1
ichichef's	1
cotija	1
alley	1
expecting	1
wakame	1
co/htint11kzwquinoa	1
co/m8yvsshdelthursday	1
spelt	1
co/yxlbihmpwespaghetti	1
patrick's	1
harvardhomegirl	1
co/cfbwnmmwwwof	1
chunk	1
winter	1
delivery?!?	1
ediblefutures	1
co/shwghnzkn5sprig	1
co/fff6ldrldtrt	1
spend	1
tacofont	1
instead	1
summery	1
franciscans	1
crew_app	1
mostarda	1
cloudy	1
cuban	1
chinese?	1
kevinwatters	1
co/psqep7efggrt	1
gruyere	1
co/aukm9jcpg0rt	1
perfection	1
flavors	1
temporary	1
co/e1uwk7jzwrwe're	1
longreads	1
co/cz494pstyxrt	1
sftry	1
co/jt2qy1eyczrt	1
‚Ä¶the	1
near	1
co/vlcp1fipk4psa	1
vit	1
del‚Ä¶rt	1
macarons	1
version	1
co/zxmsjpznoxtwo	1
planning	1
guess	1
alyson_clarke	1
israeli	1
science	1
bartartine	1
restaurants	1
returns	1
detail	1
2days2go	1
happeningnow	1
forest	1
peaches	1
cherry-bulleit	1
co/rlrk3yxyuosprig's	1
buffalochicken	1
queenasookkim	1
certified	1
sprig-style	1
co/lprtpnfdopspicy	1
wouldn't	1
website	1
meal/food	1
brands	1
learn	1
dinnerisserved	1
pineapples	1
oishii	1
shortribs	1
steppin	1
skins--it's	1
üçâüçâ	1
co/acxjqmzwredont	1
screening	1
sfferrybuilding	1
itskirbz	1
co/xkdkat3mydrt	1
fusilli	1
co/og7yunbqycrt	1
affordability	1
whats	1
hawaiianshirttime	1
leave	1
co/8pdtygdxufsprig	1
co/airlbonbjbthanks	1
co/zvk5ybh9a9rt	1
menu--mulled	1
abdullah	1
co/mgsqe8c71jwe	1
elm	1
wrote	1
jdotwhoa	1
progressingsf	1
recommend!the	1
(and	1
that‚Äôs	1
co/blclsdta6wgood	1
30-7	1
and‚Ä¶sprig	1
responsible	1
co/xdcvw7lkokour	1
popand‚Ä¶so	1
kristineciard	1
cutthroat	1
co/ybnzqskqba	1
co/1edozxeopystart	1
landmark?	1
co/reemev1g7dit's	1
ikura	1
susiecakes	1
it--it's	1
revolutionbbq	1
education	1
called	1
co/rrocskefbqblackened	1
cumin	1
turns	1
newly	1
creation-a	1
pigparts	1
co/yyjrjbv6ybrt	1
hotpot	1
partnership	1
shape	1
co/of8djbs584	1
nadia_yun	1
co/bnmkt8q4ukrt	1
fbthanks	1
co/isade0jr7lthis	1
driver	1
fo‚Ä¶rt	1
crossed	1
brettdem	1
connaughton	1
panzanella--feel	1
saffron	1
co/apvvkpvynwrt	1
co/5jkm9e8j9ptime	1
this?check	1
lfreerange	1
jhsilverman	1
fitmobapp	1
difficultdecisions	1
humpday	1
soogouda	1
kristianhansen	1
co/uezbm0ktuydelicious	1
thoroughly	1
2nd	1
soir√©e	1
mushrooms	1
ohmy	1
melty	1
vvvvvvrt	1
est	1
co/qviiwzcdpvwelcome	1
eta	1
beachbody	1
keynote	1
took	1
co/7sadmmknsxrt	1
yelp	1
co/av2ctz8hsvgrab	1
co/5mdfdmzxs3rt	1
co/m2hv13lqwrsprig	1
eatingwell	1
goodfoodjobs	1
impending	1
spur_urbanist	1
co/1g12xovfndstill	1
nfs	1
boundary	1
the_nicole_chiu	1
co/5polfgjn4eenjoy	1
trick	1
foodienamedropper	1
nextdoor	1
dreamy	1
springatsprig	1
estonian	1
pattypansquash	1
talented	1
aye_shanay	1
dadascope	1
frontier	1
appetito	1
peppery	1
remiss	1
decides	1
yourstartupgirl	1
xconomydon't	1
co/1pp3glmlsp	1
m‚Ä¶rt	1
caminoverdechoc	1
herb-roasted	1
appetite	1
territory	1
risotto	1
app-	1
greensandcosf's	1
yuba,&	1
gallo	1
ashleyhaverlack	1
locally	1
versionsrt	1
co/73uhv0p92ilast	1
nfs's	1
shoulder	1
dance	1
co/sunagdidax	1
c‚Ä¶have	1
expected	1
willferrell	1
peas}	1
tonight+happy	1
co/pzk00zh5yzwant	1
supplying	1
co/khej1bgefhour	1
terrariyum	1
gregsmithgroup	1
stir-fried	1
happenare	1
kundrela	1
co/jjpgt7vkiowe	1
chevre	1
eatsprig's	1
punkybizster	1
lemon-basil	1
ingredients	1
watermelon	1
unplugging	1
minutes!!try	1
chillyfallnight	1
fortessa	1
whatsfordinner	1
amandarich01	1
sprig!	1
laurachenel	1
erika	1
foodtechconnect	1
co/dh9tzvrkxnrt	1
co/ilegczlzdxrt	1
design?	1
features	1
thanks!too	1
newrecr‚Ä¶mmm	1
stripe	1
foodartisaninterviewsour	1
revamped	1
imagine	1
town	1
superb	1
yogurtdressing	1
engineering	1
co/lcw9v82zjtjust	1
denizens	1
brett_colbert	1
reopen	1
co/2pr0qsakx6our	1
experimenting	1
tryit	1
nod	1
co/wmbtowsxicrt	1
hidden	1
color	1
10/10	1
aggiemeesh	1
simplicity	1
makinghealthyeatingeasy	1
nom	1
springishere	1
central	1
nov	1
ucsfosher	1
backyard	1
memorial	1
petitpans	1
caug‚Ä¶rt	1
(2225	1
race	1
futures	1
co/g1xkoxdexfrt	1
alicehv	1
npr	1
ciaculinary	1
fab	1
ht‚Ä¶aren't	1
quickly	1
decide	1
healthyliving	1
fan	1
fam	1
survive?	1
reinventing	1
stuck	1
norman_tran	1
fav	1
tastiest	1
co/2ubkslsgofcherry	1
co/hftaxfrrqhrt	1
co/keejzatzihhappy	1
punintended	1
zucchininoodle	1
basil-infused	1
dinnertackle	1
funfriday	1
portion	1
co/tjnsv0pweja	1
tastings	1
coqauvin	1
foodlabs	1
co/jsc6mkndyofeaturing	1
julia	1
momentarily--it'll	1
lorimalm	1
latenightatoffice	1
earnhardt	1
co/jvfu4zwkpbneed	1
ragu	1
strawberry	1
sprigdeli‚Ä¶rt	1
co/5vtfisfe57rt	1
happened	1
co/u2ci8qapaaedible	1
co/yhwpeypvuzget	1
pleased	1
heads	1
stuff	1
üê∑	1
poppin'	1
tesla	1
can!hey	1
co/apsve33‚Ä¶	1
fee	1
co/rvfsqxztf0hungry?	1
co/pd3igqr8sltry	1
'hood	1
2620	1
snacks	1
today,sprig	1
sweeten	1
co/vo15xymjd8it's	1
crunchiesholiday	1
sumo	1
spriga	1
ipad	1
game	1
droid	1
gluten-free	1
herbs	1
co/x‚Ä¶get	1
pluots	1
co/c3xpc98vs6try	1
along	1
rocks	1
hottest	1
rush!we're	1
hospitality	1
cornmeal	1
diet	1
cortney	1
win	1
co/sdsr5a6xomrt	1
designed	1
foodfunny	1
a+	1
co/wbkxs9ggmxrt	1
=6g	1
shine	1
sous-vide	1
lyla	1
oyster	1
stayin	1
$10/month	1
nyc	1
attention	1
uses	1
visit	1
eatsprigcrispy	1
snuggletime	1
workday	1
hipsterlunch	1
fir	1
fit	1
venison	1
seared	1
custard	1
carve	1
grow	1
engineers	1
co/0lgrfzefg9rt	1
co/hcmleoweficold	1
submissions	1
co/ukxc8nlarzrt	1
minervaschools	1
roulades	1
mlymat	1
healthyeating	1
co/upsya73gyoyuzu	1
ca	1
cc	1
super-scalable	1
salty	1
charge	1
keeping	1
predictive	1
co/3b6ifnxhwutry	1
terrarium	1
co/woq7uxaegbrt	1
co/pv4ioh4nmn	1
‚Ä¶turkey	1
dry-cured	1
fueled	1
co/orducq3fhaa	1
df	1
co/feu4r06spjtired	1
grub	1
dm	1
ht‚Ä¶holiday	1
endive	1
dr	1
co/9zqcnlofigstill	1
+more	1
nofactoryfarmssprig	1
won	1
rare	1
influencers	1
co/aibugjndbxjap	1
needs	1
in/eater	1
2xauthentic	1
fajita	1
co/ukqavst7elthursday's	1
spriggo	1
carry	1
fog	1
ff	1
engineerwich	1
kleinebianca	1
report-style	1
kylechronis's	1
organicheirloom	1
fr	1
watching	1
sprigapp	1
$goog	1
alert	1
oils	1
(especially	1
co/exor3fq7bert	1
co/flru8zfzczrt	1
‚Ä¶don't	1
fork	1
co/baj3jnvbl8tender	1
cindycated	1
u‚Ä¶rt	1
presents	1
co/dzitbw0tonsome	1
stayinside	1
hi	1
wheatberries	1
hq	1
co/wvu3ahgeuytonight	1
co/xyvra42aemhope	1
easily	1
hypergrowth	1
burns	1
saut√©ed	1
ii	1
juliachild	1
literally	1
w‚Ä¶whole	1
wtf	1
co/ffx6lf0dwirt	1
gave	1
co/jd0dwvdr5srt	1
hangry	1
trufflesarehere	1
jennifer	1
co/pc4pvjfgvort	1
subscription	1
happythanksgiving¬†	1
sweeterüç™	1
nutrients	1
kevinrose	1
co/p4udq7z06ihey	1
matt_murphy	1
giantsfans	1
f‚Ä¶light	1
co/mk68jyuapbwhy	1
http‚Ä¶we	1
$22	1
üòõ	1
vest	1
knew	1
co/ci‚Ä¶rt	1
co/9llwrenfoqdon't	1
3pm	1
co/3s‚Ä¶rt	1
co/k738jqswhzrt	1
la	1
complete	1
üòÇ	1
second	1
i‚Äôd	1
i‚Äôm	1
thebolditalicrt	1
mg	1
co/hjn2duvak8no	1
plum	1
co/di2jgwkpypforbidden	1
learnings	1
plus	1
entry	1
expand	1
whoopie	1
woes?	1
foxy	1
alexwang	1
hungerchallenge	1
co/ffayyuue2xlook	1
passionate	1
startuphouse	1
fooddelivery	1
goodeggs	1
locally-sourced‚Ä¶feeling	1
parmesan!veggie	1
spinstersofsf	1
blat	1
oil	1
og	1
somehow	1
backend	1
fastcoexist	1
ok	1
chard--	1
families	1
refinery29	1
zack	1
pi	1
sitting	1
apartovi	1
convenience	1
speaking	1
wholegrains	1
rocked	1
brand	1
vibrant	1
old	1
gotta	1
co/gl3ax‚Ä¶enjoy	1
cranbe‚Ä¶energize	1
device	1
checking	1
belly	1
discovered	1
seed	1
seniors	1
omg	1
cabin	1
executed	1
hellfire	1
toasted	1
samiasays	1
organicour	1
bleu	1
yournewsundayritual	1
co/ibswxmq4u1i'm	1
intern	1
starter	1
üå∏	1
whyiwouldmakeagreatpresident	1
co/zwn3yimszfthank	1
closes	1
flower	1
raita	1
foodtakesyouplaces	1
change-	1
paloaltohappy	1
country	1
creation-	1
ty	1
themrt	1
loaded	1
co/hxfhglsohdrt	1
co/p37hxljsjhback	1
with/	1
details	1
ux	1
usual	1
tweaked	1
staythin	1
flavor	1
nutritional	1
vs	1
frosty	1
preview	1
tangy	1
üéâ	1
co/1nhuw3ofvzrt	1
dana	1
co/ed87sywlhf	1
co/yvgksiuqeirt	1
brighter	1
brasschanteuse	1
amigo	1
personalrecordorder	1
classpass	1
co/rmwgclpfnjrt	1
üëåüèº‚òÄÔ∏èüçé	1
xo	1
co/al98qwqqu5friday	1
sprigging	1
vitaminc	1
software	1
tataki	1
co/sfvq5zrwklit's	1
conf	1
sultana	1
problem	1
obsessed	1
teams	1
co/kkh9jcmuitrt	1
co/ldr32gnelprt	1
push	1
popeye	1
provisions	1
freshly	1
treatyoself	1
co/lbnam4mqc1rt	1
oui	1
co/njz0uy8trlour	1
co/fcbyjyf74xrt	1
north	1
promo	1
co/26qmfz9n2crt	1
continues	1
newlunch	1
power	1
30am	1
gagan15	1
already?	1
co/m0lssunlzzdue	1
love--try	1
precious	1
wholewheatpenne	1
almostfamous	1
frittata--grilled	1
wrapsareback	1
sprigbrunch	1
referral	1
co/g72ligot8ustill	1
summerfood	1
additionally	1
eatsprig!rt	1
co/kzfxfdk88urt	1
lazyat	1
fastfood	1
date	1
~>	1
brockkeeling	1
co/43sdrz5etzsome	1
co/zvbmhzbwoeitalian	1
g‚Ä¶rt	1
corn	1
concept!	1
sound	1
co/gbk3prwgri	1
seemsnaughy	1
co/k9jpaolj9ert	1
hosted	1
healthydelivery	1
sunny	1
bavette	1
co/2lhqnoivxqrt	1
co/dqrwgcejmlaloha	1
sent	1
nightmare	1
brussels	1
nuttin	1
core	1
co/fhg0wnvvcprt	1
boxing	1
sxconf14	1
note	1
claudinewong	1
ucsfgeriatrics	1
regret	1
hearty	1
co/tl3qpx4xgrrt	1
vegetation	1
powerboost	1
interns!rt	1
sarahtilton1	1
co/azxt689oukveggie	1
co/‚Ä¶packed	1
nothingbuthitz	1
salvationarmysf	1
healthydin	1
team's	1
confidently	1
co/7rscwmjqebwhat's	1
cuisine	1
lemon-tarragon	1
amokranechentir	1
co/dwdvm4iqz9try	1
sprigwe've	1
locations	1
wild	1
snap	1
co/7jkjdtzjxrwhat's	1
co/ba2mxuaz6xlast	1
slowed	1
nachos	1
day?	1
spafood	1
hellofall	1
introduced	1
veggiepower	1
futureoffood	1
wins	1
veggie?	1
beetit	1
co/spx6fa7gb5this	1
devices	1
noun	1
brownie	1
co/w7siri7urohave	1
co/snzjohmps7citrus	1
now!	1
momofuku	1
co/rcicbi4db0sprig	1
co/jyx6u1qahtthe	1
‚Ä¶bavette	1
now|	1
happyholidays	1
weather=spring	1
joshconstine	1
co/lvbihbes6gget	1
resolved	1
trycaviar	1
parties?	1
running!blackened	1
brooksmorganrt	1
chaat	1
orzo	1
crowd-favorite	1
com‚Ä¶rt	1
g_xing	1
rasalhanout	1
co/4kpwds1ammrt	1
yours	1
god	1
wrap	1
co/ecbouwsjpnrt	1
discuss	1
co/3znypsrsftdouble	1
co/rstq3rsmxabimbimbap	1
earlygirl	1
cozy	1
co/5hq2uvhhqgrt	1
carving	1
local‚Ä¶	1
co/n7whwcemqealmost	1
pac	1
‚Äúday	1
pal	1
juicey	1
easychoice	1
weloveourfarms	1
list	1
spending	1
awesomeness	1
success	1
600	1
day--figure	1
scenes	1
folks	1
zoodle	1
child	1
kristengreen	1
pbr	1
co/r2x6fw3bafrt	1
co/mtadpzmrqwstill	1
medium	1
hormone	1
co/7w14ysjvvirt	1
co/40i1ussw6c	1
co/xrigzy1tvcrt	1
costume?	1
johnnosta	1
co/nkni50g4e9starting	1
slowdowns	1
wel‚Ä¶we're	1
peak	1
halfway	1
kitchenteam	1
theleagueapp	1
chariotsf	1
anchovies	1
co/jnojumv95urt	1
basil-chili	1
morganmmoore	1
southwestsaladdreams	1
grazetheroof	1
pea	1
fair-trade	1
co/jxobzclfb0that's	1
hellagood	1
co/hpsfds53dufree-range	1
co/jyhzy6dmh0woof	1
yeehaw	1
doggietreatsonthemenu	1
a&c	1
refill!last	1
fiber	1
understand	1
earthquakesnacks	1
co/e2texqlkkaspice	1
alright	1
winner	1
morimoto	1
co/orqhcpj2gaboxes	1
guy	1
shaved	1
welch_joseph	1
coolest	1
buon	1
ensalada	1
homemade	1
co/omxpkz6cbqwe	1
co/j1cbycbsl4great	1
co/drbykqdno9rt	1
opportunities	1
pacific	1
peek	1
noleft‚Ä¶rt	1
bi¬∑bim¬∑bap	1
provisions‚Äô	1
tagine	1
heaventhe	1
pic	1
eatlocalrt	1
kevinjoleary	1
duckandcover	1
co/3aaihztfflread	1
eventbriteindonesian	1
co/lw6as7iueyrt	1
bmizerany	1
co/jyc‚Ä¶it's	1
sneak	1
sflgbtcenter	1
surge	1
basil	1
4th	1
co/p6dmhbi7fdnew	1
mitscoots	1
healthier+more	1
co/l1qoxsjk1jlunch	1
sultanas	1
co/3nas8zhqdert	1
foodshed	1
verde	1
indulge	1
co/2srqqrh9zhrt	1
convey	1
land	1
betterthancauliflower	1
rydonahue	1
jessica	1
co/1cez‚Ä¶rt	1
velvet	1
pls	1
fantastic	1
kogir	1
triumphant	1
co/uq3hfj3tvhnew	1
bislr	1
acorn	1
brianbeedavis	1
thinks	1
welcome	1
thebolditalic	1
portions	1
flecked	1
trace501	1
processor	1
jes!rt	1
bamboo	1
flavorbomb	1
marina	1
kalesaladmonday	1
comfortfood	1
fixins'	1
co/sy4sfnulhvcount	1
seasoning	1
üéâüá∫üá∏üçé	1
colors	1
pop	1
pistachio	1
yam	1
employee?	1
refresh	1
ppl	1
co/nmgtofbh1tit's	1
co/txnlteriuphoney-dijon	1
co/twuosyhapbhttp	1
till	1
greenbeer	1
placing	1
co/tjyjmgjfkc	1
preserved	1
basically	1
hat	1
http‚Ä¶cool	1
co/wsmws2jes7petaluma	1
co/toczmzhnsngreat	1
pre	1
gooey	1
pastime	1
modcloth	1
‚Ä¶brand	1
batch	1
4-course	1
perfectpairing	1
‚Ä¶free-range	1
harrison	1
co/5prpicrlwjstill	1
poppyseed	1
\Ààbƒì-Ààbƒìm-Ààb√§p	1
later‚Ä¶	1
st1ck3r	1
dried	1
co/ab9xmq4r6vour	1
yesterday	1
tip!	1
fatfree	1
uuilly	1
co/ad7ojwbhrkrt	1
winners!hungry?	1
co/sucluyyb7vtry	1
vote	1
yeh	1
early	1
sfstation	1
o‚Ä¶get	1
soon!good	1
yet	1
engineer	1
‚Ä¶introducing	1
co/1wm1norpvtrt	1
impossibly	1
thehappymovie	1
co/haagc4sovpstill	1
co/v5hsezru6hand	1
sesame-sriacha	1
co/hkm0gvc2lfget	1
smoothies	1
put	1
co/y5vuwcvxrysummer	1
okay	1
sundaydinner	1
meets	1
sugars	1
co/asf8ow6v3glong	1
co/2jiap5rkvuweb	1
co/5x6isizcawmmm	1
doubles	1
co/zf8ed0i3t7aw	1
paloaltohave	1
co-founder	1
co/ramd1rgzirstart	1
entzel	1
foodnetworkstar	1
co/kilosv0vofrt	1
nomnomnombraised	1
crimson	1
ways	1
grown	1
(made	1
co/ejbp8e0a1qrt	1
gazpacho	1
shallot-	1
chae	1
indigenouspeoplesday	1
reverse	1
launch!android	1
lastchance	1
co/smrsa6rxgmit's	1
mmmm	1
fungi	1
january	1
chat	1
co/sarzssodbrthinking	1
travel	1
choice	1
co/rceub9zikart	1
co/dn5hoojgd8any	1
co/ernrokfktoit's	1
cucumber	1
salad--get	1
co/cr7tabtgcqso	1
co/u8ajyljnsithe	1
kincao	1
major	1
beat	1
dusted	1
co/soqypjizbyhttp	1
insidehook	1
grubbing	1
taco	1
romaine	1
twice	1
yaychocolate	1
eaten?	1
co/oqs5dzppmztry	1
google-worthy	1
co/8s2c8womfeand	1
jurassic	1
vdaylove	1
co/urtcv8dilprt	1
_cameronmills	1
values	1
mirin	1
asap	1
debut	1
co/iiwwj3cbujrt	1
co/l7y9h3sjnn	1
hospital	1
deserve	1
hodo	1
paleort	1
festive	1
co/07ladxdudeoodles	1
co/j1pk‚Ä¶rt	1
naturebox	1
romanesco	1
a-mazing	1
approve	1
co/borulsjy5j	1
francisco's	1
brokeassstuart	1
co/0zawquvcksstop	1
hurry	1
spiceupyourlife	1
foodshift	1
carbonnade	1
co/xtoombg2ujrt	1
co/hwz6b9w820	1
too!rt	1
trio	1
co/mwnhmpmyrn	1
puffpastry	1
bistro	1
co/fmz1p6tmfxrt	1
beer	1
happen	1
seamless	1
intro's	1
‚òÄüçâ	1
souffle	1
cutthroatkitchen	1
loyal	1
route	1
meatisbetterthansoup	1
gettingtheax	1
baharat	1
michelemandell	1
co/4nhoogpse7rt	1
bottle	1
nongmo	1
co/6ifznafnct	1
co/zbsz8kzcqntemporary	1
chip	1
healthrt	1
spicyrt	1
day's	1
vietnamese	1
|live	1
calls	1
~$30	1
co/w59dxmxbkv	1
co/sak5etcv5bspaghetti	1
represent	1
stonefruit?	1
dispatch	1
putting	1
rubbed	1
sometimes	1
questions	1
co/jaq0zrpqvlfree-range	1
trail	1
chinese	1
eta's!meatballs	1
co/ik1zdxsq3rmmm	1
afterdinner	1
kamut	1
count	1
entrees	1
topic?	1
lunchisserved	1
co/uy9strhh58don't	1
immediate	1
lunchtastingmenu	1
&zucchini	1
carrying	1
co/jrzy6og3k2tender	1
beginning	1
waiting	1
soma	1
co/ni273u7kfpgrilled	1
co/1a9uezp7ghrt	1
pancetta	1
choc	1
holy	1
co/06qbr9becprt	1
complimentary	1
co/ubbt06czqksprig	1
superdeux	1
-üíõ	1
5pm	1
2014	1
organicbliss	1
kevinflo	1
tessitak	1
angelamedia	1
ya'll	1
tracking	1
executive	1
tastytuesday	1
frittata	1
guidelines	1
snacktrials	1
co/plzfemai6aour	1
co/vwygypugcxrt	1
parsnips	1
accompanies	1
bounty	1
jordanlporter	1
cream	1
co/l37hama043it's	1
you‚Ä¶rt	1
basmati	1
marin	1
co/zurxqonlvpstill	1
accompanied	1
co/tivloev00chappy	1
co/ceqaol20vllast	1
co/fre4uuskzkit's	1
salad--transport	1
co/9zxl3g5a7wchili	1
goldengate‚Ä¶it's	1
mollylauf	1
co/yrtb7ufdecso	1
gamechanger-	1
within	1
5th	1
marks	1
poultryproblems	1
xoxotoday	1
co/og5boeea3dstarting	1
five-spice	1
tcdisrupt	1
evening	1
codes	1
co/59nvthf1e6check	1
writerpollock	1
‚Ä¶it's	1
$800	1
co/ua6dst1sintonight	1
dry--order	1
lusciouspear	1
co/r6lcfn9n85	1
serve	1
spinsters	1
co/xl5lfhwbr2rt	1
smile	1
chickpeas	1
fine	1
co/mc4c8nrp7s	1
jolly	1
co/ghexkrshggduck	1
turtle	1
seriously	1
sustainability	1
co/moi2l2yyaart	1
task	1
chantelle	1
co/odaqkhqtaqrt	1
co/p7hbohhcsiwe	1
co/xe7cxb6ztrrt	1
greats	1
co/uinb0uqqnxrt	1
w‚Ä¶rt	1
scrubs	1
co/ilmf85ib9z	1
soul	1
dangerous	1
certificate	1
co/bdxt7vabymit's	1
sous	1
transform	1
machaca	1
heard	1
beta	1
co/cqgjqj41dfrt	1
calvados	1
beef!	1
impressive	1
master	1
eatdrinksf	1
eatersf	1
antonejohnson	1
co/xdcdczoziirt	1
way!we	1
specials	1
co/mqpb7vmpixcheck	1
monicabcater	1
le‚Ä¶have	1
charcuterie	1
dinnerrush	1
co/7o4xp3mhwlgrilled	1
cheeseplus	1
co/7qav5r‚Ä¶check	1
ipetersharkey	1
handmade	1
co/sxcujxt42f	1
co/jsroety0wmyou	1
hawaiian	1
based	1
antioxidant	1
spray	1
richmond	1
demi-glace	1
something	1
co/fmrdqenqsfrt	1
perfectgamert	1
guittardchoco	1
co/slp2pm0qpmquick	1
season's	1
co/eiclk8lhn6	1
scooters	1
plants	1
sellouts	1
cb+v	1
face	1
cortney&	1
co‚Ä¶get	1
household	1
papaya	1
soup??	1
ice	1
vanilla-infused	1
presentation	1
co/3u2nmkaauvlast	1
co/cnnimzezj0rt	1
co/gkhwzjbepxrt	1
five	1
lookin	1
c‚Ä¶great	1
co/tq95pxkdhmwarm	1
co/irwvaajivethis	1
co/dgopqzagffcheck	1
co/9jfvnj‚Ä¶city	1
flavored	1
fits	1
co/afktut5dapattention	1
co/htx5kwunevchicken	1
i‚Ä¶pork	1
burrito}	1
dreamforce	1
holdidays	1
burritos	1
omar___oj	1
wants	1
definition	1
chrisfnicholson	1
afterhours	1
watercress	1
keller	1
laughtoday	1
co/alrmxdubou	1
madness	1
co/d8z3qozl3hrt	1
sfweeklyrt	1
co/qduglmb7lmorganic	1
co/g6hndis26pbeautiful	1
natalievenuto	1
islandtime	1
momwouldbeproud	1
co/u4oxywnxpjrt	1
(via	1
fireside	1
7/29	1
co/dzfxal3n00want	1
vegan-paprika	1
jacobbeemer	1
co/pn38thwfxydear	1
preparation	1
co/pyo1bdn8oichilled	1
co/x9ran913otsunday	1
slavery	1
hodotofu	1
purestorage	1
eggplant	1
(thanks	1
steveonwire	1
hints	1
dressed	1
sf72org	1
fail	1
flagshipcf	1
sunnywithachanceofmeatballs	1
tonightonly	1
co/‚Ä¶check	1
dine-on-demand	1
pictures	1
üé®üé∂üéªüìö‚úèÔ∏èüí°freshly	1
kyle	1
t‚Ä¶rt	1
‚Ä¶hope	1
eatclean	1
acmebaguette	1
sundaes	1
gnocchi	1
fascinating	1
mishachellam	1
co/io0linxtonchef	1
co/6m7ki9vgs5carbs	1
wings	1
i‚Ä¶rt	1
davidnaegermd	1
kitcheneroak	1
dominos	1
mid-morning	1
minority	1
space	1
reference	1
co/3m3abxv8riannouncement	1
co/j6jwcutl0xeggplant	1
etrepum	1
co/7xyc6tuqnnhttp	1
hellastorm	1
awadsayeed	1
co/vnhsjf4n0ikorean	1
bench	1
insights	1
everydayrt	1
published	1
fortmasoninsf	1
co/zkpztrowng	1
co/q4lnhijzmbhaven't	1
ucsfhospitals	1
co/jlg1ieuvphfree-range	1
teamsprig	1
network	1
moments	1
operations	1
kitchenonfire	1
perfectlunch	1
value	1
oranges	1
quantity	1
rush	1
currently	1
25min	1
co/xgiqwuyqhz	1
farm-to-phone	1
carrot	1
fare	1
coldbrew	1
nailed	1
‚òÄÔ∏è	1
jalape√±o-cilantro	1
takingover	1
co/spbngdmg8frt	1
co/xxypqsnh5gsprig	1
farr	1
co/5m‚Ä¶rt	1
honeybeast	1
co/no6dullwtb	1
co/sb5bdyzgmtchicken	1
sprinkle	1
juniper_ridge	1
co/q49uhqio2ommm	1
southern	1
weeks	1
m‚Ä¶this	1
sfchronicle	1
soon!tonight	1
posted	1
co/cwgmeyjulort	1
lifekaizen	1
co/yo5hkktsd9try	1
targeted	1
meyer	1
co/eesiogeonryes	1
spin	1
fave	1
angelabarth	1
co/90tmgun9innew	1
wheresourturkeystamp?good	1
moppin'	1
work-our	1
favs	1
finish	1
gifts	1
dreaming	1
bn_ranch	1
co/hc3ceik243rt	1
co/h0bmjkzswjginger	1
ado	1
getthatcheddar	1
co/qbqed1lutkstill	1
heaped	1
scoop	1
smallest	1
epicurious	1
paste	1
plaza?	1
rickshawbags	1
pasta	1
greatfood	1
co/rczc7olvtbfresh	1
hoteltonight	1
fresco	1
deli‚Ä¶honey	1
co/ddoav2v0mfeat	1
crap	1
kitchen's	1
bahnmiandyou	1
co/sjoqcj4emirt	1
micro	1
moves	1
co/ybuhxcekvmtake	1
prak_daddy	1
co/jtstmzxjn3rt	1
allagashbrewing	1
co/bl3skr7iao	1
co/gbbm8vctgjrt	1
charliegouldnyc	1
movie	1
rumors	1
co/gtngfta85mrt	1
years	1
co/ezhcitgmdf	1
acme	1
gopro	1
co/ogtyvgk8iart	1
co/u3flz7nl9idid	1
ahi	1
zestyapp	1
ahv	1
chubbies	1
rotatingmenu	1
spot	1
getitbeforeitsgone	1
playconference	1
favas	1
shepherdspie	1
co/iowvagijiegetting	1
classicremix	1
lunch--	1
brolivia3	1
foodtech	1
cree	1
co/8yhqaccszart	1
fajitas	1
sf!just	1
can!try	1
healthyonthego	1
you!rt	1
dogpatch	1
rests	1
co/zypjimlcwychicken	1
spoiled	1
satisfaction	1
grains	1
co/vnshkv8zhsrt	1
co/ph9cyqlmx0do	1
davey‚Ä¶rt	1
filler	1
charcoute	1
year?	1
grandmarnierusa	1
‚úîÔ∏è	1
locally-sourced	1
impressed	1
co/otaepn90bgshredded	1
panzanella	1
co/k6arxdmapz	1
body	1
relaxingweekend	1
dignita_is	1
co/galo3hswgoget	1
co/ymiwcjge0hrt	1
katehiipakka	1
cafe	1
cantbelieveitsonly9dollars	1
co/zo4hkk5grxgood	1
co/xlv57fvme0	1
caseofthemondayssummer	1
hiring	1
co/0lc8gar6x0get	1
at‚Ä¶rt	1
co/siow2eziwsrt	1
co/ctuas9nlogrt	1
delish!rt	1
energized	1
halvsies	1
productive	1
sfcrossfit	1
co/cyryfsyjyya	1
gobblin	1
co/nslsjrxclpgrab	1
reason	1
comforting	1
co/ayhpyyafunspa	1
co/epjvo2gb2xrt	1
pier2620hotel	1
co/4h0xayirmthappy	1
co/dugtku4lkuturkey	1
anywhere	1
co/mhbw‚Ä¶if	1
cake	1
english	1
api	1
shopping	1
goodness	1
aglocal	1
valrhona	1
hydestreetfire	1
terrariums	1
co/iaww9oqrqrtofu	1
arush	1
collinkmorgan	1
co/udxtprdqkmour	1
co/mofgje8qowlamb	1
jelenazanko	1
co/bwd375ispttry	1
vide	1
grabs	1
rsg	1
co/4twudhejp6it's	1
co/jqhkee33fkthanks	1
cookies	1
dineondemand	1
valentines	1
patience	1
came	1
jenndprsf	1
kids	1
broken	1
plastics	1
last-min	1
sweettart	1
farmersmarket	1
ask	1
oliver	1
rub	1
co/7tuy53lfrxrt	1
run	1
bomb	1
kohlrabi	1
mother	1
wisesonsdeli	1
ate	1
co/wjetsjuwfzsteak	1
greggmyr	1
warriors	1
sprig-ers	1
7am	1
the_solomonster	1
ahituna	1
co/kkwdj9id3art	1
brettbrownell	1
michelin	1
brownrice	1
longer	1
co/wzbapn11nclast	1
co/xbx8ypw97drt	1
stuart's	1
momsapprove	1
parties	1
neighborhood	1
leaving	1
penne	1
you‚Äôre	1
farm-fresh	1
alla	1
shot	1
co/hrs6fiumpngrilled	1
arrive	1
w2sf14	1
people's	1
evening's	1
co/5ppig7xdn9love	1
co/mjgz9pgtmituna	1
artichokes	1
giants	1
co/cmpn38c29g	1
'the	1
co/ova0hmffxwsorry	1
guava	1
allansteiner	1
blazing	1
jonathanrosen	1
co/xooafo414nrt	1
mattkent	1
truly	1
co/qzf0bryoi8rt	1
it'll	1
co/tusaaxyqsacheese	1
item	1
downtown	1
lmelsted	1
chowder	1
http‚Ä¶hey	1
eatnomiku	1
sticky	1
co/fl8dsetnyztry	1
gfjfeed	1
demos	1
co/sr3bjznig7rt	1
co/pbx7kig4bsdelivery	1
co/dhuzmofkfwrt	1
dayfliesby	1
co/dzm9vtsq‚Ä¶roasted	1
exercise	1
nate	1
glorious	1
cookies&cream/brownie/banana	1
sundae	1
scooter	1
viks	1
$8/delicious	1
feelingfrench	1
beautifully	1
forbes	1
samosa	1
co/co0ficubbbthere's	1
co/oacoroeg8hits	1
treating?	1
app!rt	1
wrong!‚Ä¶20	1
luck	1
co/o7crtpzkmupetaluma	1
caneel	1
jmj	1
raguforyou	1
simple	1
marscarpone	1
chefwear	1
fall2015	1
ccpost	1
co/rtafcscrrcdon't	1
marketplace	1
king	1
temporarily	1
crafted	1
t‚Ä¶let	1
co/um05gqyxzc	1
important	1
co/6tynjh3keotry	1
(for	1
‚Ä¶in	1
co/6g0ka7pdps	1
job	1
sohungry	1
vips	1
joe	1
co/aicx1wjvcdcitrus	1
recommenda‚Ä¶rt	1
co/hbmkkq0fzxrt	1
database	1
causing	1
mondaymotivation	1
co/jcc54ovu8zand	1
adds	1
tecgirl	1
original	1
saw	1
amalfi	1
also	1
gets	1
spread	1
co/fv9voe215r	1
co/61wb55dgbmüçâüçâhappy	1
heights	1
favor	1
organizations	1
guests	1
front	1
co/rnhdolvi8gjust	1
4nkush	1
co/un0wa9p7tuin	1
ibringtraffic	1
offer	1
johnolilly	1
eats‚Ä¶feeling	1
organicondemand	1
patience!lemon	1
co/ynpu9osckvrt	1
livin'	1
caliente	1
tequila	1
alanaaweau	1
latelunch	1
strong	1
tasteslikefall	1
co/st3sq6sp7zguest	1
cassouletday	1
sf?	1
sea	1
co/zgeazx7raghave	1
lastofthesummersquash	1
tot‚Ä¶rt	1
masala	1
customers	1
co/ecxgemdhz0announcement	1
co/7sdadpq8iwrt	1
susanmees	1
fastest	1
jobs	1
words	1
sample	1
barnes	1
18reasons	1
co/twyozegqw2today's	1
techcrunchwell	1
difficulties	1
annexkitchen	1
kalesalad	1
co/b7zxy16qzlrt	1
bed	1
co/25qbk7ptbfwhat's	1
blackforestrt	1
ma!!	1
developed	1
eatwellrt	1
diners	1
launchfestivalfinally	1
verrine	1
piroshki	1
co/h9darfboehrt	1
lunch-	1
sauteed	1
w/port-poached	1
enchilada	1
deliciousfood	1
co/cv4wy6pxfjrt	1
‚≠êÔ∏è	1
co/hzltg6b90t	1
helps	1
lucky	1
gmo-free	1
trained	1
goose	1
caesar	1
parade	1
superfoods	1
marketplacedinner	1
/cc	1
midweek	1
catecauguiran	1
related	1
icsf	1
sit	1
co/hlymr0hsqjhave	1
lulu	1
nakedwines	1
wearing	1
cobbler	1
co/l2mqcic6wvrt	1
they‚Äôre	1
congrats	1
pyramid	1
co/a59sududmkguest	1
ea‚Ä¶rt	1
cashews	1
c‚Ä¶rt	1
eatwellwe	1
crowd	1
corned	1
co/cal1ooso42rt	1
foundryatcitris	1
sprigeng	1
coldbrewdelivered	1
joinsprig	1
improved	1
w/braised	1
c‚Ä¶so	1
co/etz1thpuxoalready	1
co/6ttvjfeuqwmouthwatering	1
co/6r0ixkxeaasprig	1
co/lgmzxvalfc	1
latenight	1
smoother	1
cassoulet	1
users!	1
co/plc4mxusllrt	1
hello	1
truffletakeover2015	1
brought	1
plate	1
peeps	1
üçêüç¥üëå	1
co/h3oe1db1ehso	1
‚Ä¶monday	1
december	1
sundaydinnermadeeasy	1
co/z8fhgwu2x6currently	1
co/hkbpeyca89warm	1
co/kdmljlhm2dnavy	1
blues?	1
change	1
restaurant	1
ivankalove	1
co/wqknrpwzk3it's	1
status!tonight	1
litquake	1
marketergraham	1
carlpaoli	1
boost?	1
gowarriors	1
co/ey12g9kuyttry	1
co/fapksbg5jcchicken	1
married	1
chirping	1
co/lc97y0ifs3need	1
co/9zevqt4szlrt	1
frittata-its	1
superfans	1
0--caramelized	1
kimmie	1
plaza	1
download	1
co/rtam3p1w8yrt	1
champagne	1
different	1
officially	1
roots	1
lush	1
focused	1
tastey	1
errors	1
tastes	1
guacamole	1
co/recogiayarthe	1
recipe	1
friends+good	1
demo	1
co/ptfcff85hzrt	1
hazelnuts	1
/‚Ä¶lomi	1
happy4thofjuly	1
disrupting	1
co/1cvh19cl01rt	1
prices	1
/thx	1
nature	1
throwback	1
lemon-mint	1
apricot	1
101	1
dulcedeleche	1
swaaanson	1
firs‚Ä¶rt	1
asap!and	1
co/si8xa6pxfdrt	1
hamwich	1
co/8rl9dx1hmzjoin	1
tamago	1
jfalkenthal	1
opencities2025	1
insanely	1
‚Ä¶fennel	1
co/kyx1svhqog	1
co/rxkgngmxqftoday's	1
solleks_chuck	1
glory	1
mission	1
ch√®vre	1
definit‚Ä¶rt	1
tacotaco	1
danmartell	1
googlefiber	1
autumn	1
weekendwho	1
w/pecorino	1
extended	1
crunchy	1
co/l2aentocvaget	1
confit?	1
stopped	1
timjschwartz	1
storm	1
manager	1
startuplifert	1
sprigcelebratesthelittlethings	1
tloh	1
loads	1
co/fpnbiurkx9hope	1
healthyisalwaysanoption	1
hill	1
mcdonald's	1
story	1
loveit	1
chicago!rt	1
co/j3yvnkmldfrt	1
summerweather	1
co/ga4qx5pryspie	1
makingdinnereasyroasted	1
co/‚Ä¶our	1
co/rzrticpay9rt	1
co/alvbsvddoesneak	1
scholarships	1
passion	1
brunches	1
potatoesordinosaureggs	1
ranch	1
queso	1
co/fr9ubvz6d2you	1
deliciousness	1
homevisits	1
sing	1
persephoneandpomegranate	1
caromonsta	1
missing	1
tues	1
co/t7jmgwbv25winner	1
co/tameuqgdn3ichi	1
threebabesbake	1
co/gggon1eiqwit's	1
lovely	1
types	1
worldemojiday	1
food=the	1
co/ggdvrfg4nhtomorrow	1
calories	1
almonds	1
co/d0st8nzlxjrt	1
coconut-tomato-ginger	1
stone	1
shikhalamode	1
restaurant!morrocan	1
pairing	1
nights	1
ones	1
passing	1
days‚Ä¶	1
cr√©meux	1
reach	1
co/bglkc8dvivrt	1
co/k7pus44delzucchini	1
lightly	1
co/5u7i1zl66prt	1
co/svnh2gciw4haven't	1
seconds	1
partyinyourmouth	1
chef/marketing	1
~10	1
sprouts	1
co/tg9yb0pzhhrt	1
co/7cguplt30ufirst	1
efficiency	1
natural	1
co/ajoh09ahsirt	1
benefiting	1
co/rfgzddc7e5check	1
lacocinasf	1
co/talw1svzv6rt	1
eatcleangood	1
tradecraft	1
jeffterrel	1
racing	1
range	1
co/qwpbju0ueehot	1
organicfridaysit's	1
impress	1
announcing	1
flax	1
feature	1
place	1
meerkat	1
co/k7dzqxc5bltoday	1
co/q8iz3zijdhit's	1
13-14	1
co/k9u9u7yxejif	1
digging	1
co/adteg6wqyjwatching	1
soothe	1
luckyyou	1
co/98u38exypgrt	1
only100	1
barrysbootcamp	1
hempseed	1
caragpw	1
cocktails	1
chilaquiles	1
sandwiches	1
slowfoodsf	1
tastedgreat	1
petiepizarro	1
co/edupkygv5e	1
min‚Ä¶welcome	1
executiveranddchef	1
tap	1
well'	1
patients	1
salmon	1
‚Ä¶happy	1
wraps	1
continents	1
deliveries	1
jamie	1
burrito	1
co/deqa‚Ä¶healthy	1
co/oqfqabpx1ythere's	1
favorites	1
email!first	1
spicy?	1
execs	1
tune	1
balla	1
kylechronis	1
cap	1
kidscooking	1
eligible	1
albert	1
stove	1
petalumafarmschicken	1
hanakelley	1
upenduapp	1
co/prfaqrun29cinnamon	1
limited	1
co/hu0uuni8qscheck	1
askdzign	1
co/f4bxugyiaptoday	1
parfait	1
poivre	1
t‚Ä¶check	1
co/qv9jrc6nmcrt	1
