new	215
tweets	199
now	142
tweet	132
today	103
see	101
follow	89
world	81
twittersports	66
get	65
best	55
via	52
help	52
read	52
day	51
check	51
users	49
search	49
support	47
share	46
live	46
people	46
one	45
vine	45
last	43
around	43
gov	42
android	42
hq	41
moments	41
w/	40
just	40
sms	40
back	39
update	39
learn	38
million	37
week	37
thanks	37
video	36
using	36
like	36
make	35
photos	35
first	35
mobile	33
time	33
discover	33
use	32
look	32
way	32
questions	31
join	31
twittertv	31
favorite	31
watch	30
iphone	30
accounts	30
news	29
web	29
fans	29
post	29
delivery	29
team	28
tv	28
know	28
tonight	28
show	28
available	28
apps	27
great	27
experience	27
year	26
easier	26
music	26
rolling	26
top	25
updates	25
site	25
app	25
twitterstories	24
game	24
twitterads	24
list	24
working	24
twitter?	23
temporarily	23
night	23
per	23
find	23
good	22
right	22
profile	22
may	22
account	22
big	22
story	22
issues	21
problems	21
twittermusic	21
along	21
data	21
folks	21
ever	21
every	21
tomorrow	21
moment	20
looking	20
ev	20
got	20
messages	20
conversation	20
latest	20
oscars	20
global	20
biz	20
flic	19
introducing	19
fun	19
send	19
twittereng	19
soon	19
through	19
pics	18
better	18
twittermedia	18
policy	18
periscopeco	18
come	18
night's	18
videos	18
coming	18
view	18
(	17
--	17
second	17
ios	17
maintenance	17
onlyontwitter	17
info	17
newtwitter	17
everyone	17
also	17
behind	17
think	16
made	16
work	16
love	16
visit	16
timeline	16
disabled	16
direct	16
celebrate	16
information	15
stars	15
delays	15
end	15
excited	15
twittermovies	15
go	15
pt	15
happy	15
place	15
twitter's	15
nfl	15
keep	15
take	15
message	15
trends	15
morning	15
missing	15
languages	14
need	14
sharing	14
want	14
updated	14
friends	14
sunday	14
errors	14
page	14
real-time	14
nba	14
even	14
tweeting	14
photo	14
results	14
awesome	14
getting	14
tune	14
downtime	13
status	13
official	13
features	13
et	13
sent	13
hashtag	13
yesterday	13
please	13
seeing	13
happening	13
tonight's	13
town	13
bring	13
issue	13
starting	13
life	13
problem	13
cool	13
service	13
set	13
‚Ä¶rt	13
vineapp	13
guide	13
after	12
two	12
tell	12
business	12
being	12
explore	12
create	12
ways	12
bringing	12
let	12
record	12
map	12
shared	12
still	12
worldcup	12
jack	12
super	12
profiles	12
dickc	12
2012	12
(via	12
years	12
cast	12
phone	12
feature	12
cup	11
going	11
final	11
forward	11
win	11
email	11
welcome	11
tips	11
action	11
sxsw	11
party	11
report	11
birthday	11
making	11
biggest	11
full	11
whitehouse	11
mtv	11
ipad	11
q&a	11
amazing	11
link	11
festival	11
2014	11
haiti	11
twitterdata	11
click	10
connect	10
government	10
many	10
across	10
next	10
content	10
started	10
changes	10
much	10
events	10
nyfw	10
president	10
free	10
error	10
access	10
following	10
notifications	10
highlights	10
twitteruk	10
‚Äî	10
fashion	10
today's	10
recap	10
tweetdeck	10
tool	10
media	10
election	10
celebrating	10
details	10
stories	10
chirp	10
days	10
windows	10
jointheflock	10
2015	10
hope	10
timelines	10
again	10
public	10
office	10
hall	9
taking	9
barackobama	9
shows	9
community	9
version	9
links	9
worldseries	9
announce	9
hear	9
sports	9
closer	9
power	9
powerful	9
real	9
missed	9
interesting	9
ready	9
thank	9
others	9
season	9
translator	9
launched	9
adding	9
miss	9
we‚Äôre	9
open	9
mlb	9
enjoy	9
egypt	9
give	9
image	9
yearontwitter	9
flight	9
design	9
home	9
host	9
games	9
red	9
add	9
ask	9
twittermobile	9
live-tweeting	9
room	8
state	8
helping	8
text	8
emoji	8
co/envqktup1d	8
followers	8
twitter‚Äôs	8
window	8
far	8
yours	8
found	8
vote	8
small	8
something	8
exclusive	8
high	8
social	8
launch	8
between	8
characters	8
teatime	8
less	8
fixed	8
part	8
mac	8
background	8
twitterapi	8
most-tweeted	8
catch	8
talking	8
giving	8
receive	8
talk	8
requests	8
event	8
performance	8
chloes	8
book	8
nasa	8
change	8
improvements	8
140	8
goes	8
goldenglobes	7
transparency	7
try	7
tech	7
townhall	7
later	7
twitterbooks	7
12	7
1st	7
stay	7
called	7
button	7
sure	7
watching	7
faster	7
www	7
uk	7
privacy	7
terms	7
named	7
htt	7
international	7
/‚Ä¶rt	7
directly	7
twitterforgood	7
‚Äú	7
address	7
well	7
retweet	7
away	7
interactive	7
lists	7
flock	7
week's	7
olympics	7
homepage	7
q's	7
code	7
old	7
activity	7
efforts	7
integration	7
monday	7
friday	7
answering	7
group	7
tweeted	7
2010	7
online	7
(http	7
businesses	7
future	7
api	7
came	7
yourself	7
donate	7
developers	7
case	7
images	7
joined	7
counts	7
buy	7
emmys	7
/	6
ceo	6
tps	6
including	6
japan	6
hours	6
start	6
short	6
sochi2014	6
trending	6
11	6
numbers	6
word	6
honored	6
platform	6
useful	6
special	6
askev	6
updating	6
voices	6
another	6
fan	6
happened	6
fly	6
rate	6
gop2012	6
political	6
tools	6
security	6
resolved	6
twitterhq	6
starwars	6
secure	6
things	6
before	6
hot	6
answer	6
safety	6
pictures	6
according	6
weeks	6
choose	6
minute	6
superbowl	6
debate	6
everywhere	6
important	6
front	6
customers	6
words	6
helps	6
download	6
pulse	6
world's	6
reach	6
periscope	6
person	6
expanded	6
twittertip	6
players	6
lot	6
minutes	6
past	6
year's	6
inconsistencies	6
honor	6
promoted	6
camera	6
hope140	6
tuesday	6
wine	6
peak	6
latency	6
follower	6
password	6
put	6
embedded	6
series	6
chinese	6
slowness	6
together	6
hashtags	6
space	6
network	6
currently	6
ads	6
fledgling	6
usage	6
simple	6
san	6
delay	6
little	6
unfolded	6
award	6
here‚Äôs	5
turn	5
tip	5
multiple	5
save	5
question	5
tpm	5
speech	5
thing	5
house	5
follower/following	5
nascar	5
company	5
released	5
long	5
30	5
winning	5
running	5
countries	5
eye	5
embed	5
twitterfiction	5
receiving	5
fix	5
grow	5
cc	5
roomtoread	5
never	5
memorable	5
context	5
places	5
recent	5
single	5
un	5
vs	5
course	5
earthquake	5
audience	5
channel	5
pacific	5
advertising	5
school	5
yet	5
chat	5
restored	5
enjoying	5
reply	5
tracking	5
products	5
forget	5
sandy	5
fast	5
live-tweet	5
finals	5
saying	5
yearinreview	5
takes	5
longer	5
freedom	5
5yrsa	5
related	5
views	5
sign	5
total	5
control	5
announcing	5
leaders	5
translation	5
lets	5
previews	5
opening	5
playoffs	5
(cc	5
convention	5
three	5
twitterwomen	5
someone	5
feel	5
goals	5
incredible	5
followings	5
voice	5
htt‚Ä¶rt	5
guest	5
(and	5
partnership	5
login	5
francisco	5
pages	5
research	5
revamped	5
engineering	5
thoughts	5
(https	5
uses	5
user	5
celebration	5
turned	5
conference	5
dnc2012	5
co/cokfdeql	5
filters	5
examples	5
cleveraccounts	5
firefox	5
30pm	5
obama	5
cause	5
smrtgrls	5
travel	5
listen	5
major	5
worldwide	5
july	5
fifawwc	5
2008	5
2013	5
song	5
within	5
heard	5
sotu	5
tweetup	5
ongoing	5
five	5
sidebar	5
calling	5
trust	5
movie	5
ago	5
speak	5
always	5
already	5
anywhere	5
increased	5
kids	5
emojis	5
increase	5
organizations	5
visualization	5
bet	5
askobama	5
c‚Ä¶rt	5
awards	5
bug	5
twittersmallbiz	5
road	5
tab	5
tag	5
favorites	5
upload	4
hard	4
women	4
ton	4
times	4
incident	4
ht‚Ä¶rt	4
sochi	4
participate	4
holidays	4
restoration	4
created	4
water	4
build	4
mentions	4
stage	4
pitch	4
known	4
stream	4
peaked	4
usa	4
roundup	4
24	4
remember	4
surprise	4
worm	4
seems	4
stop	4
washingtonpost	4
responding	4
vmas	4
rights	4
2pm	4
trick	4
retweets	4
triumph	4
widget	4
looks	4
opened	4
topic	4
option	4
ad	4
museumweek	4
keeping	4
partner	4
interview	4
dm	4
mr	4
3rd	4
seen	4
co‚Ä¶rt	4
previous	4
type	4
teams	4
continues	4
translate	4
proud	4
curious	4
replies	4
weekly	4
bugs	4
union	4
instant	4
aplusk	4
it‚Äôs	4
statedept	4
must	4
twitpic	4
buzz	4
hey	4
history	4
delighted	4
march	4
meet	4
featuring	4
topics	4
5th	4
twitterfood	4
face	4
fall	4
nice	4
culture	4
testing	4
local	4
worth	4
popular	4
emails	4
influence	4
largest	4
rest	4
gets	4
ustream	4
national	4
hello	4
alive	4
guardian	4
2014's	4
hurricane	4
carpet	4
'em	4
match	4
played	4
left	4
example	4
ticket	4
sfgiants	4
itunes	4
thanksgiving	4
employee	4
ceremony	4
quick	4
done	4
conversations	4
bing	4
launching	4
conanobrien	4
bird	4
human	4
blackberry	4
field	4
project	4
whole	4
üá∫üá∏	4
include	4
capture	4
leading	4
elevated	4
whales	4
family	4
demdebate	4
against	4
holiday	4
dance	4
tour	4
nearly	4
nov	4
board	4
unfold	4
girls	4
india	4
spanish	4
congress	4
delayed	4
oct	4
index	4
exploring	4
device	4
offline	4
connected	4
ramadan	4
aids	4
learning	4
date	4
nytimes	4
colbert	4
begins	4
ahead	4
pontifex	4
scenes	4
victory	4
twitter_es	4
simplified	4
pst	4
co/slntfacp9a	4
charitywater	4
nominees	4
appwednesday	4
happen	4
session	4
2011	4
2009	4
tweets?	4
true	4
hour	4
inside	4
broadcast	4
published	4
track	4
building	4
couple	4
washington	4
twitterglobalpr	4
endmalaria	4
most-mentioned	4
expanding	4
grammys	4
engagement	4
wimbledon	4
inspiration	4
bowl	4
move	4
saw	4
bar	4
globe	4
deal	4
practices	4
chrome	4
vines	4
congrats	4
weekend	4
100	4
todayshow	4
makes	4
wishes	4
presidential	4
targeting	4
0	3
thx	3
tix	3
olympic	3
sara	3
stationcdrkelly	3
block	3
marchmadness	3
nprfreshair	3
worked	3
stats	3
attack	3
enter	3
planned	3
friendly	3
built	3
viewing	3
announcement	3
newtwitter?	3
average	3
wednesday	3
$1	3
load	3
billions	3
grand	3
dms	3
stale	3
latin	3
today?	3
twttr	3
band	3
18	3
colin_crowell	3
20	3
cuts	3
countdown	3
speed	3
auction	3
mark	3
trend	3
lots	3
visitors	3
congratulations	3
victims	3
inspired	3
economy	3
eid	3
agreed	3
brands	3
sprint	3
ŸÖŸÜ	3
kicks	3
alerts	3
2nd	3
chairman	3
est	3
expected	3
yet?	3
white	3
improving	3
supporting	3
refreshed	3
quickly	3
double	3
study	3
fcc	3
fever	3
feeds	3
nflplayoffs	3
outside	3
turkish	3
unexpected	3
candidate	3
twitteropen	3
panel	3
won	3
for?	3
el	3
en	3
wpp	3
ff	3
four	3
easily	3
im	3
become	3
$10	3
ability	3
3pm	3
la	3
iamwill	3
oh	3
dive	3
clever	3
qs	3
seat	3
beyond	3
fabric	3
force	3
televisionacad	3
ger	3
hosted	3
gif	3
theacademy	3
fridayforgood	3
without	3
recruiting	3
matisyahu	3
lights	3
european	3
success	3
premieres	3
write	3
4pm	3
wait	3
earlier	3
affected	3
extra	3
land	3
late	3
early	3
yes	3
phishing	3
russian	3
co-founder	3
smart	3
fiction	3
rollout	3
suggestions	3
court	3
deals	3
twittercomms	3
5pm	3
patriots	3
marks	3
able	3
theforceawakens	3
cover	3
dataviz	3
olympians	3
brettdennen	3
close	3
communicate	3
article	3
retreat	3
improvement	3
number	3
experiencing	3
leweb	3
city	3
points	3
looked	3
annual	3
investigating	3
turkey	3
acquire	3
delicious	3
watched	3
you‚Äôre	3
learned	3
billboard	3
job	3
translators	3
adds	3
offer	3
plans	3
lucky	3
costume	3
officially	3
episode	3
canneslions	3
stopping	3
audio	3
cricket	3
records	3
throughout	3
technology	3
teamed	3
poehler	3
8pm	3
hosting	3
hilarious	3
matter	3
reminder	3
donorschoose	3
adventure	3
sethrogen	3
press	3
availability	3
promote	3
polish	3
unable	3
theellenshow	3
involved	3
twestival	3
clip	3
40404	3
relief	3
(no	3
9pm	3
easy	3
brings	3
month	3
custom	3
man	3
literacy	3
feed	3
flood	3
supports	3
appear	3
experts	3
mlk	3
polls	3
recently	3
money	3
mom	3
otalliance	3
schwarzenegger	3
guess	3
science	3
twitterfornews	3
sweet	3
anniversary	3
career	3
ladygaga	3
womeng	3
net	3
took	3
settings	3
reaching	3
specific	3
cheers	3
flash	3
color	3
finnish	3
rise	3
lives	3
techwomen	3
songs	3
nyt	3
partnering	3
japanese	3
comcast	3
french	3
tunisia	3
cwc15	3
amazon	3
dads	3
smartgirlsask	3
orgs	3
co/jbzacuw5a2	3
country	3
awareness	3
com/	3
htmlrt	3
push	3
capacity	3
danish	3
freelancewhales	3
mashable	3
note	3
york	3
locations	3
wins	3
you?	3
queries	3
blue	3
candidates	3
birth	3
playlist	3
interested	3
meeting	3
gopdebate	3
continue	3
playing	3
employees	3
program	3
artist	3
tabs	3
askjulius	3
archive	3
trip	3
hearing	3
ambassadorrice	3
hold	3
hashflags	3
answers	3
norwegian	3
hindi	3
summer	3
positive	3
sopa	3
drove	3
film	3
patent	3
fire	3
anyone	3
protip	3
t‚Ä¶rt	3
spam	3
thankyou	3
ambassador	3
setting	3
username	3
system	3
air	3
kremlinrussia_e	3
inauguration	3
mode	3
nbafinals	3
amy	3
row	3
seahawks	3
art	3
kick	3
newest	3
et/pt	3
search?	3
introduce	3
moon	3
protect	3
king	3
mentioned	3
enough	3
spread	3
ban	3
strong	3
eyes	3
battle	3
france	3
football	3
select	3
improved	3
sb48	3
begin	3
peeps	3
posts	3
what‚Äôs	3
bra	3
twitterfaith	3
storm	3
express	3
buzzing	3
brazil	3
normal	3
seconds	3
goal	3
co/‚Ä¶rt	3
tap	3
safe	3
cc/	3
privately	3
really	3
response	3
!!!	2
clinton	2
pick	2
?	2
100%	2
eating	2
straight	2
sale	2
|	2
november	2
powered	2
delivering	2
‚Ä¶new	2
indonesia	2
cmt	2
thegrammys	2
spirit	2
wishing	2
rooting	2
govt	2
200	2
laura	2
selfies	2
ttr	2
sketch	2
caught	2
picks	2
reacted	2
twi	2
anne	2
tie-dye	2
donation	2
starts	2
tees	2
required	2
telethon	2
redcross	2
coast	2
ravens	2
partnered	2
drinking	2
critical	2
third	2
ded	2
outlets	2
impact	2
term	2
acquisition	2
staff	2
journey	2
test	2
finally	2
states	2
w/o	2
upcoming	2
(we're	2
dns	2
hoping	2
flotus	2
traveltuesday	2
stand	2
knows	2
us?	2
url	2
300	2
main	2
includes	2
like?	2
1pm	2
meaning	2
15	2
benefit	2
highest	2
unique	2
21	2
27	2
29	2
35	2
expression	2
star	2
cmtawards	2
inspire	2
increasing	2
progress	2
ukrainian	2
techcrunch	2
wood	2
10am	2
newtwitterceo	2
60	2
paulryanvp	2
tribute	2
bootstrap	2
shitmydadsays	2
yourself?	2
catchy	2
storycorps	2
vh1	2
tickets	2
hands	2
handy	2
vid	2
neat	2
silence	2
10pm	2
evandgoldberg	2
realmadrid	2
sidey	2
generated	2
leave	2
canada	2
private	2
lines	2
oauth	2
eng	2
happens	2
turns	2
gradually	2
forth	2
authors	2
asked	2
esp	2
dreams	2
appetite	2
strategy	2
companies	2
discovering	2
recovered	2
madonna's	2
submit	2
race	2
war	2
wax	2
10/27	2
play	2
tweeps	2
decide	2
univision	2
fav	2
packers	2
hackweek	2
memories	2
climate	2
pleased	2
stuff	2
miamiheat	2
contribute	2
wit	2
various	2
attention	2
analyzing	2
ap	2
refugeeswelcome	2
votes	2
language	2
attacks	2
wow	2
ed	2
needs	2
patterns	2
fastcompany	2
fcbarcelona	2
alert	2
digital	2
hi	2
ht	2
sending	2
election2012	2
election2014	2
le	2
wwc	2
advertisers	2
communication	2
author	2
plus	2
ok	2
q1	2
pm	2
hundreds	2
discovered	2
dkroy	2
sa	2
closed	2
joins	2
yahoo	2
remarkable	2
t-mobile	2
wh	2
üé∂	2
üéµ	2
hathaway	2
surrounding	2
elections	2
promo	2
massive	2
dress	2
challenges	2
foxnews	2
mother‚Äôs	2
olympics?	2
seismic	2
gma	2
kickoff	2
adage	2
reports	2
rsvp	2
lovetheatreday	2
jakarta	2
at&t	2
tokyoreporter	2
dannysullivan	2
lady	2
frogdesign	2
focus	2
changing	2
approach	2
113th	2
williams	2
picnic	2
suspended	2
winner	2
hundred	2
guy	2
coolest	2
documentary	2
heading	2
almost	2
passwords	2
whether	2
sneak	2
counting	2
4th	2
governor	2
scandalabc	2
performing	2
cbsnews	2
most-discussed	2
difference	2
twitterau	2
santojay	2
rted	2
chart	2
warm	2
foodies	2
twitterfashion	2
tina	2
clarity	2
infrastructure	2
deletion	2
supreme	2
tiny	2
time's	2
square	2
reveals	2
point	2
anncurry	2
portuguese	2
deserve	2
restore	2
killer	2
opportunity	2
‚Äúthe	2
inaugural	2
calls	2
sometimes	2
euro2012	2
count	2
blackbirds	2
beginning	2
dropped	2
america	2
tune-in	2
bell	2
asks	2
reached	2
jimmyfallon	2
vma's	2
radio	2
accelerate	2
steps	2
professor	2
deray	2
header	2
borders	2
beta	2
reflect	2
czech	2
based	2
saturday	2
equality	2
actually	2
showed	2
icc	2
smarter	2
feedthebeat	2
'start'	2
tellapart	2
theparishatx	2
fail	2
fashionflock	2
sharkweek	2
foreign	2
nick	2
runs	2
co/gghve8knoxtoday	2
perfect	2
insights	2
value	2
tricks	2
rush	2
pope	2
dutch	2
ipo	2
providing	2
winners	2
nycmayorsoffice	2
nine	2
guys	2
miles	2
handle	2
bestdressed	2
finale	2
gear	2
predict	2
ivoted	2
overtime	2
mobility	2
twitterers	2
vmas?	2
helpful	2
nielsen	2
sync	2
unfollow	2
outage	2
sciencemuseum	2
foodfriday	2
architecture	2
mittromney	2
addictive	2
adam	2
crisis	2
glimpse	2
phrase	2
daily	2
billion	2
original	2
jpn	2
interruption	2
customer	2
‚Ä¶we're	2
istandwithahmed	2
campaigns	2
drive	2
underway	2
jobs	2
digits	2
jun	2
twitterdev	2
visiting	2
sources	2
comic-con	2
captured	2
historic	2
developer	2
john	2
brought	2
everything	2
break	2
different	2
postseason	2
plays	2
initiative	2
earth	2
delhi2dublin	2
co/oco17wni	2
artists	2
fancier	2
key	2
confirm	2
query	2
hint	2
coverage	2
nbcthevoice	2
rescheduled	2
feedback	2
women's	2
blogspot	2
blocked	2
bigger	2
co/voaty2ceni	2
lead	2
expect	2
snoopdogg	2
9/11	2
excitement	2
paris	2
year?rt	2
accent	2
prepare	2
owners	2
yourselves	2
persian	2
rejoice	2
quiet	2
onto	2
translating	2
earthquakes	2
airtel	2
went	2
miguelrios	2
crazy	2
geotagged	2
product	2
communities	2
burger	2
raise	2
heads-up	2
realtime	2
university	2
chatter	2
autocomplete	2
sport	2
courtesy	2
paralympic	2
dodge	2
producers	2
lit	2
filipino	2
involves	2
athletes	2
fund	2
batter	2
provide	2
reliability	2
(in	2
computer	2
(it	2
means	2
interests	2
alliance	2
disappeared	2
checked	2
launches	2
movieawards	2
para	2
pass	2
bill	2
grateful	2
vanityfairmag	2
london	2
added	2
regarding	2
rather	2
title	2
jimcarrey	2
hemisphere	2
(more	2
bollywood	2
coaches	2
baseball	2
whereby	2
upset	2
mention	2
heywire	2
twitterstage	2
ideas	2
becomes	2
cleanup	2
we‚Äôve	2
relive	2
poetic	2
character	2
ghonim	2
wonderful	2
received	2
miller	2
shares	2
wired	2
backstage	2
we‚Äôll	2
mon	2
revolution	2
constitute	2
80,000	2
alongside	2
inbox	2
unveiling	2
co/t	2
landscape	2
agreement	2
mayor	2
website	2
debates	2
co/uvzbuwspc3	2
technical	2
gift	2
3000	2
nap	2
gifs	2
nbc	2
drives	2
yours?	2
indicates	2
tons	2
page?	2
nhl	2
securities	2
java	2
fully	2
mystery	2
slow	2
students	2
farsi	2
kerrywashington	2
commemorating	2
breaks	2
inspirational	2
account's	2
oitnb	2
co/poog7zw	2
indonesian	2
used	2
notification	2
firesideint	2
market	2
globally	2
alone	2
designer	2
nyc	2
shiny	2
ninagarcia	2
robot	2
engineers	2
peace	2
usgs	2
rescued	2
humanity	2
innovation	2
rsarver	2
essential	2
tailored	2
inefficiencies	2
askamy	2
random	2
trouble	2
reporting	2
management	2
peaks	2
traditional	2
htt‚Ä¶we're	2
hungarian	2
avatar	2
months	2
follows	2
daniel	2
appstore	2
fight	2
unofficial	2
brief	2
homeless	2
htmlif	2
breaking	2
edit	2
buying	2
yesterday's	2
org	2
ecosystem	2
competition	2
bronxzooscobra	2
‚öæÔ∏è	2
connection	2
scroll	2
accts	2
apologize	2
reveal	2
ground	2
youtube	2
everybody	2
storify	2
lineup	2
team's	2
wild	2
remote	2
protected	2
analysis	2
(tps	2
https‚Ä¶rt	2
selfie	2
evan	2
child	2
medium	2
responded	2
american	2
russia	2
oscar	2
jeff_daniels	2
functionality	2
peek	2
who‚Äôs	2
pic	2
verification	2
snow	2
forthcoming	2
action?	2
convo	2
tuning	2
thankyousteve	2
facts	2
pop	2
escape	2
funny	2
askambrice	2
cnndebate	2
offers	2
pro	2
asking	2
b-day	2
options	2
grows	2
virginamerica	2
pakistan	2
eclipse	2
general	2
vodafone	2
mostly	2
flexible	2
millions	2
emotional	2
thursday	2
compete	2
tale	2
planet	2
additional	2
200m	2
2016	2
executive	2
mutgoff	2
clients	2
co/mibpawdiyl	2
streaming	2
s-1	2
gathered	2
machine	2
return	2
reviews	2
hoops	2
illustrate	2
experiences	2
phones	2
co/g0d6umqrt	2
everest	2
gettyimages	2
collection	2
announced	2
campaign	2
openingday	2
scheduled	2
typhoon	2
(thanks	2
imagination	2
pride	2
theinterviewmovie	2
uploading	2
covered	2
costolo	2
resources	2
score	2
billboards2012	2
southern	2
posted	2
world‚Äôs	2
veepstakes	2
swing	2
register	2
gifts	2
scoop	2
sorry	2
q&as	2
moves	2
dude	2
spectacularly	2
spot	2
animated	2
malarianomore	2
crew	2
starwarsemojis	2
curated	2
aka	2
year?	2
rating	2
swipe	2
hiring	2
simpler	2
accurate	2
thought	2
taste	2
english	2
49ers	2
diversity	2
patience	2
askobamart	2
earlybird	2
empower	2
partners	2
run	2
protests	2
tokyo	2
moms	2
truly	2
slick	2
undefeated	2
account?	2
card	2
display	2
kind	2
spikes	2
usopen	2
database	2
album	2
guests	2
bbc	2
personal	2
switched	2
icon	2
hebrew	2
sea	2
sec	2
column	2
corybooker	2
allsongs	2
six	2
fresh	2
bowl's	2
600,000	2
sky	2
sb49	2
exclusively	2
halftime	2
whereabouts	2
several	2
barefoot	2
priced	2
relevant	2
malay	2
chance	2
friend	2
draws	2
societies	2
pleasure	2
doctors	2
enhances	2
secretary	2
store	2
150	2
cbs'	2
stanleycup	2
unfolding	2
idea	2
bitly	2
stone	2
hack	2
review	2
weather	2
gmail	2
broadcasts	2
filter	2
right-to-left	2
lovewins	2
growing	2
herself	2
champs	2
tbt	2
aware	2
cbs	2
category	2
newtwitterrt	1
half	1
unavailable	1
co/eb01bfmlive	1
co/htjvnqkŸÖÿ¨ŸÖŸàÿπÿ©	1
spontaneous	1
pretend	1
over-capacity	1
tea	1
co/ufsvw3ymflwhen	1
nashvillea	1
jointheflockeu	1
ten	1
plutoflyby	1
irenesome	1
blasts	1
'	1
dumbtort	1
carriers	1
poems	1
hand-picked	1
üç©rt	1
>	1
telling	1
hang	1
role	1
ussoccer_wnt	1
roll	1
insights!rt	1
co/niveuphx9sfun	1
mainstr	1
gold	1
cet	1
shouldn't	1
hand	1
worldbookday	1
co/2bs25pb9nwfilm	1
oppositeworlds	1
co/nkt0qoh	1
co/o469kao4shipping	1
entering	1
iowadebate	1
readers	1
automating	1
co/epd3q22vrt	1
co/1rdmiaj	1
how'd	1
hrs;	1
co/cs5ked2pecrt	1
off?	1
resolve	1
keywords	1
blogs	1
moxie	1
co/a4xmmppremember	1
co/wazbnpyshow	1
kindtweets	1
protiprt	1
tim	1
serious	1
co/catu1bvrt	1
laugh	1
co/f1vhdniw	1
iwd2015rt	1
csshsh	1
owes	1
chi	1
eurovision	1
ncaa	1
sand	1
co/6qqkute	1
co/ygfxye04aort	1
co/znuar0zpyou	1
co/ggvvqjabmh	1
com/gone	1
com/agklalproblems	1
co/3quts9aort	1
co/1ldwun6pwt	1
ly/azilhcrt	1
gptw_us	1
web25are	1
embody	1
ramping	1
provider	1
co/arul4dbzmd	1
lady!congrats	1
magnuson	1
co/xwnbgqt562	1
√†	1
photo-sharing	1
co/qbttvh8	1
co/akdc4jb	1
co/gqbap94zigrt	1
twitterfictionfestival	1
uploads	1
co/2li6zmnwzbrt	1
co/vowzak43rsour	1
bball	1
up-to-date	1
anndromney	1
tweed	1
8et/5pt	1
com/dgjtv3welcoming	1
immortal	1
ly/pfsatbe	1
5mins	1
com/luqmydworking	1
signatures	1
co/yrm4giqidy	1
co/rs53rspvcpmake	1
com/czbadlwe're	1
flow	1
co/lqx0qepio2	1
camera!	1
co/heyqypx3s4	1
co/pyjna1p41nmove	1
co/z6thym9tdqthe	1
co/vl3s6swsic	1
arkellsmusic	1
sydney	1
there!hope	1
presses	1
co/wnbl7xwqcurt	1
cmo	1
crunchies	1
ping	1
aquapacalypseprepping	1
co/zmcwowyqghrt	1
unforgettable	1
afternoonmore	1
artists'	1
co/7r5plw8xoz	1
shorty	1
tos	1
ŸÜÿÆÿ®ÿ©	1
co/c1fkw6jfbkas	1
toy	1
energetic	1
avail	1
cnn	1
famous	1
additions	1
drugs	1
co/0rkqr6ldiscover	1
picture	1
sarcastic	1
co/plhdjsmbbhrt	1
disable	1
ly/1pkuuurt	1
ezoo	1
co/keyfd96zaqrt	1
seanpower	1
coo	1
kudos	1
empirefox	1
findings	1
co/uyisnmfrwntoday	1
co/kihsepviyhstarting	1
co/gyy0u8ykjqwe	1
jointheflockvia	1
tuesday's	1
2/3	1
co/jkgk36jlwy	1
ucbtweeter	1
alyssa_milano	1
pipe	1
confidentially	1
co/5aendqlwiw33	1
co/jcfrjla0	1
chairmaneven	1
pipa	1
co/5ybq23jiyf	1
com/qz2ux4planned	1
(football	1
co/0srruvzz	1
20%	1
valenvine	1
plenty	1
co/dzay8e3rt	1
co/ks4tdsq3	1
markets	1
became	1
300th	1
maythe4thbewithyou	1
wit11here's	1
co/k0qfao1rt	1
perkins	1
ly/36hpjofor	1
questions!our	1
ktumulty	1
begin!plans	1
curation	1
com/5tj2e9we‚Äôve	1
15yearsonstation	1
co/6ttokrsffuaccessorize	1
direction	1
co/ufuiit9ocelebrate	1
coachella2015	1
sotufriendlier	1
com/chawl9more	1
hatching	1
224	1
co/4rtfscb	1
flickr	1
stable	1
reliving	1
respond	1
embeddable	1
co/0myikmewpjwe've	1
tweet/message	1
co/basiq3x0xg	1
co/jr0qlwjgdyfor	1
co/ri70ssby	1
concert	1
ijustine	1
co/grvmjfwtoday	1
beautiful	1
*right	1
astro_kjell	1
thx!if	1
cto	1
service?	1
mlauer	1
aftermath	1
sopa-related	1
creating	1
co/8ahrdjywhznot	1
(furiously	1
co/l73nc6eq4ort	1
co/knahrwgtsyrt	1
co/odazjwwyf6new	1
co/cs0k44o7rt	1
co/1xfvxqrpjart	1
ann!	1
twu	1
carjacking	1
co/o9uzkgak	1
shout	1
prevented	1
ingredient	1
show?	1
donating	1
services	1
co/exfgxig	1
usatodayyour	1
re-architecting	1
com/6e8rkhreplies	1
chilean	1
kr/p/7bfjvethere's	1
co/rxmjmph4a4join	1
co/rurabeya5snew	1
redirx	1
mumbai	1
replys	1
clips	1
com/6cnr83email	1
co/6tcgdmhsending	1
kanyewest	1
reflecting	1
eastest	1
co/rmzne4odrt	1
twurl	1
nobukazu	1
volunteering	1
shoot	1
stability	1
actual	1
glass	1
ultimate	1
co/xpqqqwtebrstarting	1
co/xjqjdfwgxa	1
surprising	1
photobomb	1
technologies	1
co/mibpawehll	1
ly/dcun6gfor	1
easiest	1
ftory	1
thi‚Ä¶ready	1
thumbs	1
29'	1
co/3yeb4hk9wdrt	1
scientist	1
roberta_vinci's	1
fetes	1
disaster	1
ly/5ja7yuenlarging	1
co/oisdzo9wrt	1
haiyan	1
lifting	1
co/0fycsguhiw	1
replying	1
limelight	1
ly/3pqty6	1
co/6p45‚Ä¶rt	1
teen	1
co/6twzmormksrt	1
tweetsaver	1
co/qhpznt3ena	1
measured	1
ncaafinals	1
measures	1
70th	1
com/97h9canoticing	1
golden	1
gallery	1
co/uqsaa5afbykeep	1
sessions	1
com/7qp6ccback	1
reminiscing	1
co/u3zhneujdzmost	1
‚ù§Ô∏è	1
creative	1
co/4wkqb6zugp	1
dailymuse	1
salvationarmy	1
ffwho	1
newtwitterwhat's	1
usatodayvideo	1
co/rln9‚Ä¶rt	1
submitting	1
thinkgeek	1
co/ubhqip2jrt	1
co/uivhcga8uxrt	1
prostylethe	1
co/ppwns4cgw7whoooooooooo	1
gptwconf	1
co/ltylfjcx	1
co/g‚Ä¶rt	1
industry-standard	1
emergent	1
uploaded	1
co/kn217ehghk	1
huttenlocher	1
japantimes	1
co/xd4jpw3rt	1
co/008680ugyoexplore	1
co/s9ss2mnveb	1
co/hymwdxnv1pwhat	1
voted?	1
com/g8a4i	1
satire	1
randomly	1
co/u1wleaoz	1
speedy	1
frida	1
co/qxxirrbys9amy	1
sb45welcome	1
49ers?	1
dan	1
shown	1
who'll	1
ly/6ud2v0our	1
celebrated	1
/‚Ä¶9/9	1
co/vvxap2krt	1
com/5wwt5sdirect	1
co/6ugo6xbatwitter	1
artwork	1
canadians	1
reconfiguring	1
htmlsearch	1
snakes?	1
foursquare	1
sam's	1
prefaced	1
com/carmjgunplanned	1
editors	1
co/xk3veumpor	1
com/ndwm2atwitter	1
‚ï±‚ï±‚ï±‚ï±‚ï±‚ï±‚ï±‚ï±	1
co/1yoh‚Ä¶as	1
debateswhat's	1
2009-09-02	1
twitterindia	1
disaster-prep	1
one!40cents	1
com/55kwnusite	1
verizon	1
keynoting	1
co/hjjtl2jk	1
areas	1
roadtorio	1
des	1
finds	1
com/6zss8zmore	1
11/1	1
ly/hrr8dtwitter	1
co/suwyrbq	1
co/dwvmskjnaf	1
!!	1
‚Äúdonate‚Äù	1
carefully	1
hopesolo	1
kr/p/7txrfbappreciate	1
fathersday	1
com/2010/03/anywhere	1
flocks	1
ly/60tqupdates	1
co/ywe5c1lr2c	1
ly/9r5fsiwe're	1
attitude	1
influential	1
co/qilqbdz	1
twitter?are	1
tomsshoes	1
year‚Äôs	1
feats	1
psyched	1
co/nkdjhhgroverhauling	1
co/6ghe7asu3csee	1
co/mwllz5pfvq	1
vivienneharr	1
possible	1
leone	1
'authenticity'	1
headquartered	1
returning	1
co/mvzbguethe	1
badboyreunion	1
masterpiece	1
quarter	1
hollywood	1
murray	1
co/6e7lfnbv	1
oneriot	1
$5	1
co/hitybcgh2mrt	1
com/43m7v2im	1
iftar	1
ly/aguz2ort	1
angeles	1
static	1
distributors	1
strap	1
louisiana	1
publicly	1
co/xnanehm9twitter	1
brown	1
co/m‚Ä¶rt	1
co/oliugzps7z7/9	1
tweesp	1
com/forums/31935/entries/61453	1
com/5p6b7kservice	1
co/lyn2wnt0q1music	1
vertigo	1
co/p2yi7pltlast	1
blue!just	1
dauman&sorrell	1
co/s51wzjf6bj	1
crackerjacks	1
co/f6w4aa8xw1rt	1
co/cesnrdo5p3rt	1
pumped	1
ivybean104	1
woah	1
arifleischer	1
ly/63ubc0would	1
co/44w8e6lgju	1
ptoorme	1
applaud	1
5forbigcats	1
lunar	1
co/pvlnstg	1
co/j1mmleog	1
visualizations	1
co/chdlc38zwe	1
mac?	1
freelancewhales!rt	1
co/hsg6kjo	1
length	1
expands	1
concerns	1
essraa!check	1
baby	1
showing	1
lunch	1
bostonpolice	1
rock!rt	1
kingcenteratl	1
tiles	1
co/x1oypwh	1
co/e5puexlxthe	1
datagrants	1
kick-off	1
kindness	1
researchers	1
co/jc5vbqd11kour	1
dnt	1
rollingstones	1
's	1
post!rt	1
zipdial	1
com/3vuxq5user	1
tunisia's	1
worldcupfinal	1
themindyproject	1
(a	1
dog	1
gladwell's	1
com/26p3lypsst	1
netik	1
curve	1
thanksgiving?rt	1
co/iye0ylpzjust	1
ch/dulqxl	1
co/buorkoictwitter	1
co/gd5ipyzaad3/9	1
bands	1
com/25bakj	1
com/4zfsczwe've	1
(i'll	1
htt‚Ä¶today	1
jfkucini	1
co/nnbpa00jh6rt	1
iwdif	1
computation	1
co/qbimeklo0dhow	1
ebook	1
cmaawards	1
co/tdvoprvposrt	1
guardianthanks	1
in‚Ä¶new	1
networking	1
co/m1cdva6qcb	1
co/h3sfvfjgmgall	1
logo	1
grain	1
tuitear	1
com/dj6u7myou	1
picking	1
know?ok	1
com/d5bef9what's	1
co/wwdvjctoi46/9	1
co/kmmmvvwywddear	1
30x	1
add-on	1
co/lcd0vnqwatching	1
govthere	1
co/md0qozuall	1
co/ivcyve0vmrrt	1
friday's	1
co/e5ortsqnc6news	1
house's	1
ebola	1
hindsight2010	1
co/mtybwghtwitter	1
outdone	1
included	1
co/ihgdmshwh6rt	1
cup?	1
witness	1
com/6kynrusearch	1
co/ezu3zxqvvu	1
due	1
tweetmeme-you	1
dug	1
co/rmnc2z6ware	1
ly/23o4vmps	1
batmanvsuperman	1
veteransday	1
weekends?	1
twidroid	1
instagram	1
trees	1
co/y8ljnbutwitter	1
therealbasterds	1
13	1
14	1
august	1
co/gfjpsu3all	1
com/6kzguathings	1
19	1
vizify	1
365	1
illusionist	1
com/52nnb4monday	1
impatiently	1
seeit	1
co/5ratrx0rrlwe	1
co/e5aummh	1
co/kyolsqdzgg	1
com/dhz2rowe	1
customization	1
28	1
co/zzfzdfvnmn	1
experiments	1
Ÿà	1
scam	1
(front-facing	1
(scripting	1
edent	1
co/rnllwwnrhere's	1
1d	1
co/maeekx7yethow	1
co/qe6x9njwhen	1
com/2010/01/healing-haiti	1
you‚Äîstarted	1
invites	1
relationship	1
co/t8i0mzeftweets	1
31	1
38%	1
stat	1
co/6tc63db6i8we	1
tweeted?psst	1
co/fiahrbv9o7rt	1
co/pafglzi‚Ä¶last	1
jessnice	1
data-heavy	1
12,233	1
4+	1
co/gfnn0h‚Ä¶all	1
co/m5lb3e375hrt	1
2m	1
com/6o7x28the	1
40	1
oauth?	1
panelists	1
45	1
treat	1
dmregister	1
rebuts	1
co/gnvy35gq	1
wordpress	1
rapid	1
co/cpivimwqfjlast	1
ly/43ftzulists	1
synchrony	1
soundcheck	1
pharrell	1
398	1
co/m4zudwskxyrt	1
3m	1
globaltownhall	1
50	1
53	1
co/g9wczcqopvrt	1
54	1
cool!harvesting	1
55	1
invited	1
bridges	1
trendsmap	1
6%	1
twitteru	1
commitm	1
twittery	1
week‚Äôs	1
empireseason2	1
64	1
farewell	1
co/wt60oidrtwitter	1
mass	1
blankets	1
service's	1
ly/fyxongov	1
twitter/	1
apple	1
com/h6t9mcoj	1
twit	1
70	1
com/nsfflxupgrades	1
twitter!	1
sakineh	1
5x	1
ashtagsad	1
mars	1
ryanseacrest	1
twid	1
separated	1
wa‚Ä¶rt	1
twitter7	1
step	1
co/evt6t‚Ä¶rt	1
askdumbto	1
ly/aqz07z	1
shakespeare‚Äôs	1
co/5apy3xrtwitter	1
co/6gq25q‚Ä¶we	1
'push-live-tweets-to-air	1
co/qy1ldy0ghxa	1
co/cys4t24pzkneed	1
co/lq0k4d1jpart	1
96	1
99	1
worn	1
lose	1
co/fic24avtwitter	1
jimi	1
earthquakesome	1
playoff	1
benandkate	1
8p	1
registration	1
wore	1
ly/5cm7rbreaking	1
ly/4yhnvwho's	1
theory	1
gauravonomics	1
gender	1
foundation	1
secret	1
puppies	1
co/pnonyjort	1
co/lgniigrotnrt	1
partnerships	1
co/dpolg‚Ä¶tune	1
eat	1
usernames	1
europe	1
popeinnyc	1
moreif	1
com/r49lw7phishing	1
com/5uebbtdb	1
co/8bac4yybrt	1
/‚Ä¶we're	1
devour	1
tuitero	1
co/jjolbjapbx	1
ly/ptnw3just	1
it!tweets	1
google's	1
basketball	1
co/m9vlj34tpr	1
html	1
ver	1
htmlnever	1
twitterfrance	1
co/8l2skbkbey	1
ly/wrldcplooks	1
ly/twpdcwe	1
apollo11	1
edu	1
twnl	1
elcl√°sico	1
co/5hwdaxkymtyesterday	1
bullying	1
üëäüôè	1
mengalu-alukan	1
co/12553ofa	1
scientific	1
winter	1
clouds	1
co/8sxlunc1fuwhat's	1
co/lznwpje	1
co/vi5ii	1
retina	1
spend	1
tweetup?	1
kimchi	1
advantage	1
stephen	1
‚ï±‚ï±‚îÉ‚ñΩ‚ñΩ‚ñΩ‚ñΩ‚îÉ‚îÅ‚ïØ‚îÉ‚ô°‚ìî‚ìù‚ìì‚îÉ	1
com/b6kt2evirgin	1
ly/crtg8vmeet	1
com/love	1
pre-show	1
buzzfeednews	1
co/sbeefn0vrt	1
freedom?	1
'pocket	1
asktrainwreck	1
mayhem	1
day!responding	1
ly/djgbv	1
morert	1
staying	1
‚Ä¶celebrate	1
laptop	1
com/finding	1
ly/1cfhgchelp	1
co/i07o70w9ec	1
visual	1
variety's	1
viz	1
com/twitter/listsrt	1
planning	1
co/t8owygqxtwitter	1
notch	1
viners	1
appropriate	1
boston	1
co/rfmxg4gbtwitter	1
ly/5kr6ptwitter	1
rallyzito	1
measurement	1
co/vxaklbfs1z	1
com/wdvmqretweet	1
daylightsavingtime	1
colors;	1
co/g8mqwysn57	1
co/vo4myc6	1
co/snjset6a	1
sprite	1
co/oemgo34wow	1
ly/6lmhganother	1
ly/uhdpjit's	1
ly/accbcheers	1
co/mbf5tq9xuc	1
com/4d5hzoerrors	1
2et	1
fostering	1
ly/bbqkb0hello	1
co/2hgsnq9getting	1
com/5r784ndatabase	1
music‚Äôs	1
co/9th7xxeqh6	1
newer	1
co/i8y85gswocspotted	1
twts	1
mygreatestfear	1
plscurrie	1
co/11r9ksceityour	1
lease	1
taskrabbit	1
exploit	1
com/4sddgvmissing	1
com/c838ovproblems	1
co/ismspqwone	1
pogue	1
tacobell‚Äôs	1
co/yokibnmre0	1
tyhan1	1
co/yg3fxhgxltrt	1
co/b0ft0kyxzg	1
co/em0xz2ma8mbut	1
kindle	1
wapothing	1
com/id/4	1
collide	1
co/p1t0m97bni	1
often	1
twitteripo	1
akshay_adb	1
tests	1
ly/3hibnelots	1
x24	1
com/privacylinks	1
companion	1
(hint	1
co/8pqyrhdorpreading	1
co/0jyfrgjqrt	1
co/fufizhxd07see	1
engine	1
co/9zozzw9ngiving	1
co/eg0smvqjrt	1
lilyferreiro	1
neymarjr	1
spacewalk	1
ly/11np4vusing	1
slightly	1
wanting	1
officiel	1
‚Ä¶we‚Äôre	1
investors	1
tried	1
iphones	1
nickiminaj	1
co/ovutc7ripreviewing	1
right?	1
programmer	1
momentous	1
40%	1
spreading!twitter's	1
rate;	1
400	1
co/ndjpbvgd	1
compose	1
questionsrt	1
page‚Äù	1
co/0rfhocy430get	1
mlb's	1
co/5aizntk	1
ly/kagidnot	1
com/4967tdtesting	1
hatched	1
co/sezdfn1enjoying	1
english‚Äôs	1
41%	1
cell	1
lindseyvonn	1
schwarzenegger's	1
administer	1
com/56j2zxwhale	1
shark	1
behind-the-scenes	1
com/qfe9bdsearch	1
co/ljruwzx6ta	1
co/9d5rz5u1r3rt	1
sharp	1
co/537dqoqvkzstep	1
michelleobama	1
dedcrazy	1
confusinganother	1
co/gmsmejy	1
tv/matisyahuextra	1
spice	1
co/1rsuq0futx	1
seaworthy	1
co/zv2hqbhdh0what	1
recapping	1
visualize	1
co/‚Ä¶see	1
com/cvehhuupdate	1
below	1
co/vmmlscb	1
co/wsetanw2gfrt	1
acoustic	1
adweek	1
spicy	1
photo-snapping	1
fired-up	1
remedied	1
activate	1
premiolonuestro	1
geolocation?	1
co/5‚Ä¶rt	1
astronomyday	1
mikebloomberg	1
credits	1
eve	1
dancewithus	1
com/6hzctkworking	1
declared	1
46%	1
rates	1
rolls	1
co/3u8dhvuz	1
co/itn5atbqtg	1
bbma	1
selfie-enabled	1
marjscar	1
hlntv	1
full-time	1
co/zm7fp5lgt5rt	1
couch	1
45p	1
skills	1
app?	1
co/nzdz‚Ä¶rt	1
waves	1
htmltwitter's	1
remain	1
moonwalk	1
web25	1
envelope	1
wanted	1
mayorsamadamscool	1
2/2we‚Äôve	1
arijit	1
feels	1
chimehack	1
journalists	1
soturt	1
default	1
gray	1
beverage	1
11am	1
ly/bu4gsurt	1
co/knspqtpidwrt	1
black	1
post-revolution	1
nest	1
questions;	1
htmlour	1
questions?	1
metric	1
hq!we've	1
co/kz0xxtreb0rt	1
co/kitco7mibootstrap	1
sarcasm	1
1republic	1
co/upnx5umyour	1
featured	1
charts	1
ly/4pudk5thanks	1
developing	1
operator	1
incomplete	1
com/bsmgw5signing	1
donut	1
‚Ä¶nature	1
co/eku0qhixrt	1
unreachable	1
might	1
ŸÖŸÇÿ™ÿ±ÿ≠ÿ©	1
factsonly	1
duplicate	1
t‚Ä¶pictures	1
co/fn8avma2at	1
leads	1
presenters	1
fledglingwe're	1
yourtango	1
co/muhbh35gapis	1
co/utwtwpipsecond	1
ly/9uxph4tweet	1
rednights	1
all!we	1
co/uyyjy64v	1
live-stream	1
cbabdullahgul	1
summit	1
co/npuboj7twitter	1
socialflow	1
‚Äòworld‚Äôs	1
10/19	1
central	1
(90%	1
com/3zptn7trends	1
tweetology	1
trademark	1
co/wmykiu1j2v	1
anuncia	1
greek	1
üé®üçüüò∏	1
voice?	1
barometer	1
com/2010/04/its-alive	1
com/yky5t3dresponding	1
contamination	1
co/zgrdrabafznow	1
com/devices	1
co/inlhrqetls	1
10/29	1
co/pez1ng5s	1
fought	1
co/naopntbtwitter	1
co/ltfnizhjbkrt	1
collections	1
tigerwoods	1
issued	1
co/kg6ox0n0pe	1
co/qafrjjzcm0rt	1
ly/8p1t8just	1
steelers	1
appwednesdaywhat	1
prizes	1
ly/9nxjjothe	1
italiano	1
suit	1
raed	1
fridayfeeling	1
oscar-related	1
shadihamid	1
crushpad	1
com/sms	1
fcb	1
gardening	1
co/2pmunydmea	1
co/z4z4kk2nifa	1
cardmembers	1
vanessafox	1
watercooler	1
arabic	1
please?	1
older	1
co/qdfvjmnnew	1
thehungergames	1
tornado	1
vegas	1
friend's	1
kremlin	1
co/z8jx8lz	1
co/db5eics627new	1
co/ilejwlp	1
grid	1
tweet'	1
co/l8s‚Ä¶that	1
organizing	1
wondered	1
wfp	1
com/cacwk5nearing	1
üê∂	1
dick	1
com/89o9l9normal	1
co/wk9a1tfready	1
section	1
wow!twitter	1
going?	1
co/trgtotpbesrt	1
epicenterblog	1
com/dkbsxctwitter	1
co/pcbmoaxdo	1
ly/5thuqo	1
fey	1
co/mfwuah6kqf	1
huffingtonpost	1
ly/lkww2going	1
üëç	1
co/wwe42kq1kxwe've	1
dragmedown	1
viewers	1
detentions	1
üëä	1
up!bid	1
producer	1
sugar	1
raid	1
jenconnic	1
politics	1
com/4fdjvathursday	1
co/wteesyzom4we're	1
co/bbqkuxewe're	1
letterman	1
founders	1
co/ubqk3jd2rt	1
s√≠gueme	1
co/smzhm3jw73rt	1
co/uol7hqv0recapping	1
co/uokauinine	1
donor	1
co/vaovnnwready	1
co/mi7uaeestarting	1
david	1
üíú	1
carlquintanilla	1
üíô	1
colleges	1
co/bkrshgybtwitter	1
kleiner	1
co/hfhctu7	1
theaters	1
ly/n8cv7we	1
‚Ä¶update	1
co/e9dbh0htoday	1
üí∞	1
happydiwali	1
11pm	1
fit	1
15,358	1
ly/dechqrt	1
fomo	1
addition	1
nasatweetup	1
üìö	1
ai	1
al	1
former	1
ao	1
panic	1
extend	1
blowing	1
üìå	1
co/bsbjfjuw7k	1
co/2utmya2mkbrt	1
co/kwisgge	1
üì∑	1
co/viwhctj	1
prove	1
admire	1
üì≤	1
co/8kgmdkqgenius	1
bt	1
experimentation	1
co/lhmlqbioh	1
co/9f1jajmnec	1
üì°	1
com/ca872jan	1
co/u8u1pnrzkurt	1
ly/5ttfot	1
üîú	1
üîç	1
britten	1
food	1
flu	1
getbeard	1
com/post/310212236/working-on-retweet-issuetime	1
ct	1
co/qkjnn1qhxvtoday	1
db	1
one-hour	1
font	1
dc	1
co/kdebjna	1
co/as5cb6r7crrt	1
co/gcej6jr	1
dj	1
com/twitter/twitter	1
com/crl67rmissing	1
observe	1
du	1
showtime	1
5-0	1
co/o9xz836pox5/9	1
topography	1
com/twimingsome	1
rihanna	1
scrub	1
$100k	1
ly/1tdakesms	1
goodies	1
es	1
jellyhq	1
piece	1
twitterstoriesthat's	1
sunscreen	1
pressfreedom	1
hindsight2010in	1
com/6lzhrldirect	1
fr	1
fox	1
hover	1
perhaps	1
skill	1
co/zreekdi	1
sbyudhoyono	1
starbucks	1
co/kajfkysvkcemojis	1
ly/goartfollower/following	1
texting	1
biz's	1
co/fcasictwrt	1
co/pmkhhkkxq7rt	1
50+	1
form	1
ussoccer_wnt's	1
ha	1
sitwitterincredible	1
(whale	1
ly/bdyc6areason	1
urbandictionary	1
ho	1
divine	1
co/xzsu8y0k4u	1
co/9g5clvomore	1
wsl	1
relationships	1
3mm	1
ie	1
ii	1
place?	1
co/nyzylx74k4	1
aimed	1
talked	1
co/6i1h6qjrl9rt	1
ly/2jh85rt	1
gave	1
co/sls0uxbif3	1
photo?	1
recovering	1
jennifer	1
sienna	1
contacts'	1
co/ma4ppxwioudive	1
co/zw7deqvz9u	1
literature	1
co/wexf4xj	1
mlkday	1
predicting	1
co/ts4r6pykwtyou	1
com/dbnytxdefending	1
ftw	1
nobel	1
üòç	1
clearing	1
co/ogh7u5wfvmrt	1
omidkordestani	1
co/qnd4um8fdnwhich	1
list‚Äînot	1
üò∏	1
pants	1
co/pt15erm0our	1
üò∫	1
billclinton	1
locker	1
co/dscvjrzhps	1
co/wgxuhuc36art	1
ly/oh8attrouble	1
suggests	1
morgan	1
picked	1
documented	1
co/kveitbunrkat	1
marsdd	1
mi	1
mo	1
climatemarch	1
contest	1
o2	1
foodie	1
com‚Äîa	1
mt	1
(ecuador	1
thai	1
feeling	1
co/wxxgyqhfegwe're	1
flowing	1
üôå	1
dream	1
prediction	1
noble	1
seeds'	1
co/o4hogwckba	1
co/dwyl2rncfgtwitter	1
co/oisy5rlu	1
student	1
careful	1
nw	1
co/hvssfbuxcxhey	1
ny	1
nz	1
markets?	1
co/tjrqxlo4v4	1
com/kjkcmlsearch	1
ÊÇ®Â•Ω	1
sbnation	1
co/enaroak	1
c3p0	1
partying	1
ly/cehrihttp	1
os	1
http‚Ä¶rt	1
86th	1
co/whcv3v200d	1
families	1
whilst	1
googlejapan	1
pc	1
perspectives	1
hackathon	1
pl	1
ly/cx03nre-runs	1
sitting	1
geolocation	1
co/rksanyokt6	1
r2	1
retweet'	1
c3po	1
readily	1
co/bbd2y5oe65	1
registered	1
co/o7orabcyxjrt	1
determination	1
co/egqopzssd5	1
co/zai8s8mk1drt	1
matisyahu's	1
ly/yd7aysome	1
brand	1
foreword	1
co/hlyh0juesa	1
signups	1
co/zizlrrrqfhpublic	1
frustration	1
com/p58n65unplanned	1
co/wlcnspk‚Ä¶rt	1
newlook	1
singular	1
co/pr7ybsngjihow	1
commentary	1
co/b7zppou4ouwhat's	1
co/jxhxgjnvdbrt	1
blackhat	1
seed	1
üåç	1
bollywood's	1
sf	1
sg	1
si	1
co/8umvomfnl0want	1
sl	1
apart	1
co/gmbdsrxvhert	1
relatable	1
co/rejd8y0twitter	1
tweetsplosion	1
decision	1
üå∏	1
monster	1
frankiesachs	1
tf	1
th	1
co/feplikau6jrt	1
ly/3rv7gyquiet	1
tm	1
v1	1
com/2009/12/top-twitter-trends-of-2009	1
co/lbo‚Ä¶happy	1
tw	1
ty	1
endangered	1
rules	1
youropera	1
brainstormtech	1
com/573ykwdatabases	1
co/qbjx26rthe	1
ruled	1
capturing	1
üçÇ	1
ur	1
foofighters'	1
usual	1
kr/p/73cp5qthanks	1
tyke	1
tweaked	1
üç≥	1
co/ep‚Ä¶rt	1
hillaryclinton's	1
co/hqxoiqr8crrt	1
vj	1
purchased	1
üç©	1
endmalariahelp	1
failure	1
veeps	1
valiant	1
ly/3qqnzyresponding	1
quake	1
write-up	1
midterms	1
vp	1
frosty	1
co/q7gjpjvrt	1
preview	1
co/5pcnby4amxwe're	1
first-hand	1
üéì	1
simplytweet	1
co/jxrxi5jwor	1
gas	1
com/interactiveflying	1
üéÉ	1
co/9zqxrpsour	1
hawaii	1
teach	1
co/d7tjjd3fyehappy	1
üé¨	1
kantar	1
üé•	1
co/8u‚Ä¶rt	1
stephenathome	1
tweetedare	1
deeper	1
accessory	1
newsrooms	1
live-tweets	1
kuriki	1
photoswe	1
doing!vote	1
held	1
kr/p/6hbfcywe've	1
co/euy6z8hsb7rt	1
april	1
co/37lu59knthe	1
hell	1
üç∞üç≥üç±	1
proof	1
üèÄ	1
howardkurtz's	1
co/pkwsowmurxdo	1
d'le√≥n	1
(maybe	1
insight	1
nvwls	1
co/zvq6fu2o	1
co/1j0fulch8b	1
co/crdib8qbechome	1
üè†	1
co/tylfdc8hl7	1
co/0jw0eaj0uyrt	1
ly/5aax43announcing	1
south	1
north	1
decisionday	1
anyone?	1
crowdmap	1
twitterbird	1
operators	1
com/3hq76usearch	1
lemonysnicket	1
co/cvwgomjcmeso	1
geoapi‚Äîlocation	1
aqu√≠	1
co/q3ftvnx2several	1
co/torbp3hytwitter	1
ht‚Ä¶say	1
co/am2iho6ezo	1
co/ycrtumqj0oget	1
10,000	1
ended	1
worldoceansday	1
co/qiauduatap	1
co/deal09bk40from	1
co/ynrdvydlyort	1
vineappfriendly	1
sound	1
tailgate	1
sales	1
barrier	1
unselfie	1
revenue?	1
welcoming	1
rockin	1
com/6aurn6twitter	1
fledglingrt	1
co/m9robn0is8it's	1
twittersmallbizrt	1
brace	1
shareacoke	1
replay	1
co/lr	1
ly/8iqbtb	1
officialpartner	1
addressed	1
ŸÖÿµÿ±	1
gig	1
purpose	1
scala	1
12pm	1
scale	1
cinderellaball	1
ly/rdpnvworking	1
engaging	1
servers	1
co/ijakemudf1rt	1
co/sugfv5mipk	1
station	1
madeintheam	1
prose	1
factory	1
co/pdjzter27t	1
co/yg0gbdpsxurt	1
madeinamerica	1
ly/8h3rhxrt	1
treats	1
co/ayrlhrpxvyrt	1
ly/4qlvkwgearing	1
german	1
broncos	1
xlv	1
karamfoundation	1
multitasking	1
twitterdatart	1
recognized	1
10/21/15?coming	1
com/live	1
youth	1
introduced	1
virgin	1
twitterpt	1
co/mbmu56rdo	1
co/itbkzdxk7qnew	1
priyankachopra	1
com/9td4k5check	1
co/qgaiepn5tune	1
broncos?	1
it!new	1
co/q8ygg91jzcnew	1
co/gkk2hri0more	1
oscars?	1
marrow	1
previewed	1
recognizes	1
co/kuteuznrt	1
com/lro462unable	1
http‚Ä¶counting	1
twitterbrasil	1
co/ophvmyfzvrsomething	1
co/eqlm9dcokk	1
bump?	1
com/juc7some	1
go?	1
sorcerer's	1
co/auksvgdl	1
are!	1
stalkdaily	1
sets	1
gente!est√°n	1
ly/qglvwpower	1
ly/40awbusince	1
suite	1
twittermobile?	1
com/682xbpbringing	1
co/nomkrfnkia	1
ÿÆÿßÿ±ÿ¨Ÿáÿß	1
emmy	1
returned	1
wrap	1
co/iumlbxzsguest	1
kccinews	1
standard	1
goi	1
co/jig6tyt9hytoday	1
ly/5wp2jrinvestigating	1
ly/7jfj6hfixing	1
co/iunxyldqpr	1
co/wtcafnrm	1
powerofnow	1
üëèüëèüëè	1
area	1
ÿ¨ÿØŸäÿØÿ©	1
senegal	1
jk_rowling's	1
ly/d8lykworking	1
co/4xak1kc2vlrt	1
kingjamesanother	1
istandwithahmedrt	1
co/ktfgnseh8n	1
aadigital	1
dickc's	1
yearinspace?	1
co/kue0nhpipp	1
rowghani	1
co/d4bu6kfz8grt	1
johnshopkins	1
co/giaqpowrt	1
games?	1
co/zvoawwonao	1
tjmckaymartin	1
co/f0izhyjmzk	1
smallbizsat	1
co/kqbwcfhcp1express	1
co/x32pmgllhzthe	1
co/yuggkidmbituning	1
t-shirt	1
delivered	1
entire	1
pablophthe	1
co/ym9neo9j8v	1
clarence	1
jimmyfallonrt	1
election2012want	1
c‚Ä¶via	1
cameo	1
debuted	1
lebron	1
musical	1
burntmovie?	1
xvi	1
co/5bejkkxs	1
essraabbas	1
*really*	1
appearing	1
champion	1
larger	1
queen	1
riders	1
co/anae2k1rt	1
com/d7r6aeduplicate	1
co/tftvdmjg2c	1
co/vjwdxdemkeeping	1
com/5p9y5acanadian	1
particularly	1
discussed	1
tomhanks	1
organize!thanks	1
ly/9ouo1iexcited	1
topsearchactivating	1
lingering	1
co/hyy4ui3ddhnow	1
co/g1ho5sv‚Äùpeople	1
names	1
liiiittle	1
moines	1
co/lf0mq457promoted	1
ly/13ya5rgood	1
co/qvyomnb3sfwe're	1
chastain	1
co/1wvoq3y1pa	1
co/fyha3bo4	1
672	1
327,453	1
charity	1
team!twitter	1
sb45does	1
com/5hunfr500	1
co/y7r1a6jqxlwe're	1
instagr	1
co/vk1oqbxek2rt	1
mtvnews	1
army	1
un's	1
co/6zuiuswthis	1
october	1
happening‚Äìand	1
co/n6ztv4vgqea	1
co/yjxiwrjwfollow	1
ly/dgregdue	1
unite	1
accidentally	1
pursue	1
weeks;	1
co/zgqi7fzw	1
com/6a6omgsome	1
ly/cymzllpeople	1
co/zby8q9l1ny	1
twitt	1
apologies	1
ly/nwpnvmaintenance	1
cyber	1
swca	1
askastroreid	1
darbysofficial	1
co/32vgzi4u1xour	1
lama	1
walk	1
ly/c3n6rbrowse	1
shebelieves	1
ly/ffo8pga	1
hindsight2010to	1
hinted	1
championship	1
thinks	1
co/6pfpqe6y	1
kentoncool	1
ly/7hqj33aim	1
te≈üekk√ºrler	1
mute	1
uncover	1
co/tzmijliwcsrt	1
ly/mjlljget	1
co/p0lsgwqvshare	1
accountrt	1
ÿßŸÑÿ¥ÿ£ŸÜ	1
co/7jhmexmrt	1
circle	1
/‚Ä¶miss	1
co/uaehsfe6dystarting	1
co/77ww7s4	1
chase	1
onmouseover	1
colors	1
co/ucmo‚Ä¶we‚Äôve	1
impact!update	1
ly/90ypyhawesome	1
defense	1
teenchoiceawards	1
‚öΩtap	1
co/xx2xoq6jix	1
berra's	1
view/post	1
limits	1
war?	1
co/jsqewam4wfcatch	1
deletion/restoration	1
co/xkogh4ynwant	1
search!excited	1
co/fxiucnme‚Ä¶rt	1
ly/kyoy6	1
wapo	1
co/lsfet1‚Ä¶rt	1
‚Ä¶photos	1
voting	1
align	1
co/j5ubuhtux2	1
powerful?	1
update?	1
kremlin_e	1
adventur	1
co/lm1nx2vd4nyou	1
keyword	1
meetup	1
chimehack2	1
co/fedjkekliqrt	1
com/6fe6p2lost	1
weight	1
co‚Ä¶with	1
measure	1
com/58nplasaturday	1
hbo	1
check-out	1
kr/p/87kpxawe	1
http‚Ä¶new	1
election2012-related	1
thing?	1
co/wxw89ewk4y	1
co/0gmog7tdkv	1
ends	1
hfobd	1
co/7o2qz3oxsecuring	1
co/b82kckkthe	1
yep	1
touring	1
co/95z1opgg	1
(scientifically	1
ly/std3doh	1
alike	1
delightful	1
co/48vuavwgyv	1
co/lbphkuiu1g	1
applications	1
un70	1
way?	1
^tsinnovate	1
ly/cq6wrv9	1
johndoerr	1
worldcuprt	1
innovator's	1
chris	1
co/vkxfknf2ourt	1
a-rod	1
adams	1
co/8yeb1tuonkrt	1
confirmed	1
beyonce	1
dm's	1
2,000	1
consistent	1
ly/4qej1ztwitter	1
onegreatseason	1
co/6ofrxqewrt	1
deleting	1
motorola	1
haiti1year	1
co/cirqe‚Ä¶rt	1
neues?	1
predictaroo	1
co/xgzfo4p	1
co/5sukxqjrrt	1
co/vr1boyojrt	1
hit	1
co/gg8toa6jrt	1
hiv	1
co/gi7qvz8q	1
co/zifgkadrt	1
bean	1
resist	1
co/mxo75dja7wrt	1
co/dcu0bftwtwitter	1
ontheroad	1
wejoinedtheflockinjanuary	1
co/g4zge0rdtprt	1
deepeddyvodka	1
co/njp312ahm7	1
fledling	1
values	1
predictable?	1
fabernovel	1
wolves	1
debut	1
diverted	1
sounds	1
ly/py8eosearch	1
bananasmc's	1
co/ejrvtfxgex	1
hovercards	1
posting	1
co/0jg5mcqwe	1
mean	1
vine‚Äôs	1
$ge	1
com/home	1
co/wu7xrpblto	1
com/lsq3ggsearch	1
co/wtupixw3kkrt	1
co/e20jdzpnfrom	1
co/slhsbw‚Ä¶tweeting	1
bri'ish	1
co/gzv2b6vhamnine	1
diverse	1
safely	1
beer	1
nbcuniversal	1
visualized	1
co/032yv6frt	1
active	1
co/vxt1p3bdxq>web	1
com/czx39jprogress	1
poyrt	1
journeytomars	1
co/odoqnbsed6	1
twitterauctionwhat	1
you!here's	1
joinred!new	1
unsafe	1
interior	1
track‚Äù	1
hq?	1
innings	1
co‚Ä¶happy	1
hardchoices	1
7/6	1
day's	1
vietnamese	1
co/3cj2fszscared	1
blast	1
ringostarrmusic	1
co/gtereto2f4	1
saints	1
yrs	1
co/lwkdhupapf	1
putting	1
yt?	1
kosmix	1
co/r1wfpsxkrt	1
chimeforchange	1
co/po9wknnh	1
twittospheric	1
promise	1
mittromney's	1
com/prompted	1
easter	1
co/awdrjnqd	1
ftc's	1
mashsocialmedia	1
hrc	1
antics	1
hrh	1
co/z9wvxii0yt	1
stargaze	1
co/xetaoyzrfort	1
hrs	1
mentoring	1
co/mwvdkp2tips	1
co/vl3s6serk2	1
sports-related	1
vision	1
topic?	1
co/yah0dkeuxt	1
performing?	1
personalities	1
confusion	1
co/31joms50hatwo	1
co/rwuoiqzhsunday	1
waiting	1
oprah	1
ask?	1
yum	1
yuo	1
ly/dnntkgnot	1
in-depth	1
notice	1
co/wmmnmzmntq	1
co/mjqc1cuwow	1
muppet	1
nuevo	1
tweetbeat's	1
com/mae98tone	1
asteroidwatch	1
co/gygvxrnkpjrt	1
kitten	1
melt	1
co/nzxdspwrokdirect	1
moviesthanks	1
twitterauction-happening	1
cofounder	1
gauge	1
soundtrack	1
co/90xzlfqsiv	1
co/ywrrqcmsjo	1
twbootstrapthis	1
pastemagazine	1
fires	1
ly/10bvblhosting	1
com/dlqsm5tracking	1
co/03b9y1lhqfwe‚Äôre	1
co/cyo9kmdvand	1
co/fkxevguf3ewe're	1
ly/2ojcdyresetting	1
timessquarenyc	1
co/30zu465zrj	1
com/invitationsthe	1
explores	1
star!fun	1
deliver	1
ly/8jdtbing	1
com/o9vf6vrecovering	1
trailer	1
770	1
periods	1
5sos	1
co/ocl1v7hrt	1
illness	1
com/6j5tkztrimming	1
co/dhibz5qxqurt	1
torch	1
trigger	1
com/pqm3gwdelayed	1
trusted	1
lolcat	1
com/cq82lcplanned	1
workplace	1
co/hsc1hrert	1
co/q3z0oye7rt	1
co/gotmthlqwfrt	1
concerned	1
co/ovau2eioinupdate	1
co/3bcxg1ku	1
british	1
cillizza	1
(tweet	1
diverge	1
derby	1
co/0jbrr2y	1
citizen	1
co/tbe6yqoom8museums	1
in!we're	1
cities	1
co/pxxedwhhrt	1
turnredrt	1
meow	1
am/p/ce6vj/	1
present	1
co/ucpywcx8jwtwitter	1
grammys2011‚Äòi‚Äôm	1
movements	1
mess	1
royalbaby	1
transform	1
co/ca35folug2commemorating	1
co/ch4lu7k2sishare	1
‚Äúdo	1
ly/h9wheresearching	1
newyearsresolution?	1
co/kg07djm	1
co/uawioamkind	1
co/vmtdoqre	1
merv	1
master	1
conventional	1
convenes	1
ly/8jdtmaintenance	1
co/bvypnnv7we	1
co/wmp98fpiewrt	1
impacting	1
com/working	1
snowing	1
quotes	1
competitors	1
censoring	1
co/rjo1yd9mvgvia	1
intention	1
adiosvideo?pues	1
twitter??	1
meta	1
twitterstoriesrt	1
co/‚Ä¶via	1
fact	1
co/uxy08klsf3take	1
retweeted	1
awallenstein	1
firsttweet	1
guha	1
co/8zgrlgb3fe	1
galaxy	1
co/juyjmffpyf	1
co/usidxpbwwelcome	1
co/hyohn7jjdkrt	1
co/h0bsbwwljcrt	1
ibm	1
co/c520hvyslbrt	1
co/ypot3b6x7cnew	1
co/e53mygjw9f	1
waves?	1
shearcreativity	1
circumvent	1
ice	1
spike	1
romanian	1
streamed	1
beats!rt	1
zen	1
spill	1
co/um8mcv4honored	1
co/laiinwlg8vrt	1
finding	1
co/94u6lpk1d8	1
elected	1
com/7bxk9ymultiple	1
co/d8ocsk6ld0rt	1
co/1dchlwlrour	1
‚Ä¶coming	1
pt/2pm	1
com/3sqhx7background	1
com/advancedupdates	1
screename	1
co/1rwqqqcr	1
co/fpig36yy2	1
co/8p0mz9uxc7welcome	1
ly/cdbptt	1
pinned	1
rule	1
detect	1
co/qwbgwxhwzgrt	1
enjoy!we've	1
*27222*	1
gulf	1
ly/nyornmissing	1
co/qd5oywxcmore	1
fail-over	1
co/qy3wxnmgexpansive	1
com/bsuosrseeing	1
icons	1
syfytv	1
rdio	1
guitar	1
kr/p/6z3qawjust	1
co/fhrved6r	1
oscar2011?	1
removal	1
co/vk‚Ä¶after	1
co/ii2we3zhere's	1
co/dbdsk9r	1
co/u5nbsv4u	1
co/hqayvqunl8	1
quirky	1
preparation	1
co/z49y0j6vrtrt	1
zim	1
com/5ud6baupdate	1
ly/4xv8anew	1
co/kfxcczjtbmwe're	1
co/nwxao4myq0thanks	1
5yrsand	1
co/y4vksqmzes	1
fivetofollow	1
co/esdufkbptyrt	1
co/xndp8zxs	1
denver_broncos	1
üòÄüò∫üòä	1
kr/p/7rtxezwe'll	1
ly/5jczumseeing	1
tracked	1
immunity	1
papal	1
tracker	1
co/q101zuyaaztonight	1
explains	1
co/lhue6jort	1
c√≥digo	1
first‚Äô	1
com/2a4gghexploring	1
co/gkkrodybrw	1
snow-rescue	1
paternity	1
picture?	1
co/legojwiyow	1
combating	1
fewer	1
n√∫mero	1
benedict	1
classofmarch2011rt	1
hypem's	1
out!working	1
theater	1
co/n2tyhv70boready	1
goldenglobe	1
toowatching	1
medvedev	1
iliad	1
(stats	1
fame	1
live-tweeted	1
death	1
advice	1
^jcrt	1
co/kecddwjwe'll	1
tylerclary	1
linkedin	1
seemingly	1
co/bqavqnkf	1
endeavour	1
ind	1
twitterformac	1
listening	1
stages	1
topsyhappy	1
co/wkzle6nxwhat	1
‚òÄÔ∏è	1
moused	1
michelleobama's	1
graduate	1
unanimous	1
ipa	1
co/aohgxwquhow	1
com/4yudk5update	1
stickystones	1
co/94fuzmbuo8	1
sundance	1
enduring	1
excellent	1
far?	1
party!take	1
co/w3b9mq8	1
ly/kvph7temporary	1
kr/p/7qard3it's	1
faqs	1
charges	1
co/m5wphzysfind	1
shortly	1
all-access	1
co/llpr8jappicture	1
co/inkikzbd	1
co/xrenlanlsharing	1
ly/4aqklsofficial	1
super-sized	1
ire	1
co/d6hgvvdrsfsteven	1
‚Ä¶forget	1
accelerated	1
gopdebate?	1
mandar	1
it;	1
kr/p/7jsdefthe	1
it?	1
ly/fdsiqtwitter+bell	1
week?	1
brulee	1
t‚Ä¶seen	1
controls	1
astronauts	1
lightsaber	1
co/irpfmqww	1
co/crhz4hitrt	1
ly/4nkc9b	1
co/zybdfq1q4lrt	1
coping	1
ly/87y3hiwe	1
co/anclret0n3	1
pose	1
ito	1
com/76v9wjlogged	1
co/jsbmbba‚Äùhave	1
84%	1
co/nqi2ep5acf	1
why?check	1
parachute	1
co/ek1qzkdrrt	1
co/mu6ueb8ev7	1
premiosjuventud	1
co/bcl3e859ne	1
joining	1
united	1
co/kowfmtjatwitter	1
directors	1
co/tez5g080through	1
povs	1
'key	1
52,757	1
directory	1
com/watch	1
jeans	1
pre-game	1
lewebthanks	1
co/oveemcwkjs	1
co/beou4by2yhreaders	1
previously	1
co/thsi6x2vujrt	1
democratic	1
sinfonia	1
surveillance	1
bigdatachat	1
worldsmileday	1
com/nnakqeworking	1
support!coming	1
180-day	1
pour	1
honorary	1
co/un8vbtga	1
com/dk5ellimproperly	1
ivy	1
com/4zm8hxmaintenance	1
bingforgulfbig	1
co/8lrvyagtrt	1
com/dhgowvupdate	1
pledge	1
enjoyed	1
followers/followings?	1
unga	1
co/nulyhrgiv8we‚Äôve	1
(cool	1
my2k	1
casual	1
musicmonday	1
mespeechan	1
shorter	1
months*	1
co/ustwvokz0z	1
weiwei's	1
ifbiebermetgaga?	1
com/2009/11/whats-happening	1
6th	1
twittertiptweet	1
tough	1
masses	1
co/axkilnqqjr	1
com/pdsojjheading	1
co/dkqecbmwwn	1
ustreaming	1
com/5vulwbthursday	1
co/rqsugnccrt	1
ly/a2gw5zawesome	1
decisions	1
com/3qhbnyprofile	1
co/g0d6umqwe're	1
furthering	1
thetonyawards	1
co/9zuwgx9lcc	1
sirpatrickstew	1
staffer	1
co/nftgbg334e	1
tributes	1
co/3q14wku	1
nightline	1
internship	1
amazoncart	1
co/gadidk7nnvannouncing	1
com/dewrtut-mobile	1
co/4mblkrqgnlrt	1
co/yzf076rwour	1
ly/9btc4d	1
com/5c3qv5announcing	1
copaamerica	1
ly/oj836teatime	1
touch	1
com/q53q3hmaintenance	1
co/0t3eijn	1
co/cs6ergyp43	1
monthly	1
girlswhocode	1
bpspillmap	1
15et	1
entertaining	1
com/not	1
ly/alxnjjlife	1
ly/awsjk4the	1
touchdown	1
soon!user	1
viacom	1
pakistantext	1
wallpaper	1
warm-up	1
lewis	1
minute's	1
co/5oiftuw	1
wsjspeakeasy	1
vx5tweetswelcome	1
worldcuplots	1
s'more	1
followers?	1
4/30	1
reason	1
ship	1
co/mwrxz2idwl	1
front-facing	1
co/app7wzqwjc	1
co/wbtfrn84	1
jan	1
jam	1
snowmageddon2015	1
*clink!*	1
ly/2ovk85feels	1
co/rhufecbbkr	1
co/okyh1hlert	1
sproutsocial	1
rt2give	1
followmelast	1
completed	1
reel	1
geek	1
rings	1
waterfront	1
ly/d6f4zbdon't	1
co/f104doothe	1
handed	1
co/ypp8kku	1
fixed!display	1
ht‚Ä¶more	1
co/7ycmwmvc7fit's	1
re-tweeted	1
co/rindcjzyin	1
broken	1
jescarter	1
ly/qie2bmissing	1
claired	1
fabulous	1
co/mjahzbu	1
co/zkhwl9ahs9congratulations	1
co/qnrqa42this	1
belated	1
co/zs6gpgbrt	1
com/6haoususer	1
either	1
co/wjn5azfraythe	1
ly/jtt6twitter	1
worry	1
9420rt	1
co/bskif5er1z	1
com/2008/09/welcome-nick-congrats-jeremy	1
significant	1
ly/tu4h3rt	1
senate	1
haitians	1
colleagues	1
parties	1
worst	1
ly/6mlokf	1
reactivado	1
shop	1
twitterculture?	1
distance	1
planted	1
malicious	1
today?let's	1
co/y25h20vgin	1
arrive	1
ly/kld6	1
street	1
sorrell	1
co/0blmhiun	1
elizabeth	1
people's	1
canadaday	1
com/2009/12/aids-is-preventable-and-treatable	1
com/?no57enjoyed	1
(tweets	1
suddenly	1
co/ehsquxw	1
com/c6pveldelays	1
com/d95flunews	1
milestones	1
homer's	1
compte	1
fancy	1
co/emkq56ltwitter	1
co/8kpbkoimrw	1
connectivity	1
aworldoftweets	1
red-carpet	1
com/d5k8raprogress	1
co/ozfaxoaagucold	1
julius	1
captivated	1
co/py0egesxjlrt	1
epic	1
team!happy	1
co/ajh8rmjz7wtoday	1
bounds	1
reset	1
twitterflight	1
formatted	1
harry	1
bottles	1
co/suyreze5pbrt	1
football?	1
buzzed	1
thanksdave	1
metgala	1
levity	1
askobamatweet	1
craigbutters	1
life's	1
consulted	1
imontheemmyshey	1
85944	1
buzzwords	1
com/pbgb23twitter	1
com/a5neflsearch	1
ÿ™Ÿàÿ™Ÿäÿ±	1
tbbuccaneers	1
580,166	1
pablo	1
luck	1
polling	1
itsonus	1
ly/swywa	1
com/cnq7rfguess	1
com/oz2mwaall	1
wrapped	1
shaun_white	1
djokernole's	1
england	1
marketplace	1
listos?	1
co/d67z1kmhkbwe've	1
superbloodmoon	1
corrections	1
co/0cqfzruxq8	1
bones	1
joe	1
co/yoxp83rsyp	1
highlight	1
joy	1
co/bjfi0rpv	1
$140	1
clown	1
com/5bx75usome	1
co/tl3lnse7h1	1
com/4hjz5dsite	1
/‚Ä¶party	1
out!icymi	1
gabosama	1
90%	1
co/vtoe4ol9our	1
afternoon	1
zoomed-in	1
yandex	1
co/wvdgrebuekwhich	1
equivalent	1
lugo	1
ly/9pqijzfor	1
denver	1
chrismoodycom	1
co/nybrd39hxtwith	1
co/ofab6klrt	1
rockumentary?	1
co/yinwtiirpost-bowl	1
skateparks	1
co/oyysrsew	1
co/9umy5wrvkert	1
co/vjad3mt8twitter	1
co/njgzyzvmpb	1
co/hsc1hrefollowing	1
com/n5fznmpeople	1
co/xriicl0vdlrt	1
co/6l3glpo	1
onedirection	1
co/o10ndqw7pprt	1
jones	1
project?	1
sdcc2013	1
ryanseacrest's	1
co/ul98uqg2ko	1
profilescope	1
civic	1
co/e9lbfq7dthis	1
civil	1
audiences	1
co/xjikfhzrulrt	1
klout	1
the_ball	1
co/rdfcoy5bringing	1
co/dqsifuvkjesave	1
incorrect	1
co/61kawmk	1
twitternewsrt	1
ly/9d6oanwords	1
co/jke4rqk6mywelcome	1
holler	1
tonight!did	1
92m	1
glowing	1
com/6rz3yaupdates	1
twitt‚Ä¶make	1
co/pbrrtekdrt	1
co/zwta39uiaowe're	1
twitterflight?	1
co/uh8rbtqq	1
co/fdowmshfpl	1
contact	1
programming	1
twcbreakinghe	1
com/d5kpkurecovering	1
searches	1
ray's	1
shondalandtv	1
co/rvrkvby100	1
hruendd	1
atlantafalcons	1
com/d45s8ftracking	1
co/zfmvhhe	1
tweetpeat	1
co/k0baqolbpert	1
machu	1
co/jvnnke50nsrt	1
co/er2ymkhhms	1
tvxtwitter	1
stormtrooper	1
co/zl790t2a12	1
sierra	1
co/jv8meg70rt	1
co/j5eqlwd	1
co/tvi9ms0wyxintroducing	1
viewership	1
internationaldanceday	1
brigade	1
co/ua8t42fm	1
client	1
booker	1
promos	1
wearing	1
reviewing	1
dinner	1
help?	1
co/xpadimed	1
appealing	1
co/wq2wbykmdzrt	1
vineapprt	1
¬†we‚Äôll	1
co/jkujmscirt	1
selnd	1
co/coemeqqzaqwe're	1
majority	1
co/as4ol0jbrt	1
twitterretreat	1
askevrt	1
director	1
accents	1
co/krkezkz64s	1
(one	1
drink	1
messaging	1
co/som77peqdiscover	1
reporters	1
works	1
tournament	1
htmlthe	1
denverbroncos-	1
december	1
com/cktoevhollywood	1
com/dmal5smissing	1
malaria_envoy	1
co/ehj4hzwizmmahalo	1
colourlovers	1
thegrammys?	1
com/6ew9ramonday	1
askbridgeofspies	1
work¬Æ	1
co/rdz3p0koev	1
co/5wbpeku	1
auto	1
‚Ä¶we've	1
sponsoring	1
there;	1
ly/1bkdvitweeps	1
co/ocs7wa2	1
8,000	1
co/lgqqn1wbq6new	1
co/rwfk25sr5krt	1
co/cbocep4uhot	1
com/dmzegx	1
co/kmk5edjrr2	1
glassdoor	1
bike-to-work	1
focused	1
chats	1
kr/p/8appmkrt	1
co/38akl0fd	1
bunch	1
asknph	1
candy	1
twitter‚Äîfollow	1
aidrefugees	1
co/h1xvisapwe	1
co/7dtroljrt	1
ly/aqtve3twitter's	1
co/lt20f5f	1
savage	1
consumer	1
cross	1
raised	1
ly/9ibbrwsite-wide	1
kr/p/6mkkn2it	1
drill	1
co/vt7m35qsearching	1
co/3zmz3ooafu	1
jordanspieth	1
co/hztdq9n	1
mlbrt	1
graduating?	1
browsing	1
givingtuesday	1
acad√©mico	1
co/evgvltyogop	1
co/icjvbhrgwn	1
badge	1
nielsensocial's	1
com/5wfwo7sms	1
jointheflockwe	1
atlanta	1
context;	1
africa!today‚Äôs	1
bretbaier	1
com/met8zhunscheduled	1
co/3bewmid3mgupdates	1
co/vbvlvjhlrt	1
womenwhocode	1
stopped	1
8am	1
nysebell	1
ly/aesskoour	1
hill	1
ladygaga?	1
footballer	1
co/wzgmsar6cpwatch	1
ly/6bxn3jsms	1
co/lxo6a6ndev	1
co/zr2lntfoi7	1
fourth	1
est√°s	1
derren	1
(with	1
stacyfurlow	1
com/mjfma2from	1
quest	1
reacts	1
apache	1
drakeuniversity	1
com/6dnxpwverizon	1
co/aokhr4iogbour	1
co/hgib0zjw2pthe	1
felten	1
happynewyear	1
co/ta33nwwicelebrating	1
co/wj3xjdpqxo	1
year-long	1
candidates?	1
brazilian	1
headlines	1
toptweets	1
rallying	1
basics	1
peru's	1
co/kfxvo1qurt	1
co/b8jfjvo	1
param	1
combatting	1
youtubeadblitz	1
htt‚Ä¶introducing	1
earthjustice	1
isaachrt	1
commemorate	1
co/ij6bg4zzcw	1
'hahlo'	1
ly/6gunxfixing	1
itunesfestivalone	1
lovelace	1
co/harwpmj9is	1
co/oyzoa918kkrt	1
com/12831183	1
co/qarpd8orrt	1
backed	1
week-long	1
play-by-play	1
modernfam	1
co/yngist3great	1
(larry	1
sxsw2015	1
postcards?	1
exhibited	1
com/2010/01/tweet-appreciation	1
apollo	1
vineyear2	1
jeopardy	1
obama's	1
logging	1
bumbershoot	1
gizmodo	1
co/8cq4icmhaptv	1
esa_rosetta	1
co/qcqouuhjoeover	1
com/6azwdxfacebook	1
co/0sub7xggdmrt	1
$20k	1
co/kl39cqzapplicants	1
2015-16	1
informed	1
co/52q4emk3hg	1
observation	1
com/kvjpepupdate	1
ebaygiving	1
knw	1
must-follow	1
loverboy	1
co/ekdonqtkrt	1
co/syauqykpinteract	1
filibuster	1
com/6zsuu3image	1
inside-the-park	1
cherries	1
dnttwitter	1
ballpark	1
bustle	1
com/6bxpsdupdate	1
lifesaving	1
assets	1
rogerfederer	1
ly/dvtlnnhacking	1
ly/1csr0atweet	1
co/mh1odrsawelcoming	1
justice	1
ÿßŸÑŸÖÿ¥ÿ™ÿ±ŸÉŸäŸÜ	1
co/lltah0sart	1
co/hu9hcb0nfhwhat	1
twitteradsguess	1
continents	1
cupcakes	1
recordsetter	1
interim	1
eyewitnesses	1
glitter	1
earthday2015	1
ly/b1cf9art	1
securely	1
studies	1
co/clyfihxxmhfor	1
player	1
tweet4good	1
co/tzozajliiwrt	1
limited	1
balancing	1
ly/4ty66r	1
co/o06kxl6uf6	1
stanley	1
panthers	1
alya1989262	1
pills	1
co/mqi9m3rtvkyesterday's	1
co/esie93urip	1
whetlab	1
co/ysjo5yro	1
approved	1
hindsight2010according	1
‚Äù	1
into?	1
pagewe're	1
attendees	1
com/4co7nmfriday	1
cometlanding	1
com/d75q4gfixing	1
accessible	1
infinite	1
france?	1
violets	1
elect	1
chrisrock	1
sports'	1
zombie	1
co/puv0dnylrt	1
congrats!rt	1
r1teenawards?	1
varietyclassic	1
filmstrip	1
shopsmall	1
wehn	1
co/3pnjvsjkrt	1
twitterhqretweet	1
co/tqfbzgz1pvrt	1
twitteralas	1
ly/16ktftif	1
‚ï±‚îÉ‚îÉ‚îÜ‚îÜ‚îÜ‚îÜ‚îÉ‚îÉ‚ï±‚ï±‚ï±‚ï±‚ï±‚ï±	1
police	1
throw	1
infinity	1
co/y0b3zzey24	1
com/cbxa39none	1
inaccessible	1
com/twitter/more-twitter-accountsdid	1
syfyoppworldsrt	1
illiterate	1
't'	1
ly/6cuakuhealing	1
com/cke5xftaking	1
kingjames	1
co/nvjxvxd	1
8th	1
hijacked	1
fifacom	1
co/sz7wvpchow	1
wnd_go	1
co/pi28kpagood	1
changes?	1
anticipating	1
insider's	1
co/31pbfb6a	1
ecuador's	1
pocono	1
com/6p8z9ysms	1
actuallynph	1
wynnlasvegas	1
com/coh4wbfollowing	1
lens	1
society	1
ly/akr7qiit's	1
co/olgvla93rurt	1
digsby	1
anticipation	1
ly/kehsvideo	1
co/ngt7mevhnz	1
9/8c	1
com/xnrekr3pxwe're	1
ticker	1
co/suwyrbqrt	1
realized	1
cheer	1
co/jwiuitawxafrom	1
co/myce73mk	1
explosion	1
windows10	1
co/tbeot7a	1
com/qvbfteviewing	1
shabby!the	1
to‚Ä¶	1
cherryblossoms	1
boblord	1
co/3kc0j1gvvv	1
loved	1
co/d3a62acgsf	1
co/ure7t12	1
liftapp	1
yourmom	1
co/isnq0h7crt	1
touchdowns	1
co/360afqxrt	1
distant	1
co/uojiabwvyour	1
turbulence	1
nowonandroid	1
co/0wh‚Ä¶rt	1
tweets/minute	1
wheldon	1
never-ending	1
fermentation	1
co‚Ä¶	1
co/ngb9jx4nbv	1
areweusingthisright‚Ä¶rt	1
melissacrnic	1
htmlat&t	1
co/k0bznro50drt	1
maxbeatty	1
widgets	1
katrina	1
co/cauinyrqyynever	1
co/mn4rkcpapfrt	1
co‚Ä¶the	1
mabuhay	1
walks	1
tdf2015	1
co/etgpbtdsrt	1
4132	1
n5culturechanel	1
platforms	1
co/g8k53dzfptthe	1
west	1
quite	1
inspiration?	1
co/jhrhz2wtthe	1
surfer	1
nyfw?	1
com/5jljxzmeasurable	1
institutions	1
sirpatstew	1
co/otaoft9cyenow	1
improve	1
translates	1
gucci	1
timepoy	1
inspirations	1
gr√†cies	1
co/vjzz3c9	1
co/avngvxzo6v	1
now*follow	1
'project	1
co/csp6pneoiq	1
co/7dvhat1fiytake	1
iwd2015	1
generous	1
floor	1
imagined?	1
exhibition	1
104th	1
ly/j7dw7hey	1
co/mwwjfsrarg	1
neighbornest	1
com/db5llmsite	1
redirects	1
co/lhhfimvu1grt	1
htmlcheck	1
co/hfyixskp	1
traveled	1
timessquareball	1
tv/matisyahuenjoying	1
co/adqk2u9srqgive	1
shouldn‚Äôt	1
pres	1
gotten	1
¬°compru√©belo	1
com/5k4aufodd	1
leg	1
ly/9i0f6h	1
dougw	1
nbaplayoffs	1
philippines	1
co/oqulvfrv6usms	1
dough	1
noinhtg	1
twitterrevolutionnew	1
frequently-asked	1
15est	1
rendered	1
jewels	1
items	1
y'all?	1
entertainment	1
sxswofficial	1
co/0jg5mcqmaking	1
ly/vcjqrsite	1
ly/di4lxoone	1
networks	1
fixes	1
co/lunttya7	1
co/‚Ä¶you	1
soulpancake	1
joinred!twitter	1
dalai	1
kingofaudi227	1
com/88mas4don't	1
fun!go	1
situation	1
co/qunxquajnart	1
empathy	1
t‚Ä¶now	1
‚ï±‚îó‚î´‚îÜ‚îè‚îì‚îÜ‚î£‚îõ‚ï±‚ï±‚ï±‚ï±‚ï±‚Äùif	1
authenticity	1
co/54vvlyamuu	1
comic_con	1
frontier?	1
450th	1
ly/4cyiu0if	1
co/g1jrjre	1
(by	1
insurance	1
ly/9qhvp5malolactic	1
com/p/4e2t	1
gang!r	1
acquires	1
fun?	1
all-star	1
com/d7wjdncleanup	1
co/uml86b6shave	1
co/taxtpy2‚Ä¶see	1
acquired	1
arjanelfassed	1
flickr2twitter	1
overall	1
ly/5ha3fdwe	1
cards	1
motivation	1
co/nf8qffo5rtrt	1
fan-made	1
entertainment's	1
co/viyozot3	1
co/x8hqsnkwld	1
pepsi	1
siguenos	1
com/3nwv4vfriday	1
equal	1
firsttweetrt	1
com/c9jn46we're	1
1963	1
studio	1
tampa	1
palm	1
celebrities	1
(pretty	1
co/1axtujxg0s	1
faceoff	1
idol‚Ä¶	1
pecking	1
hardware	1
w/president	1
co/qn9bwqzmxl	1
com/4s9g3gend	1
shuttle	1
ly/dcun6grelated	1
geeks	1
redhourben	1
bids	1
co/vt1owz9mds	1
co/bnn8d‚Ä¶we‚Äôve	1
co/rnejoeg4jh	1
swedish?	1
jetting	1
10,000,000	1
co/jj9wnuxw61rt	1
tumblr	1
up-to-the-minute	1
com/56b3k6i	1
sun!and	1
glasses	1
los	1
co/7hvlxtzrthanks	1
pros	1
fundraising	1
low	1
co/8aj759ycota	1
meant	1
co/t6wuzgi‚Ä¶rt	1
com/3md33tfollow	1
funding	1
co/fnyaihl‚Ä¶it's	1
allincle	1
diwali	1
co/qakgusvbbt	1
co/sybwpklsrt	1
promotions	1
cliq	1
popeinus	1
olympicday	1
com/44lpbjexperiencing	1
interscope	1
seinfeld	1
htmlwhat's	1
ferrell	1
ru/us	1
trainwreckmovie	1
9mm	1
co/7av0rotwe	1
fixing	1
dataprivacydayannouncing	1
sacrifice	1
congratulate	1
cbf_futebol	1
$35k	1
co/cce4fkfxiort	1
globalgoals	1
dont	1
co/3yg95pyfomüá∫üá∏	1
com/5s6agesome	1
‚Äúa	1
tweets!the	1
co/ppv0hqf2our	1
co/sb2i2i5mmore	1
bike	1
*16	1
east	1
ly/ca3leo	1
co/8ehrjgubtort	1
robo-tweep	1
co/zprmdv7l4g	1
sb47;	1
co/xxnbgi7t	1
player?	1
com/58v83ninvestigating	1
capitol	1
co/2f2sjsx	1
ears	1
co/tu89z2brt	1
earn	1
techtalk	1
‚Äúdonate	1
'new	1
(or	1
shoutout	1
co/5mvcoqdd1xrt	1
smiley	1
keselowski	1
com/3nzwtgsome	1
priyankachopra!enabling	1
bucket	1
farsi-speaking	1
adopting	1
reverting	1
formatting	1
axisgsm	1
ly/	1
bios	1
profoundly	1
askchris	1
ucberkeley	1
co/vkmfq455check	1
co/desatkwqlftoday	1
ly/wvz4what	1
adoption	1
dove	1
handing	1
thrilled	1
olympicsrt	1
co/mmnvuuhaxhwe're	1
mind	1
mini	1
com/besm45user	1
ÿ®ÿ¢ÿ±ÿßÿ¶ŸáŸÖ	1
9th	1
org/chirpif	1
arabist	1
amnesia	1
hillarybook	1
co/2fmpgbg	1
showcase	1
phrases	1
co/rnrbcsdtonight	1
(so	1
kr/p/7ki9fywe‚Äôre	1
co/x9gl8rj3tgvictory	1
emergency	1
recommendations	1
goalbl	1
co/fhrn5dv7let's	1
club	1
legal	1
co/pbwza5xklive	1
buddies	1
ly/93qpj3	1
thewalkingdead	1
com/d8u9m4user	1
co/lbhhazp2	1
fifthharmony	1
co/3wsd8vyp2i	1
co/cefsjjdis	1
ly/1v61jobtw	1
(w/	1
(up	1
requesting	1
optimized	1
co/kgzv9cvone	1
co/tj7z4vklrt	1
mothersday	1
prince	1
a-twitter	1
spelling	1
co/8dfsgdvrt	1
co/dzre8pql9h	1
co/01zn9uihow	1
tokyo2020	1
travels	1
thanksgivingwithblackfamilies	1
rwvoices	1
britishmonarchy	1
twchat	1
beach	1
co/ydzlakqrt	1
co/j1mrszk7zu	1
devon	1
ly/howtodonate	1
com/3zjpayover	1
fascinated	1
co/hwrhbjou5art	1
commission's	1
ladydanville	1
ndamukong_suh	1
legen	1
adiosvideo	1
clinton's	1
signed	1
sense	1
scratchreel	1
askderay	1
served	1
askambriceus	1
katiecouric	1
senators	1
co/gpjtrublooking	1
ly/bevt1rreading	1
ly/bvprjhyou	1
goodbye	1
53rd	1
2015?	1
about?	1
ly/46kupeworking	1
directioners	1
year¬†https	1
mad	1
mag	1
posterous	1
laundry	1
gibt's	1
open;	1
maintenance;	1
co/i8lw‚Ä¶our	1
latingrammys	1
space?	1
message?	1
co/psta3geds1	1
gearing	1
co/063keauoff	1
websites	1
unseen	1
co/mgtkrgoirt	1
snowman	1
co/jgeutik3dv	1
blueshirtselfie	1
co/xdsgqhpv4isearch	1
askthefix	1
co/qc9mcqovcfchecklist	1
comedy	1
equipment	1
ly/z4t43combatting	1
co/onhrs4ixwhen	1
co/5g7tq5mynhlearn	1
opt-in	1
there!retweet	1
89887	1
ebay	1
melbrooks	1
co/7vkowwnkobjust	1
luckysort	1
twitteralerts	1
‚ï±‚ï±‚îÉ‚ñá‚îÜ‚îÜ‚ñá‚îÉ‚ï±‚ï≠‚î´‚ì¶‚ìî‚ìî‚ìö‚îÉ	1
onlyontwitterrt	1
co/jden0o4what	1
co/tflvwjmiwe	1
symbols	1
breath	1
co/rm2ijg1ikyrt	1
/‚Ä¶	1
repeat	1
ht‚Ä¶whether	1
hour's	1
met	1
fran√ßais!nouvelle	1
showdowns	1
40th	1
activism?	1
darrenrovell's	1
co/slu0nbompi	1
folks!take	1
justinbieber's	1
noussommesunis	1
2011?	1
https‚Ä¶curtain	1
in/tidying	1
co/188yggrgzgrt	1
sized	1
modioneyear¬†as	1
(10/21	1
stephenathomenot	1
(follow-up	1
patch	1
courtside	1
sizes	1
co/msdrpg5nsjrt	1
co/khbgvhzt‚Ä¶correction	1
above	1
jointheflocksearch	1
tales	1
disappearing	1
invent	1
twittermenart	1
frozen	1
boost	1
wanderlust	1
don‚Äôt	1
alexiashout	1
co‚Ä¶please	1
believe	1
co/3g7vn5wi7h	1
co/3rn6dodj1vtune	1
voyages	1
mix	1
co/3fc3wkygrt	1
co/odyigmvlcsrt	1
though	1
‚ô¨	1
co/cll6s7wirt	1
everyday	1
com/5g5mtttimeline	1
holds	1
co/utfs7fehgfrt	1
co/h58l2ze9rt	1
askmoments	1
co/rw8alzxjrg	1
com/47d46nencoding	1
anncurry?	1
support?	1
jurassicpark's	1
plancast	1
2009?	1
26,000	1
roughly	1
california	1
co/uptbcki2pf1/9	1
ly/9k6iqrt	1
co/0hqtz8fzrzrt	1
co/jcbmtxhph6	1
com/2009/12/was-gibts-neues	1
geotagging	1
co/2vhct0fibwrt	1
co/5wnsmlbb	1
mls	1
paths	1
flying	1
charmed	1
fema	1
worldwidevoyage	1
co/cdcsoud7qj	1
internet	1
allow	1
nbcolympics	1
biannagolodryga	1
knocks	1
com/2010/03/unicorn-power	1
co/askt8xmal8rt	1
ly/cdzhk8it	1
appwednesdayrt	1
stocks	1
5yrstoday	1
mms	1
pundits	1
itunesmusic	1
shark?	1
earthday?	1
unaffected	1
sendoff	1
prepaid	1
tonight?	1
firefox?	1
100cei	1
peaceday	1
ly/bronxcobrathose	1
com/we're	1
co/vityygqx7rrt	1
richer	1
electionday	1
ly/bmhtchecking	1
ireland	1
ly/bsh5gsearch	1
mob	1
espn	1
htt‚Ä¶we	1
sharks	1
co/mwo0mfilssrt	1
co/3zlf3hidwho	1
co/oifvft80	1
espy	1
co/srexp1tzhsrt	1
com/ddtyerhere's	1
ly/9zko0echeck	1
buzzfeedben	1
co/gkez6t8wmgrt	1
books	1
hamiltonanthony	1
lgbt	1
literary	1
republican	1
twitterbusiness	1
personalized	1
fest	1
co/ney2m3sdiu	1
co/b	1
federal	1
co/7og8zz2revealed	1
hockey	1
revisit	1
ly/i3xax1psa	1
140th	1
co/n0kq85tjds	1
sketchlarry	1
co/vhbohtcgintroducing	1
msf	1
com/c7qr4eupdate	1
co/sizdwuzv	1
television's	1
hokuleawwv	1
co/m	1
cleaner	1
failed	1
co/8gh7squetailored	1
rlrunway	1
co/hwxwcbtevjrt	1
mrtall	1
co/zjosl‚Ä¶twitter	1
esta	1
co/o7q7xjbyobrt	1
co/tzx8sonvtwitter	1
co/rq9rhoz	1
fortunemagazine‚Äôs	1
mymomtweetsyour	1
twtvite	1
co/agxbqxfs9e	1
asteroid	1
experie	1
co/6wukwmoqon	1
talks	1
urdu	1
co/znv5fbmytyrt	1
12am-4pm	1
com/dhwyb2opportunity	1
mx/	1
5tofollowwe	1
notified	1
dessert	1
latinbillboards	1
prepares	1
ladygagaour	1
francis	1
jointheflocknfl	1
providers	1
millionseconds	1
5,500	1
ki-moon	1
urge	1
sonnets	1
co/ty4fuigetrit's	1
aoloriginals	1
barcelona	1
twitter‚Äîis	1
co/weinu8lat9	1
educate	1
moving	1
/‚Ä¶two	1
upgrade	1
chalktoss	1
their¬†breath	1
awesome-er	1
icenhauers	1
co/xrcugnikthe	1
ly/o9j52tuning	1
mtvmovieawards	1
selection	1
co/jatzxvbuv6we're	1
co/8itofjlbse	1
hand-in-hand	1
returns	1
aboard	1
detail	1
glimmers	1
telstra	1
chirp;	1
‚öæÔ∏èrt	1
co/no6khi‚Ä¶rt	1
ly/9tslezreminder	1
chirp?	1
donveto!we	1
co/jvrynxv	1
sleep	1
hungry	1
e-coli	1
co/q457dqlnecweird	1
flocking	1
carlreiner	1
ly/6ppfy6twitter	1
certified	1
co/kof0wnjfazrt	1
unlimited	1
highlighted	1
bliptv	1
predictions	1
pushing	1
co/8kpzmyq4picture	1
slam	1
weird	1
co/sjwgfngduirt	1
galleries	1
ly/mgffmrocking	1
jeremy	1
sonos	1
co/mibn7jhwrt	1
nl/nfjt1vaccounts	1
abc's	1
(amp	1
co/iw5ki‚Ä¶rt	1
drbiden	1
twittershopping	1
co/9hykofy	1
usgsted	1
hlep	1
surrender	1
(0-5	1
com/cesnokthe	1
co/xitbero2we've	1
wrote	1
twitter-sourced	1
internationalliteracyday	1
ghincapie	1
com/dgq3tdmore	1
volume	1
debate;	1
casts	1
ricky_martin	1
co/mm55shw8vprt	1
fflick	1
that‚Äôs	1
whodunit	1
punches	1
com/l5goyvmaintenance	1
ride	1
medan	1
medal	1
showcases	1
satellite	1
ly/bkuuadplease	1
co/5eqx‚Ä¶introducing	1
vijaya	1
co/3jegrrhcobtrd	1
–¥—è–∫—É—é	1
co/yk1bcvs24jcowabunga	1
rice	1
kamokow	1
visited	1
wines!tweet	1
inconsistency	1
copyright	1
release	1
ly/zui6eexiting	1
rolled	1
/‚Ä¶acts	1
grivlin	1
judge	1
com/mo7ae4what	1
nao	1
timtebow	1
coldplayugly	1
thousands	1
wanna	1
relevance	1
co/a6rz5zr20grt	1
co/opjyzh2lrovia	1
ly/15yu2emissing	1
chelsea	1
creators	1
savor	1
co/80m342mey0	1
remind	1
co/t2x74mh3ud	1
commentators	1
davewiner	1
co/kxte	1
co/4cmmo2edcewhat	1
fandango	1
blockages	1
co/a1fn2h1jrt	1
couch‚Äù	1
co/5cn5blck11rt	1
joinniche!	1
co/zxhw2r9kvc	1
co/v4au41iwaart	1
üê¢üçï	1
co/l2hucpp	1
co/gxyamha	1
tops	1
one-stop-shop	1
ned	1
co/4tktg6rnjtincredible	1
ly/9rthx0	1
indigenous	1
5,531	1
co/knv3qvsvossee	1
co/nxjc8vqhyq	1
co/aksirr2xblackberry	1
co/dqzppl6	1
co/qjv8bgzthe	1
ev's	1
tweets-per-second	1
cnbc	1
vmas-awesome	1
com/c5kxa5warning	1
follow/unfollow	1
ly/4xrf8uabonnez-vous	1
canada=no	1
(twitter	1
fatherhood	1
nyfwcheck	1
co/6wowurus	1
snappytv	1
‡§®‡§Æ‡§∏‡•ç‡§§‡•á	1
steelers?	1
ios7	1
co/mahleinkqlrt	1
spurious	1
com/mrrpfmtwitter	1
co/ef0jmyktut	1
ifgagarantwitter	1
co/qzeia1j4	1
locally	1
http‚Ä¶we‚Äôre	1
co/owqb6ixvm8	1
bizzardof2015	1
music's	1
ly/97ngr4are	1
co/yvwxfft9cltwitter	1
zappos	1
uconnmbb	1
dictionary	1
newgirl	1
recount	1
youcanguesstherest	1
$500	1
bucks	1
cup's	1
science?	1
co/svds9v8ubwwow	1
ly/97kfbytwitter	1
twindexrecord	1
mechanism	1
co/pawvukgjhkrt	1
welcometotwittertrends	1
com/6bw4j3search	1
verticals	1
ly/4oozx¬øqu√©	1
co/k7qa9hy1eodirect	1
co/d3czfinwhat	1
job!feathers	1
understood	1
supported	1
maypac	1
co/01azsbwzwqhow	1
ly/2pdfjllists	1
unclickable	1
royals	1
collabs	1
latceriy	1
portland	1
co/tupm91fagglive	1
hooking	1
periscopers	1
co/kx8zyobmbe	1
imagine	1
girl	1
firefoxtwitterrt	1
twittergood	1
involving	1
co/hb7jinn5yqq&a	1
hidden	1
noe	1
graduates	1
com/5akqp4missing	1
drops	1
statement	1
factswithoutwikipediart	1
twitter4politics	1
co/k8xak4cp2nhere	1
toys	1
exchange?	1
can‚Äôt	1
richarddeitsch	1
detailed	1
timely	1
co/phkfqzoiawuse	1
battles	1
letsflylet's	1
paws?	1
co/gh20415krert	1
common?	1
cacao	1
co/orcszidureading	1
co/qqmotjap	1
dashboard	1
promising	1
tweetingwithmittens	1
nokia	1
nationalpunctuationday	1
counsel	1
nrf	1
co/vgogbupxk7rt	1
twote	1
ffrt	1
co/azzdzicwexcited	1
com/am22prthe	1
what?	1
enabled	1
com/5bpyggprofile	1
petajkt	1
modern	1
co/ww4wu5kiqtbring	1
intermittencies	1
co/3gqtirob07to	1
tweetcast	1
com/cpwc73trouble	1
kickoff?	1
usat	1
ilooklikeanengineer	1
twitterart	1
out!adam	1
chalkedoutrt	1
wrong	1
ly/xleqointeresting	1
presses‚Äîtips	1
heads	1
mallikala	1
certain	1
*think*	1
festivals	1
co/sa8wcht58yrt	1
co/mje7dqrd	1
halloween	1
overflow	1
robots	1
co/glgwud3bstars	1
one-on-one	1
intrigue	1
drakkardnoir	1
ly/7omvgour	1
patience!!!twitter	1
co/ak59rj40usrt	1
co/46m9l0j	1
com/4jn7sobad	1
please‚Ä¶	1
andre	1
thth?	1
shortcuts	1
snappier	1
co/chzqdbacgurt	1
collaborated	1
co/xhzl3t9sa4	1
fares	1
co/gr‚Ä¶out	1
hottest	1
co/wz1fiulw	1
approaches	1
shine	1
(biz	1
htmla	1
co/wqt4vnu	1
co/fewqseu	1
co/gpcan7yxgwvia	1
com/abq28bimage	1
giant	1
state-by-state	1
com/bzll74many	1
‚Ä¶bff	1
ly/t0yowlondon	1
ru/photo/177	1
heforshe	1
empathic	1
mopub	1
co/0a02gajrui	1
puppy	1
ukraine	1
5yrs	1
co/ku8e7wqz	1
correspondents	1
Ìä∏ÏúÑÌÑ∞	1
‚ï±‚ï±‚ï≠‚îÅ‚îÅ‚îÅ‚îÅ‚ïÆ‚ï±‚ï±‚ï≠‚îÅ‚îÅ‚îÅ‚îÅ‚ïÆ	1
ly/9ehyi9promoted	1
customize	1
co/deghvvedid	1
kr/p/6lcktpgreat	1
co/whnznvkvwwnew	1
com/9lynozever	1
recapped	1
co/o‚Ä¶rt	1
co/d‚Ä¶rt	1
1mil	1
co/ho1c5rru	1
co/tdbvgx48c6we	1
deleted	1
com/9w3rxycatching	1
children‚Äôs	1
com/5dqqjzsystems	1
superstar	1
information!super	1
sharkweekrt	1
graphics	1
museums	1
co/psfqvng2bkrt	1
co/4mxjqweztb	1
strikeouts	1
chairs	1
ly/g8mdothanks	1
warning	1
co/h0zbynr8want	1
co/o4esv6wv5urt	1
guitarist	1
com/6pqsgmfacebook	1
glassdoor's	1
‚ï±‚ï≠‚î´‚ñ≥‚ñ≥‚ñ≥‚ñ≥‚î£‚ïÆ‚ï±‚ï∞‚îÅ‚îÅ‚îÅ‚îÅ‚ïØ	1
co/8bchs7zzlurt	1
browsers	1
autoplay	1
co/fsmumejoo1rt	1
katyperry	1
co/hunu1nmh1a	1
commenting	1
storm!we're	1
(1/2	1
co/yyngaeieveryone	1
(1/3	1
com/bwfn8rupdates	1
co/rtsktq9fmm	1
co/k9zqg5ntg0the	1
co/puswdoo83i	1
json	1
co/48zqqubqle	1
co/hlpww7rv	1
co/tgqtlig2fz	1
let‚Äôs	1
co/3wdbsgd5zo	1
logged-in	1
ready?here	1
sharknado	1
hashtagiversary	1
bradley	1
tip-off	1
significantly	1
feathersday	1
practice	1
co/gthqtbm‚Ä¶you	1
groundbreaking	1
ipod	1
saveur	1
co/zmbhikwfbfhalloween	1
michaeljackson's	1
puck	1
intimidating	1
drag	1
ly/i8cj3trouble	1
bakery	1
holiday!we're	1
commercials	1
co/e5ortsqnc6we're	1
letour	1
escaping	1
why?	1
jennagreen	1
co/sw83l8paod	1
mashablert	1
/‚Ä¶happening	1
co/nhc4w7mi	1
amplify	1
co/vmmak9c	1
co/yrdkxd26al	1
digest	1
co/u0mobfo9o8rt	1
co/o8obwvythere's	1
peak;	1
contender	1
revolving	1
co/qwos9lx	1
co/xcv5nzdwe've	1
co/qnp1d70xhere's	1
ly/yafnflove	1
co/jqaojhvnibrt	1
party!a	1
ŸäÿØŸÑŸàŸÜ	1
cnntech	1
complete	1
personified	1
synchronized	1
tuiteo	1
com/b8989v	1
co/pv9ehptfrom	1
co/13rdmr8tceread	1
roomtoread!looking	1
tchochocolate	1
bonesonfox's	1
claim	1
noah	1
(approx	1
brian	1
unplanned	1
mother's	1
girlsbuild	1
com/cjajqksome	1
personalize	1
co/h21vlhz‚Ä¶in	1
expand	1
co/7apfeusp	1
headquarters	1
thequeentweetsrt	1
oldspice	1
outbreaks	1
co/mros78jajh	1
co/kitco7mirt	1
columbus	1
ly/byhj7mit's	1
davidblaine	1
co/kj0kuf1related	1
fasting	1
co/yjhzjqytnprt	1
bit!planned	1
therealbuzz	1
ly/9yn30flong	1
twestivalwe	1
friendlies	1
pretty	1
recover	1
determine	1
follow?	1
prattprattpratt	1
telemundo's	1
co/‚Ä¶life	1
ly/b914rd	1
everyone!we've	1
com/2010/06/links-and-twitter-length-shouldnt	1
firstdayoffall	1
drew	1
ly/3zvohy	1
co/yog88fqcsee	1
com/cfawgtupdate	1
portugaltheman	1
okc	1
co/1kaotwsuwe're	1
promised	1
co/aygxbn2rt	1
co/kr71so8vzqyours	1
speaking	1
shifts	1
diploma	1
haciendo?	1
+447624800379	1
modular	1
co/dga3n3ikwg	1
gotta	1
com/n4565vsms	1
family?	1
iwdhonoring	1
party's	1
100bestcos	1
networks'	1
nationalsmoresday	1
com/2008/09/changes-afoot	1
lolla2015	1
spiritday	1
yogi	1
checking	1
archives	1
co/qy3wxnmgexpand	1
co/302ruropkr	1
co/mb6qjjp8dmrt	1
co/frco5vrhd1rt	1
george	1
7p/4e	1
caution	1
freshen	1
counts;	1
co/8c0nqpyvqcrt	1
co/rcvxa6tkpx	1
craziest	1
ly/3kwwheupdate	1
pull	1
co/guiilgkpnow	1
co/pqux‚Ä¶rt	1
assist	1
dschwen	1
co/5av8rkw4	1
chairman!we're	1
co/qvi3akcrt	1
co/hbymuwd5v2if	1
27722	1
co/8dfsgdvcool	1
co/vjsk2voz‚Ä¶who	1
trustworthiness	1
markwarner	1
regularly	1
co/x43oimdgf5today	1
-->	1
co/1rhzpywfollowing	1
com/rt	1
opt	1
‚Äòfarewell‚Äò	1
co/mgv32sxheirt	1
co/zandyg7mrgwe‚Äôre	1
drop	1
euro	1
nola	1
cold	1
co/rvncsq85llrt	1
expandinghorizonsintroducing	1
com/78plahduring	1
liek	1
am√©rica	1
appwednesdaysalute	1
co/vvd3wkn2getwitter	1
co/xp3b746rt	1
co/lzs4yehnew	1
fiesta	1
blip	1
wide	1
ly/jnfxlit's	1
pressure's	1
com/cy6k2ubringing	1
800%	1
succeed	1
proportions	1
tagging	1
driver's	1
trammell	1
co/l5cr4vbprlgroup	1
co/k6rxonraktit's	1
üá´üá∑	1
ly/mv6hgmovie	1
giveitaway	1
cornell	1
lovewhereyouwork	1
co/wezvaz3	1
kzaleski	1
co/qmmynyhusing	1
co/ltiuf9d	1
inability	1
method	1
streams	1
howloweenpets	1
5yearsmaking	1
nasa!another	1
cremebruleecart	1
pejpew	1
com/cs37ccsome	1
com/7qv9sryay	1
com/2009/12/update-on-last-nights-dns-disruption	1
ly/975vdrfollow	1
com/4269dzthursday	1
insiders	1
co/danl6ajki6	1
cope	1
twtrannouncement	1
(thx	1
eatcurbside	1
narendramodi¬†has	1
transcript	1
noon	1
(the	1
co/bcknjohmg7	1
clooney	1
30am	1
staleness	1
jay-z's	1
askhillary	1
13-hour	1
mentioning	1
tw1tt3rart	1
piggyback	1
amazed	1
puts	1
invictuslondon	1
earthquake-related	1
copa	1
co/ruibwv4b9xexclusive	1
needhelp	1
practices?	1
co/zrfhytfkdpgiving	1
roses	1
nord	1
com/4lae6uemail	1
co/5tq9jbl6let	1
co/aok85fz4it's	1
Êó•È£ü	1
co/xkz1rgjtwitter	1
publishers	1
cory	1
co/8gfo41we6yjust	1
development	1
resource	1
ly/2hz7hegetting	1
katrinabook	1
dary	1
peterchernin	1
ending	1
bluefinlabs	1
hoursmaking	1
co/ygisjpghak	1
twaudio	1
ŸÖÿµÿ±Ÿäÿ©	1
line	1
recovery	1
co/oehung7rpx14	1
co/cm3hz7ajcspeople	1
wendys	1
appwednesdaydid	1
com/rxxodctrouble	1
co/‚Ä¶with	1
co/rffxtfrwt7	1
xgames	1
you!	1
co/hs4g0issay	1
warmest	1
confidence	1
dictator	1
groups	1
watch?rt	1
picchu	1
readability	1
soon!twitter	1
mownow	1
co/pnnhzfj	1
coned	1
semarang	1
non-profits	1
twitteramplify	1
day?	1
com/cjoqpbcontinuing	1
co/vqb8osgkuh	1
by!trends	1
now?	1
co/106h7cj6ga	1
devices	1
journalism	1
journalist	1
thankyourt	1
co/zcln7z8qrt	1
historically	1
comedyfest	1
adambain	1
yellow	1
ly/bnlzj	1
howtwitterhelpsmecope	1
co/wtjyjuyn	1
co/nlex8omvwgrt	1
co/wl5oph98rt	1
co/xrenlanl	1
ccrhaetars	1
deliciously	1
cannes2015	1
co/xxtpokicdo	1
americans	1
persistence	1
france!brief	1
(2/3	1
discuss	1
co/wyetzpnrcart	1
co/8pc1wwhtwitter	1
roaring	1
jan25	1
pak	1
co/jwsswjzrt	1
par	1
ly/8cirnwe're	1
buypens	1
pay	1
enormous	1
describetwitterin3wordsgo	1
co/z9q0nw3wervia	1
co/kekf2xb	1
preserving	1
chile	1
janetjackson	1
manning	1
co/1kxytd2kvu	1
co/5o9wopkt3dcelebrate	1
deluka	1
name‚Äù	1
wisdom	1
htmlseeing	1
ly/tweet-in-param	1
outfits	1
co/uihcplu	1
perform	1
vimeo	1
com/cckgnzupdate	1
vine's	1
co/sybjt6wmwhat	1
pdt	1
medvedev's	1
ly/2igzgv	1
kr/p/7h1noyhad	1
ly/6rempcinvestigating	1
central‚Äîwill	1
co/0erh8nbeox	1
scripted	1
janetvh	1
africa	1
sfgtweetup	1
slowly	1
meetingsmaking	1
button?	1
co/ui3htd33you	1
co/6hehtyexrt	1
loving	1
co/cikjrf8inm	1
co/r9vlai7rt	1
co/3vxva27	1
harvardbiz	1
ly/4c8hvv	1
com/6zw85supdate	1
com/abjp2yunable	1
t-day?	1
kinds	1
listos	1
comworking	1
co/o1dmqlujcutwitter	1
co/dktl0euwatch	1
co/lri89js9	1
com/d97zkutwitter	1
rapped	1
violence	1
tailgates	1
co/y47cyzfr‚Ä¶twitter	1
co/kelbo6e‚Ä¶see	1
askstate	1
co/lmsw62wqv3happening	1
impressions	1
co/2shjujvbc0rt	1
com/4om6vdwe're	1
updated!welcome	1
misdirected	1
hacked	1
alicewaters	1
co/rhnhr014our	1
ly/dhq3fffollow	1
co/6fkrykvgq4learn	1
co/scgn5dhuaart	1
p/ship	1
co/exdqhvwfxj	1
co/74scus‚Ä¶building	1
pin	1
evangoldberg	1
dataofnowrt	1
members	1
'sunflower	1
ly/clzzwpwe're	1
apoloohno	1
spielberg	1
unfollowing	1
co/jygxwdxemhrt	1
com/59k3jzwhales	1
hardwithoutshoes	1
spooky	1
jasoncosta	1
co/mgjiblssil4/9	1
co/fsd1g2rmbm	1
rising	1
co/fic24avthe	1
ly/j7mre	1
kr/p/7tdjygread	1
co/pmdbycvdrt	1
fridai	1
co/3nprjm9xe6	1
diccionario	1
co/yhowr4ldnw	1
follow?follow	1
worldaidsday	1
explanations	1
victim	1
redeem	1
kr/p/7vhj6bto	1
co/gurs9ymy4k	1
co/2vn2jrmhv5rt	1
buttons	1
co/tfvzio34zr8/9	1
go!rt	1
chief	1
myanmar	1
contributing	1
co/wocyj9lÌïúÍ∏Ä	1
kicked	1
italian	1
com/6djzybsunday	1
followed	1
laden's	1
jessica	1
co/i8zllwslive	1
maritza	1
co/ihze3hmbour	1
cpen	1
fantastic	1
co/qik4abymdert	1
credited	1
co/nji5oykzs1welcome	1
co/yquet8ae	1
blizzardof2015	1
accessibility	1
ly/rcl3jthere's	1
favoriting	1
buildsstale	1
co/nom7nnl9	1
adalovelaceday	1
lawrence	1
12/15	1
museummodernart	1
apprentice	1
co/mz94bcaithrt	1
chrismessina	1
landed	1
began	1
bueno	1
endaids	1
co/4cv0r‚Ä¶rt	1
viewable	1
stanford	1
co/gclplhkb43happy	1
actions	1
fran√ßais	1
sunrise	1
kompolt4good	1
sinow	1
co/ynee2jvw	1
co/ujr3lzjm	1
clairewback	1
seesmic	1
prize	1
com/5e3u5zsearch	1
co/o23rms2jrt	1
ly/n7zuunable	1
por	1
co/p34acakcjkrt	1
gives	1
emerging	1
(among	1
co/kypsmhedrt	1
twitter_fr	1
interning	1
shaping	1
tweetie	1
co/rdadcny825	1
co/akbevysthe	1
co/1fggyzzrrt	1
two-way	1
co/kt3eb6rsfwusing	1
visualised	1
representatives	1
feelings	1
com/invitations/gmaillaunching	1
co/lhqquijlin	1
ly/o24piback	1
thankateachertwitter	1
kentuckymbb	1
co/mtwbkoypewrt	1
letsbefrank	1
given	1
d‚Ä¶rt	1
pre	1
net/registermore	1
mozilla	1
freed	1
hubcap	1
secrets	1
co/icjvbhrgwnchallenging	1
boreanz	1
sfbusinesstimes	1
secclinton	1
et/10	1
psa	1
com/ckqwdztwitter	1
ly/n9sezcitizen	1
com/53y8tbfixed	1
scdebate	1
ly/fk6eqg	1
lovetheatre	1
co/o8ux3knprt	1
com/korc4qkoobface	1
co/fvwg77qfiz	1
premiere	1
makelifebetterin3words	1
co/s5qg3lfcan	1
com/5xl2x8with	1
co/kvigasoj8ahi	1
robinroberts	1
co/ta47qq7	1
pud	1
pricing	1
co/gzuv5lbvqcrt	1
joinredhelp	1
robertfountain	1
bradmccarty	1
npos	1
you‚Äîsee	1
co/o9zccl1swj	1
co/augboib3uprt	1
üòçüòÉüòÇ	1
happening?	1
tweetchat	1
it‚Ä¶‚Äô	1
co/rj8omh0viwit	1
light	1
mylights	1
valuable	1
ly/av8fkjai	1
twitter_ph	1
blackjoelewis	1
co/wkbemorxnw	1
gregson	1
com/blxy3wkeep	1
co/un0lv1dj	1
theme	1
clicking	1
cop21	1
touching	1
co/zetwd9k	1
happyhalloween	1
organized	1
tab?	1
tweetdeck?	1
tweetdeck;	1
intensified	1
morning;	1
consider	1
co/eirwnqgpcxcelebrating	1
ÿßŸÑŸÖÿµÿ±Ÿä	1
ly/1j8yfwtrouble	1
retailers	1
rugby	1
co/yw05kvribdthough	1
co/vqthvrhxcirt	1
flooding	1
yosemite	1
ly/5bxciacan't	1
co/tyooiw9channeling	1
iamsrk	1
12/31	1
credentials	1
co/sfks2sqch4	1
photojournalism	1
tweetbeat	1
galifianakis	1
percent	1
co/1r8w4hkf7owindows	1
humanizes	1
com/dckdkla	1
drama's	1
juliusrt	1
companiestonight's	1
jdaygolf	1
process	1
appletv	1
geographermusic	1
clear	1
quakebook	1
marking¬†	1
co/kg3kaktdrt	1
neither	1
cooper	1
board‚Äôs	1
ly/anrxtf	1
hurry	1
re-enabled	1
blood‚Äù	1
co/bglnewacji	1
com/69ncwxcontinued	1
co/hwawyf3i	1
sorrynotsorry	1
com/twitter101correcting	1
worldmalariaday	1
co/0mzw3zkwa8	1
speakbeautiful	1
hunting	1
com/6c4qsgtuesday	1
happeh	1
ht‚Ä¶miss	1
atlantis	1
beijing20	1
atlantic	1
trying	1
co/1o7iq0fmz8	1
soooo	1
(3/3	1
al3x	1
thx!with	1
creme	1
primetimeemmys	1
bottle	1
involvement	1
peter	1
twitter4goodweather	1
seat?	1
beatbox	1
co/‚Ä¶starting	1
spreads	1
webcast	1
askpotus	1
ly/tfpzrsweet	1
tells	1
june	1
timepoyrt	1
mlk50	1
co/i46firo	1
glee	1
co/gcfczgd7more	1
represent	1
goteamusa	1
ralfonsi's	1
co/s3dpiyzjafrt	1
com/at7c55we're	1
co/hgpvq8f6rt	1
paristweetup	1
trail	1
com/59rcpxdeletion	1
defcon?	1
worldtranslationday	1
craigatfema	1
co/n0eqvmtplatin	1
2000	1
co/acowdjfethe	1
researching	1
co/zdrgwvm	1
co/5cwoaov	1
co/49pla4a1jjrt	1
co/tts7cuud3urt	1
co/h9b6nfg1tp	1
co/gxr3ikr2gtthere	1
co/dxkcgweoba	1
co/qgk1zhsojb2/9	1
2006	1
co/mwbx0paqln	1
co/jp5dhhnwrt	1
diego	1
taylorswift13	1
m√°s	1
troy	1
respects	1
hometown	1
cristiano	1
affects	1
discovertwitterrt	1
angie's	1
hole	1
co/zw8kifvsrt	1
co/9txsljeo33	1
co/pdgwjyhhow	1
unshaken	1
co/xod2jdq‚Ä¶the	1
explain	1
sparkle	1
taps	1
ellemagazine	1
co/ggwou3ijqirt	1
hashtag?	1
tablet	1
tables	1
co/0dm8oscstill	1
thequeue	1
co/3pvoqrert	1
ly/9ibm8k	1
com/57y4w2data	1
co/jeedpwrusian	1
31st	1
funniest	1
co/cau8pnn	1
co/vzymzqbfybrt	1
heavy	1
co/sbzfb8k	1
co/1gohsufmejegg-cellent	1
writeup	1
hindu	1
com/bookwe're	1
twitpocalypse	1
dragons	1
yfrog	1
innovator‚Äôs	1
painted	1
co/uuer0lkwhi	1
dives	1
hope4japandon't	1
seafloor	1
co/xo9k2ldxxfwe‚Äôre	1
austin	1
co/b9qrptopintroducing	1
co/uo9ytvpat	1
co/z7uapzkosg	1
ly/2dnb0bhere's	1
tweets'	1
co/1v6	1
co/ik31aisk6uwe're	1
co/henwuyhk9h	1
besties	1
noobie	1
co/3nz0josy;	1
tweets;	1
evening	1
(next	1
rickygervais	1
co/a0ogi0p	1
star-filled	1
serve	1
richardbranson	1
seats	1
tweettr	1
importing	1
co/2x5bfxuand	1
armisticeday	1
phone?	1
occur	1
tate	1
co/ihbqdecffhcricket	1
co/rdksfbgdte	1
seriously	1
fill	1
hears	1
moxsie	1
heart	1
28,003	1
kr/p/7thqnxdiving	1
/‚Ä¶watch	1
scientists	1
rtforliteracy	1
co/ypsa9ob	1
nepal	1
racked	1
since	1
co/gqgl8tcxqecelebrate	1
soul	1
firsttweetthanks	1
appears	1
driftwood	1
ly/ze3oc	1
co/j3y18j3qyou	1
co/jnk4krei	1
leadership	1
ranked	1
c‚Ä¶celebrate	1
experienced	1
execution	1
ly/8fmeoawow	1
co/29ayzbmu6j	1
livestream	1
b/c	1
merchants	1
resolutions?	1
ly/chjb9wrt	1
ring!rt	1
takethecrown	1
iliadlive	1
alicepyne	1
co/rumbrpd98grt	1
stormtroopers	1
co/nigmvndfc9	1
sticking	1
co/iasqt9pjhstweet	1
we‚Äîand	1
ballondor	1
tiger	1
sb44last	1
enthusiastic	1
blacklivesmatter‚Äù	1
co/jjkqobelfeedback	1
11-15	1
com/9sste4	1
com/2010/04/take-me-out-to-tweetup	1
üåèrt	1
com/worldcuprt	1
co/apbruv0srhsmart	1
com/45s2dxwednesday	1
collecting	1
letsflya	1
ashtiani;	1
govts	1
teaming	1
co/smuswqslike	1
nominal	1
unless	1
perspective	1
co/inhsfzy3ed	1
zombies	1
co/ivy9ihu	1
followcmt	1
updates?	1
co/dh49tinxzblearn	1
usainbolt	1
socialtv	1
co/hctodglseq	1
twitterpoetryclub	1
patience!twitter	1
ly/bn1pnert	1
paraguay/brazil	1
co/d1pw3o667wrt	1
co/iw7bymstthe	1
co/gjrivdbm04learn	1
co/igqslvcpy7rt	1
song?rt	1
holidaygiving	1
monumental	1
co/tnibyyvwoops	1
goers	1
co/ah5vqibwlet's	1
co/cokfdeqlrt	1
hunger	1
back-to-back	1
squad	1
co/z4‚Ä¶explore	1
co/f2gqxkahear	1
rough	1
wowza	1
assistance	1
commerce	1
ly/kyyq6	1
ly/jkmbkrt	1
schedules	1
wants	1
causal	1
summary	1
co/yb3seqnkppwant	1
madness	1
co/e6mscb0rt	1
htmlnow	1
ly/ccomjcongrats	1
mosquito	1
appier	1
cnnaot	1
timeline?	1
osama	1
netneutrality	1
dances	1
price	1
muggles	1
co/mwdkesp9	1
photographer's	1
welcomes	1
resilient	1
agree	1
attending?	1
co/q‚Ä¶rt	1
vma‚Äôs	1
itself	1
versions	1
rockinrio	1
6,162	1
co/clakookand	1
genachowski	1
spain	1
regions	1
donations	1
ÿØÿßÿÆŸÑ	1
ly/1fws8ljust	1
co/5a9mipry6i	1
birds	1
co/g8utwlnvnmwe‚Äôve	1
timeouttokyo	1
com/d8to5bupdate	1
happythanksgiving	1
co/rvsmhwkbrt	1
wherever	1
caused	1
fascinating	1
10,245	1
wikileaks	1
birdy	1
top-tweeted	1
co/ixrkt2p7jkrt	1
love!prove	1
clues	1
kr/p/7bqvp2tweet	1
prefer	1
co/pasjtjym5qour	1
related?	1
co/olvzx57the	1
dipdive	1
beautifies	1
tight	1
outages;	1
com/ypwdq5flitting	1
jfk50	1
reference	1
co/xtcytg0srt	1
com/c6ngsa	1
swedish	1
demonstrates	1
theashcloud	1
football-focused	1
ly/4gr2wyreal-time	1
bottom	1
commitment	1
water-cooler	1
publisher	1
co/ngtmhlmwdt	1
twitteross	1
com/ct4cm5delays	1
co/k25art2jenrt	1
laughs	1
holding	1
on-air	1
co/4ircmnuudg	1
co/ne1qc45xrort	1
co/bbo6qppzyoour	1
co/hej5r8uwe're	1
com/6rn9c9looking	1
co/ykmhw4cjvf	1
airdrop	1
heaviest	1
backtothefutureday	1
multi-year	1
letsflywe've	1
openings	1
co/9g5clvo	1
co/kpvmxxhqgcrt	1
blooming	1
cemented	1
trade	1
mlkdayrt	1
co/tskievzak7	1
co/yw5kzkxa1tsee	1
ÿ≠ŸàŸÑ	1
photoshoot	1
co/vry7cuctesting	1
grapes?	1
com/cqpm2zworking	1
mygreatesthope	1
quote	1
premiostumundo	1
rae	1
co/sxifdzp7uq	1
rag	1
co/xphhmvdnxjputting	1
co/movmi9fcurious	1
raffi's	1
sails	1
45pm	1
maryjblige	1
co/wk0apj03np	1
cultural	1
(they	1
co/dkuq9q74ugthe	1
co/ujcbdse5and	1
isnt	1
essence	1
(est	1
co/d1ex0sojust	1
com/ob56ktesting	1
co/qwhvqzejkgwe've	1
bengali	1
üéârt	1
people!here's	1
com/d5g6q3responding	1
/cnbc	1
midterm	1
5million	1
nytelect	1
abc	1
awarded	1
pulled	1
libretto	1
theinterview	1
interventions	1
yelldesign	1
40,000	1
philae2014	1
spin	1
monday?	1
‚ö°Ô∏ènew	1
twitterstoriesnew	1
act	1
com/4lfx45search	1
yearbook	1
co/69g7w72u7zhere's	1
helped	1
com/6j3ee6search	1
co/tzbxqgxjue	1
ada	1
duplicates	1
issue-by-issue	1
sts134rt	1
co/ulhuqrw	1
sweetridesf	1
co/l9gsh2ccongrats	1
co/qjrwlpxcwqrt	1
exchange	1
faves	1
cbstweetweek	1
co/tmhfbditwitter	1
ya!rt	1
happiness	1
brianwilson38	1
afg	1
thebushcenter	1
jackconnect	1
twitterazzi	1
ly/7twiupdate	1
practicing	1
com/a7ep44odd	1
jess	1
com/4vuxksa	1
co/vwkgk5bxdh	1
co/ttx6f64u	1
modify	1
co/9‚Ä¶on	1
ly/6hdpygsunday	1
aga	1
age	1
iranian	1
beyonce's	1
smaller	1
co/lo2sgjrctb	1
popcorn	1
weekend's	1
knighthood	1
co/4mwspx9announcing	1
rid	1
com/qz3t3hback	1
co/1av1m‚Ä¶now	1
scrolling	1
co/ariqrxqxtweetdeck	1
connects	1
algorithm?	1
co/um8mcv4looking	1
bookersvtourdelighted	1
rio	1
aha	1
ly/wzjkuworking	1
co/g6w5dsqio0honored	1
algorithm	1
ly/bgcpruwatch	1
telepathy	1
co/q6igfw5s	1
downtonabbey	1
co/l04py4gra	1
com/3e5hwm	1
mchammer	1
prattkeeping	1
co/0mzw3zkwa8rt	1
sleeves	1
com/5szdr9looking	1
co/kgc1dmnxgwrt	1
ly/vq3rkmissing	1
‚Äútwitter	1
doubling	1
co/m4foo8dwp4rt	1
‚Äîthe	1
(sidebar	1
ly/bojevxfeel	1
co/gylys0b1fprt	1
visit‚Ä¶rt	1
imaginable	1
women‚Äôs	1
co/kmmeeti8kr	1
com/688uvhfriday	1
meantime	1
ly/1zoukn	1
ly/3d4hflwhy	1
co/kdlxyezp29see	1
ly/17xlclseems	1
ca2011200	1
raisinghope	1
speak2tweet	1
co/eb01bfmnew	1
brains	1
co/3fscmlxt	1
co/tgyljfgymt	1
kevinthau	1
barrels	1
fingertips	1
com/widgetsinbound	1
notificationsrt	1
rno	1
cafe	1
cannes	1
co/vu1ypaafw3	1
lifeline	1
hour?catch	1
vino!timelines	1
following/followers	1
btballenger	1
ratios	1
reelection	1
22,087	1
potus	1
million-tweet	1
ly/4r4fwgscheduled	1
kayvz	1
here2help	1
malay!something	1
dayspeople	1
aol	1
co/6jvzb4r2new	1
ly/5l0vak	1
co/0uvc9f5svmrt	1
oxford	1
hires	1
hired	1
co/mzdpbk3dds	1
dunk	1
com/dmvyrfdefending	1
broke	1
hosts	1
search!	1
mount	1
alex	1
territories	1
sunday's	1
mentions?	1
turbocharging	1
motherjones	1
fun!people	1
inspiring	1
cookies	1
ly/7tckgm	1
arg	1
com/2f9rcpblogging	1
co/j6ubwrmniu	1
co/amxj26ernew	1
malware	1
noticed	1
rts	1
notices	1
call	1
dubnation	1
farmersmarket	1
asg	1
theworldislistening	1
co/nadjssixrt	1
codebase	1
ash	1
serena	1
tweeters	1
gakuranman	1
philipjohn	1
tweet's	1
becoming	1
floydmayweather	1
strength	1
officer	1
offices	1
co/oqjjzc3discover	1
co/vagewl9pbjrt	1
mother	1
all?	1
neighbors	1
warriors	1
out;	1
co/746sy1in5t	1
ly/4dbs07was	1
att	1
grammylatinowant	1
‚è™üëÜ‚è©	1
co/zs6gpgbtwitter	1
instability	1
neighborhood	1
aus	1
co/qoko9bvyesterday	1
benefits	1
pagination	1
mood	1
co/qem3vmmz8fwelcome	1
slideshare	1
jockey	1
com/nscjfxrestoring	1
kicking	1
defend	1
lately?	1
napa	1
co/qst1ggfvle	1
co/b0n4ffhx	1
co/t8i0mzefit's	1
snowden	1
bone	1
usatoday	1
co/nkd6pkhsvirt	1
frappaccinos	1
ly/bwcp57	1
co/ph5a8q9ujz	1
co/ze2mzpkp9hgrab	1
co/f0ag6ziyupdates	1
cape	1
nhlfaceoff	1
leader	1
co/yqzmxudc	1
co/4q4rpzumph	1
experimental	1
amnesty	1
bookmarklet	1
ripnelsonmandela	1
jazzfest	1
officials	1
tv's	1
participating	1
co/8a6hrv3g	1
greater	1
generation	1
it'll	1
item	1
rainnwilson	1
ly/gw1gort	1
all¬†	1
organization?	1
com/pc9n6duser	1
stackexchange	1
jungle	1
moonwalk?	1
co/grbaxalart	1
care	1
participation	1
patient!twitter	1
localized	1
coolhaus	1
ly/aeqw0apparently	1
co/6gxjuyiis	1
mannypacquiao	1
co/pgiytoqygi	1
co/yt7qfxacvdrt	1
born	1
slim404	1
tweetsmarter	1
freeman	1
beautifully	1
spurs	1
unicorns	1
s_c_'s	1
(h/t	1
co/itfiu8u	1
forbes	1
momentarily	1
co/xw2ktu5qqktoday	1
grazeriscurious	1
spiked	1
co/rpwxhly	1
ly/1i0ernsome	1
percentage	1
continues;	1
ly/7q12fbworking	1
com/p8lojnfixing	1
co/mtrpyskgynrt	1
eclecticmethod‚Äìcome	1
co/wq8vdpm	1
co/‚Ä¶we're	1
ly/rfgftwhat's	1
com/cro59cwe're	1
affection	1
appwednesdaywrong	1
com/5nh6dqtwitter	1
affecting	1
malaria	1
interactions	1
mondaymotivation	1
co/wyzitpointroducing	1
patient	1
friendshipday	1
nyeonvine	1
pope‚Äôs	1
moderators	1
co/ug6brzcwtalking	1
seacrest	1
sat	1
ly/zgs6thappy	1
com/q2hs25biz	1
twitterhere's	1
ly/6vxcg	1
folksworking	1
chompdown	1
co/bmvwpotaqxcurious	1
bb8	1
treating	1
simply	1
co/mfethl4sffintroducing	1
bad	1
co/ptewi5s5ynrt	1
co/0o6vssislsrt	1
billboard's	1
ly/7prtmtresponding	1
bam	1
dynamite	1
co/3rtdotyen1what	1
co/jc9gaubdnrour	1
herdict	1
sco	1
happybirthdayshakespeare	1
nationaldoughnutday?	1
co/jbaurhkkbkrt	1
ly/aeqb0ydon't	1
co/pqgxqxnfiqyour	1
day-to-day	1
submitted	1
co/ok8q3evthere's	1
co/h3w3v27rknwe've	1
dean	1
abuse	1
ly/c0ldc6retweet	1
incorporaci√≥n	1
co/lhujiii	1
co/ogxwpvy1zg	1
co/hlwnoqagcmone	1
bcs	1
co/6oqzvplrjdas	1
nationalcatday	1
co/piuhkwbfcw	1
2200	1
thing!adopt	1
dear	1
sen	1
briangrazer	1
bolstering	1
co/wqjnbqkrzwcelebrating	1
co/h6i4dvaknz	1
co/2zs6x1gwhey	1
ly/9kuyg9congrats	1
com/45y3epsunday	1
com/dhvuplsite	1
cnn's	1
happ‚Ä¶rt	1
oxfordwords	1
compares	1
co/ekncofpnrx	1
250,000	1
donttrythis	1
ly/ramdnword	1
co/c03pjao10b	1
surabaya	1
petition	1
tonyhawk	1
twelfie	1
gnip	1
co/aemmpjoue1	1
co/uupghzgzg1rt	1
com/2009/12/ed-ecco-litaliano	1
365-day	1
co/g3yfuarzgpas	1
bem	1
co/xf4hgsyzacvia	1
hillaryclinton	1
co/3uysavt94t	1
co/cqlnmls9a	1
co/zw1whn0qwwtake	1
faster;	1
30srt	1
phew	1
lancearmstrong	1
franco	1
citizentube	1
urdurt	1
co/4ruanuzvfrom	1
week!rt	1
askeva	1
co/iovgcqzygood	1
goldenglob	1
backstory	1
deep	1
co/ygtdkuiyrt	1
deletions	1
co/vc8cci2gqk	1
worldlionday	1
/cc	1
co/a8imwz7f9wrt	1
co/kglelwcsintroducing	1
ly/giyi	1
com/today	1
slow-motion	1
co/eb01bfmbeautiful	1
themartian	1
tcrn	1
co/sdcncw9t16correction	1
applicatio	1
com/cc5jgzsms	1
telkomsel	1
co/wsclptvcys	1
stroke	1
time‚Äôs	1
ly/xkehqfollowing	1
co/bjlrak7zjzrt	1
bid	1
comprehensive	1
humans	1
summaries	1
com/5lly3fmaintenance	1
co/syuu7yuo4dcelebrate	1
foodandwine	1
jamesfrancotv	1
kr/p/6tamkcfeeling	1
5e/2p	1
advanced	1
bin	1
co/teeaczbort	1
bio	1
icantbreathe‚Äù	1
appwednesdayhere's	1
n‚Ä¶rt	1
co/b71hf26duxrt	1
upgraded	1
convinced	1
co/m0atlqvdthe	1
clemons	1
beside	1
users?	1
co/pyktjtya	1
(feature	1
nflkickoffit's	1
large	1
lgbtq	1
sb47	1
kremlinrussia	1
ly/b51g8ywhat's	1
com/couyd6update	1
leaderboard	1
ly/twitter101doca	1
compromised	1
co/gdklfeqhey	1
co/odfsvnbzrt	1
dallasmavs	1
handicapped	1
angle	1
co/bckxh2zart	1
largo	1
com/al9sscclickjacking	1
tradition	1
co/xkjgmf9	1
wednesday‚Äù	1
implementing	1
recounts	1
amas	1
discovery	1
upgrade?	1
ly/qcz95problems	1
bandung	1
c‚Ä¶no	1
ladieslearningcode	1
intermittent	1
northern	1
icymi	1
co/hp79nrvgfc	1
1-2	1
co/cqutrvfmeet	1
movember's	1
ly/bk5utkincredibly	1
jbruin	1
sox	1
co/zu5h3ak4rt	1
ly/njpcxthanks	1
canberra	1
co/prjs‚Ä¶rt	1
data-driven	1
remarkbly	1
/‚Ä¶long	1
tense	1
!updating	1
co/qinhyckulz	1
khedira's	1
tenth	1
showcasing	1
co/im0‚Ä¶rt	1
box	1
tents	1
petegrillo	1
switch	1
1/2	1
nancypelosi	1
co/cy4epx4ejmrt	1
co/e8qk5i8yf8looking	1
co/wykbmil3q6	1
‚Äòbootstraps‚Äô	1
nature	1
throwback	1
101	1
pageantry	1
co/y3vov0xvroannouncing	1
premierleague	1
shesatease	1
com/qb8y99password	1
county	1
stood	1
co/8gighc6oo0you	1
fighting	1
ponder	1
cfbplayoff	1
justintv	1
geography	1
com/4uv7gpwelcome	1
ÿ£ÿµŸàÿßÿ™	1
co/cjsrovxrt	1
co/a6dkyx2101you	1
10a	1
com/5n54pdfacebook	1
com/c4aojwwe're	1
com/mzqat9sms	1
glory	1
co/frtd9wm7rt	1
ly/2tyxnowe're	1
senrandpaul	1
com/5thzr4we‚Äôre	1
ly/10ijzppost	1
com/ab2xk7working	1
overcome	1
com/c9mmmywe're	1
co/boanm8ktu7	1
ly/2gxmdoelevated	1
sun	1
co/17t1vh4iaknow	1
co/4cuqqcl	1
serving	1
11p	1
current	1
majors	1
managed	1
com/2009/11/think-globally-tweet-locally	1
participants	1
flyfwdgiveback	1
cartoon	1
sponsored	1
co/7awuezeis3	1
tagalog	1
co/dl2nyafxone	1
co/p2tnlkezrt	1
venturing	1
tweetstreet	1
contacts	1
macgill	1
vl!update	1
co/onwsjnhjoin	1
155	1
com/lpekbp	1
generate	1
passion	1
films	1
firehose	1
oracle	1
euromaidan	1
160	1
co/uu8wfj2pthere	1
tube	1
ly/9xij3f	1
nickibluhm	1
11/14	1
remembranceday	1
com/465apqstatus	1
co/n1zp6fhour	1
delivery/password	1
15m	1
deux	1
org/endmalaria	1
tues	1
newprofiles	1
jamboree	1
twittercanada	1
lovely	1
worldemojiday	1
basque	1
ly/izqamplanned	1
co/ai4tokjfsc	1
co/wedkjezread	1
co/4xp4r9eefert	1
booths	1
co/zrm5ghbplanned	1
passing	1
follow?an	1
advertise	1
co/mze4bqn0r4rt	1
zookeepers	1
7166	1
streets	1
tested	1
marlooz	1
mlauer's	1
coming!sms	1
co/dgo332lzog	1
ly/yflmsearch	1
co/phgwiwh6rt	1
whatever's	1
franklinbbq	1
betawards	1
com/c6ngsasearch	1
efficiency	1
rightly	1
ly/reoqkfor	1
https‚Ä¶on	1
ly/ds5c6zhey	1
rt*twitter	1
aolwinwin	1
co/e4lk8e7py9we‚Äôve	1
flag	1
racing	1
james	1
19p	1
mashablefluther	1
faceofbigdata	1
co/wvddxcmbrt	1
hindsight2010who's	1
co/5bqrt6dzrt	1
rock	1
vindo	1
tuit	1
digging	1
un_women	1
7196	1
catalan	1
emotion	1
astro_reid	1
elements	1
47mm	1
rwc2015	1
co/nhhio4rxhow	1
begun	1
hootsuite	1
*please	1
follow-up	1
suspending	1
com/6emk49updates	1
filed	1
‚Ä¶happy	1
tax	1
towards	1
nightrt	1
lovers	1
co/hyfdzeiddid	1
favorite?	1
co/ljd7kwas	1
com/6cxaexupdated	1
covering	1
com/b5m76pworking	1
detonation	1
co/mpsjlzyiburt	1
cal	1
cap	1
co/fioappi0nw	1
nowlive	1
cat	1
tuned!the	1
smooth	1
co/sexmiwwpakthere	1
nyseeuronext	1
co/ckwzvnrba9hockey	1
(wait	1
tdf	1
