ride	55
now	40
new	38
today	37
see	35
get	29
ubericecream	28
partners	28
back	27
uberdata	26
rides	26
request	25
cities	25
driver-partners	25
day	23
help	21
take	21
just	21
every	21
drive	21
riders	20
uberpool	20
like	19
learn	18
driver	18
sixthstar	18
partner	18
w/	18
free	18
business	17
app	17
week	17
uberkittens	16
last	16
travisk	16
world	16
story	16
support	15
proud	15
ubereats	15
thanks	15
snapchat	15
nokidhungry	14
arriving	14
nyc	14
time	14
drivers	14
women	13
around	13
one	13
got	13
uber_nyc	13
city	13
donate	13
weekend	13
periscope	13
safe	13
ubermilitary	12
co/ntp0qzsokz	12
team	12
work	12
love	12
go	12
la	12
ever	12
first	12
username	12
years	12
road	12
share	11
driving	11
home	11
people	11
‚Ä¶rt	11
tomorrow	11
night	10
watch	10
full	10
made	10
way	10
follow	10
whyidrive	10
uberx	10
best	10
future	10
check	9
3millionmeals	9
experience	9
right	9
make	9
look	9
community	9
sf	9
live	9
find	9
through	9
co/zisy9cbh62	9
less	8
$1	8
stay	8
next	8
give	8
madden16	8
want	8
happy	8
together	8
uber_sf	8
add	8
jobs	8
award	8
after	7
delivering	7
making	7
top	7
provide	7
company	7
we‚Äôre	7
ridewithpride	7
across	7
year	7
need	7
thousands	7
co/l9omvy3f1f	7
keep	7
maddonline	7
ended	7
service	7
working	7
uber_la	7
before	7
friends	7
trips	7
read	7
api	7
show	7
helps	7
thinkandride	7
thank	6
traffic	6
hours	6
uberhealth	6
going	6
being	6
capitalone	6
we‚Äôve	6
1st	6
treat	6
‚úì	6
toward	6
family	6
great	6
along	6
bring	6
never	6
hackathon	6
easier	6
create	6
riding	6
ahead	6
uberspringcleaning	6
co/ofkwgu3cuu	6
using	6
card	6
move	6
getting	6
select	6
sign	6
makes	6
tap	6
ridesharing	5
ceo	5
taking	5
save	5
las	5
let	5
donating	5
start	5
minutes	5
jasonderulo	5
helping	5
use	5
veterans	5
surveyed	5
apple	5
whole	5
via	5
designinguber	5
sweet	5
end	5
francisco	5
vegas	5
win	5
ny	5
know	5
life	5
note	5
tonight	5
almost	5
everyone	5
updates	5
put	5
travel	5
mean	5
trip	5
2014	5
austin	5
something	5
favorite	5
fewer	5
exclusive	5
taken	5
san	5
join	5
spg	5
behind	5
key	5
site	5
tbt	5
ready	5
pick	4
|	4
chi	4
order	4
bringing	4
20%	4
introducing	4
uber_chi	4
donation	4
ultimate	4
lot	4
part	4
earn	4
london	4
journey	4
month	4
whyiride	4
met	4
instagram	4
highest	4
ryangraves	4
many	4
apply	4
saved	4
mayor	4
goodwillintl	4
official	4
itgetsbetter	4
partnership	4
town	4
sharing	4
news	4
happened	4
halloween	4
option	4
grow	4
excited	4
innovation	4
flu	4
celebrating	4
needs	4
emissions	4
places	4
seattle	4
months	4
code	4
hundreds	4
donated	4
excellence	4
amazing	4
military	4
april	4
pickup	4
earning	4
rider	4
arrived	4
days	4
co/9slcixl5o2	4
per	4
winner	4
million	4
even	4
integration	4
opportunities	4
members	4
quicksilver	4
late	4
program	4
commute	4
2016	4
since	4
celebrate	4
hunger	4
event	4
uber's	4
covered	4
winners	4
choose	4
tuned	4
valentine	4
cars	4
care	4
petition	4
big	4
reduce	4
drunk	3
‚Äù	3
hosting	3
turn	3
tip	3
others	3
better	3
well	3
went	3
starpoints	3
led	3
les	3
season	3
enter	3
redcross	3
meals	3
today's	3
tell	3
uber_vegas	3
chicago	3
thrilled	3
grateful	3
launching	3
$5	3
miss	3
littlethings	3
jonathangaurano	3
ywcachicago	3
cheapest	3
year's	3
20	3
shared	3
childhood	3
50	3
incredible	3
healthy	3
reliable	3
enjoy	3
flexibility	3
winter	3
platform	3
music	3
economy	3
stop	3
uberuk	3
eta	3
nfl	3
eve	3
ring	3
countries	3
apps	3
features	3
might	3
co/d2vbtgz01j	3
supporting	3
catch	3
lives	3
receiving	3
justgotbetter	3
sure	3
looking	3
americanexpress	3
uberevents	3
ft	3
let‚Äôs	3
wsj	3
vets	3
fun	3
dream	3
nc	3
keys	3
appstore	3
brand	3
uberon	3
spotify	3
started	3
uber_india	3
details	3
ensure	3
copy	3
maddnye	3
healing	3
stories	3
york	3
yours	3
chill	3
child	3
china	3
co/j5ntqqjvjv	3
co/lqvtcdxrid	3
understand	3
wait	3
uber_hk	3
co/ebu7l5lgmi	3
it‚Äôs	3
friday	3
difference	3
gives	3
latest	3
continue	3
things	3
pro	3
anything	3
vote	3
kygomusic	3
choice	3
hit	3
ontheroad	3
whcoa	3
beijing20	3
june	3
meet	3
answer	3
questions	3
talk	3
vision	3
hope	3
uber?	3
ubers	3
able	3
co/z1fpy0utxr	3
cheaper	3
serve	3
iava	3
co/wgmnpunha0	3
global	3
teaming	3
uber_sd	3
again	3
pride	3
perfect	3
fans	3
currently	3
fare	3
shortly	3
helped	3
joining	3
scoop	3
experiencing	3
businesses	3
local	3
co/7lhubvxsja	3
co/vypkcxnqy3	3
always	3
uberrush	3
mobility	3
co/fbj17u8c64	3
shot	3
kingsman	3
veteran	3
deaf	3
nationalcatday	3
co/0hsp1ylgtt	3
1millionmore	3
party	3
change	3
report	3
office	3
officially	3
bos	3
awwwards	3
launch	3
seeing	3
un_women	3
person	3
teamed	2
‚Äî	2
left	2
>	2
result	2
connect	2
policy	2
ordered	2
blood	2
co/w1vp4olart	2
good	2
uber_bos	2
√†	2
21st	2
crunchies	2
co2	2
fuel	2
biggest	2
improve	2
teacher	2
hand-deliver	2
beautiful	2
stats	2
state	2
offering	2
ht‚Ä¶rt	2
two	2
moment	2
thing	2
ride-sharing	2
4thofjuly	2
surprising	2
house	2
stars	2
parking	2
players	2
coast	2
recognizing	2
celebrated	2
partnered	2
drinking	2
co/27jst19fm4	2
britneyspears	2
east	2
86aids	2
des	2
latam	2
record	2
past	2
easy	2
senior	2
choosing	2
philadelphia	2
mind	2
stage	2
later	2
test	2
requesting	2
schedule	2
cardholders	2
interviewing	2
lunch	2
field	2
co/tsyoomk9dj	2
map	2
may	2
co/uxyk6w1kud	2
forward	2
co/jmwh7es5z0	2
300	2
feel	2
above	2
resident	2
nvneedsuber	2
benefit	2
labor	2
boost	2
don‚Äôt	2
üåüüåüüåüüåüüåüüåü	2
min	2
ubercargo	2
40	2
open	2
numbers	2
roughly	2
surprise	2
countdown	2
rideofthrones	2
forces	2
polls	2
themselves	2
co/h0l3lmu2pk	2
co/xvdyp665s9	2
5x	2
winning	2
mom	2
austingeidt	2
co/hj8tjpvymq	2
exceptional	2
fireworks	2
eat	2
europe	2
cleaner	2
honored	2
tickets	2
congratulations	2
spend	2
hands	2
boston	2
co/momuemexvk	2
screening	2
leave	2
female	2
spouses	2
users	2
(and	2
special	2
nap	2
pedramkeyani	2
behind-the-scenes	2
honor	2
takemethere	2
dreams	2
kitty	2
running	2
talented	2
tonight's	2
alcohol-related	2
companies	2
wanted	2
co/dpabsujrwo	2
xbox	2
victimes	2
cat-didates	2
drunk-driving	2
ubericecream?	2
button	2
statement	2
delivery	2
can‚Äôt	2
play	2
far	2
counsel	2
board	2
earned	2
sweeter	2
sugar	2
contribute	2
designed	2
partner-drivers	2
fit	2
fix	2
engineers	2
extend	2
uberlunch	2
dc	2
et	2
celebration	2
ding	2
hb	2
hq	2
likely	2
announce	2
co/oupozrstch	2
xavieruniv	2
üòç	2
complete	2
lu	2
mother's	2
co/1kcwxzkax8	2
rescue	2
hear	2
brief	2
families	2
seen	2
single	2
country	2
un	2
outreach	2
destination	2
gas	2
co/mxagfhvif7	2
beyond	2
come	2
innovative	2
nationwide	2
power	2
snaps	2
co/kue9bkjzhf	2
uberfr	2
reminders	2
uber_ohio	2
ground	2
co/xxr8nifxag	2
challenges	2
hearts	2
without	2
ride?	2
much	2
yellow	2
co/1ckdbzoc9v	2
success	2
scenes	2
uber_df	2
co/vbrmrgz0rq	2
mobile	2
named	2
focus	2
delivered	2
suiteride	2
coolest	2
pin	2
uber_ncarolina	2
uber_support	2
cause	2
playlist	2
hackathons	2
events	2
began	2
facts	2
por	2
found	2
receive	2
given	2
employees	2
pts	2
tips	2
options	2
duolingo	2
gameofthrones	2
uberpuppybowl	2
route	2
millions	2
thursday	2
yrs	2
nycpride2015	2
on-demand	2
2012	2
print	2
2015	2
guidelines	2
cream	2
deliver	2
headed	2
uberturns5	2
host	2
drove	2
heart	2
position	2
hour	2
co/6hk10rfgn7	2
cover	2
t&cs	2
taxi	2
saturday	2
op-ed	2
ice	2
independence	2
please	2
owning	2
co/nzqlesarvx	2
dropoff	2
indiana	2
safety	2
agree	2
uberforbusiness	2
culture	2
travelers	2
operations	2
nevada	2
rush	2
score	2
animalplanet	2
mstainbrook40	2
in-app	2
build2015	2
red	2
aboveandbeyond	2
income	2
message	2
moves	2
pledge	2
ago	2
co/c9zmvqraq4	2
signing	2
‚úîÔ∏è	2
real	2
girlswhocode	2
reason	2
demand	2
inspiring	2
endpoint	2
patience	2
empower	2
kick	2
ask	2
run	2
view	2
chelseafc	2
yourself	2
newest	2
5,000	2
aspca	2
/‚Ä¶rt	2
introduce	2
momentum	2
developers	2
case	2
phone	2
unsuspecting	2
accounts	2
uber_florida	2
luck	2
simple	2
percentage	2
you‚Äôll	2
co/t1hmm2jvgm	2
kind	2
daily	2
job	2
rest	2
sat	2
also	2
offer	2
globe	2
bcn	2
set	2
joined	2
awesome	2
france	2
little	2
co/ug31kmeqes	2
congrats	2
avoid	2
corner	2
martingarrix	2
drink	2
hello	2
december	2
table	2
side	2
century	2
high	2
split	2
directly	2
chance	2
initiative	2
wheel	2
co/oesfsgfsyt	2
wunderman	2
morning	2
mission	2
access	2
first-of-its-kind	2
shanghai	2
available	2
lorie	2
zero	2
technology	2
streets	2
co/1tvwubu7a1	2
goal	2
hand-delivered	2
glaces	2
eamaddennfl	2
lovewins	2
danielle	2
begun	2
crashes	2
growing	2
goes	2
favorites	2
cap	2
eligible	2
match	2
co/y6qoyuupajlearn	1
drivers?	1
half	1
co/sewvu7mxmk	1
co/mnw0ravztvrt	1
co/cxncinuofn	1
ces2015?	1
bostondotcom	1
co/sbsigtmz9r	1
co/eje7jau6gfyour	1
‚Äú	1
successfully	1
agrees‚Äîtransportation	1
gabriel	1
attendees	1
‚Ä¶	1
co/fgbcaxndrjhalloween's	1
here‚Äôs	1
co/‚Ä¶in	1
co/n9gr0viryv	1
dolphins	1
tfl	1
tvbtweets‚Äô	1
rethinkcanada	1
accessible	1
hang	1
roll	1
slowing	1
co/owjlx6sjkm	1
commission	1
shouldn't	1
¬°gracias	1
shopsmall	1
approves	1
thiruvananthapuram	1
beliefs	1
straight	1
hawaii‚Äîthe	1
information	1
everyone's	1
aundre's	1
resolve	1
vaccinated	1
rome	1
justintuck	1
co/s1gscjc96f	1
familles	1
cho	1
disguised	1
co/wub7e9pl2lcongrats	1
gone	1
gobiernodf	1
cashpool	1
gorgeous	1
100s	1
son's	1
co/zbd3pssei2rt	1
co/c9cix8xhhulos	1
compacted	1
provided	1
leno	1
post-surgery	1
nodejs	1
co/9xyt6yrmidlast	1
co/fbj17u8c64see	1
flows	1
hard	1
clutterdiet's	1
enhancing	1
pilot	1
co/ixshzwasrtedith	1
byrd	1
co/qsr6ojxtnz	1
tweet	1
room	1
therealoctina	1
spooked	1
cancer	1
co/dano0z1afmviva	1
outlook	1
co/lrnlqxugbv	1
co/1qsghkhwdatomorrow	1
co/paioefqtmpwhere	1
pile	1
airtel	1
lenosgarage	1
protecting	1
pressed	1
propose	1
seoul	1
co/nzqlesarvxthis	1
crazy	1
co/w1htnqeywc	1
co/qmvgx5jcgw	1
co/gkssnxczgdrt	1
co/rqhrd6tbmk	1
noonpacific	1
$252,000	1
co/lioywextj7	1
co/0iioj7wn8ythanks	1
purrfect	1
co/‚Ä¶be	1
‚Äúbee‚Äù	1
cnn	1
product	1
question	1
co/oieg‚Ä¶rt	1
cheap	1
clutterdiet‚Äôs	1
pebbletime	1
thanksgiving	1
communities	1
co/woyoeyf25drt	1
co/2n0ddwmid0china	1
con	1
co/pd5gteqqzd	1
employee	1
platforms	1
uberpartnerken	1
towel	1
co/qq56asqutkthanks	1
law	1
including	1
christmas	1
adventure	1
chatted	1
‚Ä¶developers	1
hawk	1
became	1
usanetwork	1
co/1tvwubu7a1rt	1
co/dszxttzpslrt	1
co/p35vj4ks7kanything	1
co/xzs1ugg3jq	1
co/rdlm4i9p‚Ä¶rt	1
opening	1
co/fbicev0yxurt	1
co/solcu4aguh5	1
225	1
traveled	1
co/ycssupxvqowith	1
co/ngko0fx0dfrt	1
co/thtqtde4kdin	1
concert	1
co/sakbbuixdm	1
supply	1
co/0h1qcqoracthe	1
co/j7lkj2c9l8it	1
philippines	1
9am	1
pace	1
baller	1
co/b6znkrmlwrrt	1
courtesy	1
undercover	1
creating	1
cuteness	1
items	1
houstontexans	1
mindblown	1
co/9xtoalazzjrt	1
25%	1
muslim	1
toronto	1
co/htr8xvjqbw	1
itchimiasia	1
creation	1
legislation	1
uberkittens‚Äîhttp	1
co/a7kqekrudb	1
participate	1
marketing	1
co/ikkokrrtmnrt	1
-carrington	1
co/ad4ogbhtnz	1
insurance	1
co/6rndvxqyks	1
lie	1
anne	1
co/55lus5q6tl	1
source	1
fiori	1
all-star	1
paying	1
homes	1
shoot	1
tech	1
things‚Äîmove	1
co/j6‚Ä¶get	1
harnessing	1
athletes	1
nurses	1
technologies	1
co/gwwjmetytdwe're	1
involved	1
converted	1
easiest	1
overall	1
co/7efgzre7lain	1
referendum	1
clublife	1
co/7a3kbl1pbtrt	1
co/t7bbgjpssn	1
co/zisy9csrxa	1
co/v4muwfwcadride	1
mice	1
disaster	1
chilling	1
co/5tbf92dihcguaranteed	1
co/nnirtk4jzhrt	1
bridgette	1
co/xhx8ekkvhdlive	1
quo;	1
co/‚Ä¶make	1
pair	1
co/lvlfmmpzbmsharing	1
cooler	1
reducing	1
co/k0xghzhntjbusinesses	1
co/1s5nsxju5sget	1
youshaei	1
truths	1
co/agozlfcjhj	1
shukran	1
70th	1
sweden	1
nycgov	1
savings	1
kalanick	1
co/5wyfu53vgpshoutout	1
today‚Äîour	1
‚Äútypical‚Äù	1
warmth	1
co/drbsdn68xv‚Äúdriving	1
co/w3k6dftdlfsee	1
pennsylvania	1
166,105	1
riders‚Äîyou	1
xuathletics	1
co/sbcpqmqlfs78%	1
uber_tor	1
‚Ä¶dreaming	1
meant	1
means	1
wallet	1
road?	1
co/bcgbu8rgdsrt	1
co/xgpr7pwfgm	1
co/il1xmfsmzgrt	1
co/tgmmrk09n2	1
co/pehue8qxcqrt	1
interests	1
co/guwt7ephjfthis	1
door	1
co/7pbkzh4catuber	1
mikhayel	1
affair	1
co/ui4phf1oq3rt	1
uberdriver	1
raising	1
co/zjequkjod7the	1
created	1
uberchopper	1
done	1
co/ngjt3puvdo	1
on-the-go	1
co/jdmfkq9tbv	1
24/7	1
co/fnyawgrjgb	1
ease	1
mike	1
de'	1
foursquare	1
co/9kkh3xjxfvour	1
‚Äúi	1
co/fpzbu9xow4rt	1
bike	1
equitable	1
ronantynan	1
oops	1
stubhub's	1
relief	1
co/dssxayhqdz	1
park	1
ues	1
chrismorales07	1
co/pjsszuqqvf	1
someone	1
gratitude	1
further	1
dec	1
morganstanley	1
uber_atl	1
parliament	1
co/j9h‚Ä¶rt	1
announcement	1
!!	1
deblasionyc's	1
impact	1
profile	1
bill	1
dj-turned-uberx-partner	1
eats	1
co/byaatpia2xwe're	1
uber_atx	1
co/rresflnjbqas	1
co/wyuxxrfe0o	1
co/xywiaay64aget	1
average	1
co/gmubjy51uz	1
year‚Äôs	1
horribles	1
co/gkxf8qkodzrt	1
adoption	1
business‚Äînow	1
co/4whdqxyzkxour	1
go-to	1
thenewpotato	1
co/tbtkj‚Ä¶we're	1
1million	1
co/epy7y2vdm7rt	1
fluvax	1
possible	1
co/ivssawdgzt	1
stealing	1
co/el8mkfhvvr‚Äúare	1
inch	1
bedankt	1
dia	1
fieldtripchaperone	1
$$	1
underwoods	1
dig	1
overslept	1
tweets	1
co/gattdctknbour	1
shifting	1
$3	1
uberpreneur	1
co/pxfd52ypaj	1
passport_health	1
adding	1
co/dqifx8l9rmcuddle	1
forgotten	1
info	1
co/stgsphekaq	1
angeles	1
co/wx8szrqnijthank	1
uber_bangkok	1
feast	1
co/bogimexwvhyou	1
paws	1
tackle	1
paradise	1
co/c9cix8xhhu	1
co/xexyj90fat	1
co/fqensv19zdrt	1
co/bvk0utlwpcfoodies	1
ubergivingrt	1
rather	1
co/d2vbtgz01jteam	1
biss	1
awry	1
amplehills	1
houston	1
ferry	1
googlemaps	1
milspouse	1
nickyhilton	1
co/qvd3rdnkqgcongratulations	1
relax	1
custom	1
grand	1
co/ua4ihc8irs	1
nation‚Äôs	1
travels	1
co/pa5chy1hlo	1
do‚Äù	1
co/vakpzcirtc	1
beach	1
teamnkh	1
furever	1
rhyming	1
know?	1
co/htfubwoshcrt	1
'till	1
eamaddennfl‚Äîhow	1
co/p7iuoufwljrt	1
co/bvywkdjncx	1
katiecouric's	1
impaired	1
co/wo6rlofuw8	1
3-4	1
co/lyhmlqeygnrt	1
bag‚Äî	1
driver-partner	1
madd	1
appreciation	1
statue	1
signed	1
co/ybq4exqd9plooking	1
delicious!!!üçßüç¶üç®	1
hoping	1
served	1
messages	1
co/ydebb6ossk	1
baseball	1
fewest	1
co/u7obkcwdryfrom	1
flotus	1
dog	1
co/xktexhqtxt	1
status	1
co/uspofkxckart	1
co/xibvdbjmu2donate	1
co/kxhuxayp9v61%	1
co/i3pzz9ff28	1
co/t6jnb1hrwm	1
coalition	1
co/59cjxxe0m1this	1
stand	1
bring?	1
knows	1
us?	1
everythingis4	1
co/akxdllwxv1take	1
<any>	1
co/zb7‚Ä¶flu	1
co/r9uktnmbyy	1
co/tw24xzefyy	1
fees	1
usc	1
co/oj6ugezzrgwe‚Äôve	1
hardwina	1
co/noephmcotrtoday	1
motivates	1
315	1
credit	1
momentum‚Äîa	1
--	1
co/ypizacgfscwith	1
carolina	1
cotidiana	1
picking	1
mormon	1
becomes	1
dbrooks55	1
->	1
background	1
zomato	1
co/qj6dvdswrc	1
ball	1
repeat	1
/‚Ä¶	1
included	1
mew	1
designers	1
co/jtkqekygnn	1
exactly	1
co/i8fuemnkzort	1
co/kziotdslhdread	1
drivetothrive	1
co/3rmflfleg6this	1
tutorials	1
12-4pm	1
xocochicago	1
pumpkin	1
veteransday	1
entrenched	1
stick	1
english-speaking	1
11	1
12	1
15	1
singing	1
co/kufd6ohr6mrt	1
16	1
received	1
quality	1
co/qxl4i6xf8ythanks	1
co/7tdembxk0vas	1
rwpassacademy	1
co/jlcwmftc30excited	1
co/wkytjm4bxwour	1
22	1
switching	1
24	1
wanderlust	1
industry	1
co/g2rkxdi7hqcongrats	1
long	1
fell	1
uber_sea	1
co/cfrlqvuprgrt	1
glance	1
1m	1
mix	1
30	1
cuts	1
35	1
checklist	1
co/zmw2iloohy	1
600m	1
inspire	1
experts	1
yet?‚Äù	1
co/hdot58ts6b	1
45	1
2x	1
invest	1
co/lipdpdkxq7keep	1
project	1
svbizjournalwhen	1
bharti	1
techcrunch	1
chicago‚Ä¶	1
greatdiscontent's	1
co/77v7mwkylqthis	1
california	1
co/qbii4cpcgxthe	1
co/1orqlemsvw	1
sizzling	1
57	1
co/swond0zcdvwe're	1
co/fowzc691dra	1
tortas	1
crushed	1
60	1
thanksgivingfail	1
allow	1
mass	1
co/lpzunhwj6luber	1
recap	1
üèÜwe	1
5m	1
backstage	1
mash	1
co/6lq96xw9fpthis	1
co/ijdwrhvfukrt	1
tonight?	1
money	1
incredibly	1
co/1jr6dlhk6oend	1
i‚Äôll	1
co/txzdrv49pzwatching	1
espn	1
ofentse?	1
sweeter?	1
co/ofodymehrqwe‚Äôre	1
-mike	1
pack?	1
co/rbzqiefjnfsee	1
bluestarfamily	1
voguemagazine	1
still	1
biology	1
worn	1
matt	1
‚ú®	1
packs	1
among	1
marlenemendoza	1
word	1
co/qyenjntdfv	1
gender	1
healthier	1
co/n90clsznxqrt	1
peace?	1
secret	1
co/eglrjapw1mthis	1
throwing	1
vday	1
partnerships	1
nation's	1
academy	1
co/3vwvkrd3dzin	1
snapcat	1
co/ran6sawqpcrt	1
co/u1y9yqq8ml	1
opinion	1
lots	1
shelf/hook	1
soldier	1
regulations	1
/‚Ä¶we're	1
(red	1
co/fbj17u8c64want	1
uberonwe're	1
co/rwmjizbk4wrt	1
raidernation	1
htt‚Ä¶rt	1
uberallaccess	1
powering	1
co/yfzgfk0fzu	1
co/0segoqagkyevery	1
co/3rmflfleg6your	1
co/xiiioosj8bsubmit	1
purrrfect	1
vet	1
marcus	1
uber_kentucky	1
commu‚Ä¶take	1
co/ev5cq0qcxtrt	1
<48	1
co/prdoziyjcfdecree	1
co/qvd3rdnkqg	1
co/my11llibigcruise	1
stayathomemom	1
co/vjycpaywxbready	1
hudsonhoyle's	1
co/q7pbixxxoqtreat	1
assistant	1
students'	1
co/dhvwwvicjrlast	1
mohammad	1
co/ofkwgu3cuuflexibility	1
co/11he1gqtxqin	1
francis	1
evening‚Äî	1
co/c9zmvr9bhc	1
co/brl8rbvg7vrt	1
co/bpy6wxgvdxchoice	1
urge	1
aloha	1
emrah's	1
screenings	1
gallons	1
barcelona	1
co/9ccbd9i7iclondon	1
vip	1
victims	1
agreement	1
inviting	1
2cv	1
overload	1
bronze	1
co/fsiwxgqw00see	1
co/fbj17u8c64sometimes	1
guess	1
heartfelt	1
restaurants	1
niall	1
unused	1
happening	1
hungry	1
backroads	1
kauai	1
certified	1
boldness	1
secretly	1
wouldn't	1
ridewithpride?	1
cruising	1
co/u5iivhxqtu	1
davemorin	1
anniversary	1
notes	1
nexteconomy	1
co/mbmuudwcv4	1
sprint	1
co/ycd72oj2wc	1
dc-area	1
co/ala1nznafeeven	1
co/57q99y199j	1
capping	1
often	1
dancefloor	1
jobs;	1
neel	1
livre	1
volume	1
‚Äúwhy	1
co/qoliwjwaxj	1
that‚Äôs	1
private	1
co/tiqtohc9qvwatch	1
baggage	1
co/mggjhhzioalast	1
co/rccoo5xr8z	1
responsible	1
coachella	1
photographer	1
periscopeco	1
co/yfd5j5viprrt	1
save?	1
dakota	1
co/msskmupahbbecause	1
treats‚Äînot	1
co/g7gm0mucgj	1
co/qih4vozuok	1
jam‚Äù	1
dancing‚Äînow	1
happens	1
co/4ven7iqgibrt	1
career	1
co/rl2ap8ghcdrt	1
called	1
forüåõ	1
release	1
co/pvtf9djirgrt	1
co/fdnljabnb9rt	1
co/mdtt9cq6mwearning	1
co/1ewszl7h7four	1
co/blgo2isf0awe	1
co/v9cqnqdunafor	1
co/sl4vu9u6bethoughts	1
winners‚Äîedith	1
co/njvfcsjx2krt	1
40%	1
co/zqtqjwl8t0for	1
jams	1
alerts	1
drives	1
sky‚Äîwhat	1
cell	1
membershiprewards	1
holiday	1
co/pxfd52ypajrt	1
yours?	1
la's	1
asked	1
uberxl	1
co/egclrhkzqfintroducing	1
honestly	1
co/e6d61mbjkdand	1
destination‚Äî4	1
co/ie2j0otrkm	1
europe‚Äôs	1
esa	1
co/b6j1ufhhgvfind	1
co/griqfgb3x7michael	1
co/vf47q8e84qwant	1
co/f8pjgifuthintroducing	1
co/ekvteivxou	1
mexican	1
co/sytsjl6icb	1
microphones	1
co/tll‚Ä¶rt	1
mstainbrook40‚Äîcongrats	1
entrance	1
1,000,000	1
took	1
co/rl30jwn5sh	1
rick_bayless	1
2pm	1
co/gfbabadb0vmeet	1
co/5f4zpobotcadd	1
tgif!	1
cnbc	1
co/twezynsxmrscore	1
co/nf1fnen5zw	1
co/2xnwhf5p0nthe	1
fare‚Äîno	1
trick	1
paypalit	1
veterans‚Äîhttp	1
co/gfbabadb0v	1
co/knbj45ygqy	1
credits	1
co/iw34gb6yazhonored	1
pesos	1
co/mood7oyfzxthe	1
5‚Äîyou'd	1
rates	1
employment	1
super	1
co/ifq22ml7x5	1
co/ctppmrc4bhthanks	1
co/exdvzr43yzthanks	1
co/epb7pugkifforget	1
co/uvegyudfpi	1
co/htrushchqgrt	1
co/w45jayaicpthis	1
farther	1
co/smftbhz8qs250,000+	1
decided	1
co/uxyk6w1kuduber	1
http‚Ä¶we‚Äôre	1
zealand	1
co/hdc2qmqesurt	1
caturday	1
dining	1
co/kthgu7skdkrt	1
co/464na7‚Ä¶rt	1
co/pvcgcypz‚Ä¶gabriel	1
ubertovote	1
deserved	1
co/um01dnyh1lsay	1
$500	1
feels	1
another	1
students	1
co/ica207fzhwbe	1
pick-up	1
co/iga9kikgwtbook	1
co/dflevozxs7on	1
appt	1
co/nave4dppmwbecause	1
black	1
co/nwjmr‚Ä¶rt	1
tout	1
-matt	1
!!rt	1
co/0rqpesbatnrt	1
tour	1
co/hsqoughcjlwe're	1
uber_dublin	1
leftwe're	1
grab	1
coddington	1
grad	1
behind-the-wheel	1
featured	1
employee/year	1
developing	1
microsoft	1
uberadvent	1
co/6ts6hrseyc	1
thailand	1
huge	1
co/svxwkptwpttime	1
imagine	1
milfams	1
co/kue9bkjzhfmembers	1
girl	1
drone	1
improving	1
openforbusiness	1
clothing	1
blind	1
hidden	1
simplicity	1
summit	1
mac_bz	1
co/t7bbgjpssnlet‚Äôs	1
theskimm	1
drops	1
co/x5ort6hq1v	1
factor	1
susanguidry	1
co/ezmhfizjrxthis	1
co/6lq96xw9fp	1
breaks	1
wav	1
http‚Ä¶after	1
co/bgepp3hv6n	1
co/iz4fqdd8bnthis	1
cat-didate	1
battles	1
rise	1
hadn‚Äôt	1
can't-miss	1
decide	1
issues	1
fan	1
suiteriderev	1
financially	1
co/nlewpse6kh	1
‚Ä¶tap	1
future;	1
nairobi	1
stations	1
co/pcgrwfk‚Ä¶	1
limiting	1
co/30xwnazauj	1
ladies	1
co/dycc1hqi0cdone	1
gain	1
arcelormittal	1
web	1
older	1
co/z0kjjaeh3qthe	1
uber_canada	1
explore	1
dishes	1
ilooklikeanengineer	1
roundtable	1
co/me51wbxilu	1
derulo	1
co/heth6ckrqmin	1
co/4ven7iqgibsunset	1
co/ippyhyramlsee	1
heads	1
co/cxe8r9jtt4	1
baidu	1
co/kv6od4roya	1
co/rq4g2wsev1	1
corner‚Äîbeat	1
looks	1
discounts	1
going?	1
presented	1
letting	1
snacks	1
co/0wmxbgruutwe‚Äôve	1
keyboards	1
üëè	1
opened	1
madrile√±os	1
üëç	1
üëî	1
uber_philly	1
üëå	1
co/7r7ogm2wu9good	1
outside	1
co/u77gc2n6au	1
msjackiecruz	1
blackandwalt	1
co/sh‚Ä¶uber	1
globally	1
souljaboy	1
fares	1
‚Ä¶making	1
david	1
co/vqkvcpusyu	1
co/jnyxwf8bwv	1
harlem	1
co/p1xwhapbpcrt	1
üíï	1
co/6ybphiswoa	1
barriers	1
fargo	1
üëæ	1
visit	1
nye	1
co/ouswerzzpc	1
co/f3cjvljro1tomorrow	1
luckily	1
voted	1
c‚Ä¶we‚Äôre	1
addition	1
ad	1
gang	1
al	1
empowering	1
blowing	1
puppy	1
co/lxdc1jtq‚Ä¶a	1
turning	1
partnering	1
co/1cqra5tl6myou'll	1
suiterideubermilitary	1
timeframe	1
tooth	1
ca	1
cc	1
rsarver	1
scoring	1
keeping	1
food	1
uppereastside	1
co/6ybphiswoawe	1
co/b5tiu8ml5b	1
https‚Ä¶	1
co/c59zvsue69congrats	1
dt	1
generosity	1
attacks	1
maddenseason	1
co/kxmy87pjw2together	1
startup	1
won	1
co/ezuqp07u‚Ä¶rt	1
scary	1
wow	1
co/vdbrsjde4ksave	1
hilda	1
en	1
co/6a3xcxz6d8congratulations	1
$100k	1
es	1
horrific	1
eu	1
busiest	1
austin‚Äî	1
piece	1
paycheck	1
uberde	1
fastcompany	1
sunscreen	1
india	1
watching	1
dine	1
co/‚Ä¶snap	1
window‚Äîthat‚Äôs	1
5/2	1
trouble	1
co/6lq96xnl3z	1
digital	1
gamble	1
gm	1
50%	1
elegance'	1
üë¶üëß	1
co/rtgfea11mlwe've	1
else	1
nypd19pct	1
co/an60tja52udon't	1
advisory	1
issue	1
governordeal	1
co/cyfll0ffbe13k	1
supplement	1
sb49‚Äîhttp	1
become	1
co/l0r3fbvuiosee	1
$18	1
co/asasadknnv	1
strings	1
co/0qabafe3f7how	1
co/7pbq454adn	1
ability	1
co/sopeqooehn	1
ottawa	1
3pm	1
equals	1
oral	1
$1k	1
4rs1p	1
certify	1
flugov	1
vanityfair	1
second	1
ruling	1
picked	1
limit	1
i‚Äôm	1
claim	1
lanai	1
tolerance	1
baxter	1
mt	1
license	1
entry	1
five-year	1
co/3lqtcfysrtrt	1
co/vbjksoy7ya	1
orleans	1
co/59bprhvievthis	1
student	1
applewatch	1
head	1
reserve	1
dive	1
fight	1
allows	1
q1	1
determine	1
sports	1
co/c59zvsue69	1
co/jdepmbrnee	1
üöô	1
schooled	1
valentine's	1
co/qhtsgfct8krt	1
cocacola	1
sitting	1
co/wuh0pdgrir	1
co/18zqqdlzw2rt	1
salad	1
strategic	1
pt	1
catness	1
speaking	1
asaslasvegas	1
estimate	1
connaught	1
htt‚Ä¶get	1
signups	1
co/ujide7730f	1
seat	1
lenocnbc	1
co/gw5dowdswj	1
adopt	1
madrid	1
starting	1
win-win	1
gameday	1
co/gi42fprpkvportland	1
co/kw0euyldcwsee	1
üåé	1
co/np6vejcnprsomething‚Äôs	1
sd	1
co/qoizbikgopthe	1
tanks	1
üåÉ	1
co/9yjtwna93lwe	1
co/aw6jiwhp7mhappy	1
co/3o0g2jsejda	1
üå¥	1
decision	1
necessary	1
cents	1
co/vdmsjr8maawatch	1
closet	1
kitchensurfing	1
monster	1
co/4uyq3lq36wuber	1
wsjannouncing	1
closer	1
donates	1
co/v51bma9shx	1
ti	1
witches	1
storms	1
co/4a4g43opmd	1
regina	1
tu	1
co/kafggvrz6zthe	1
tx	1
lie?	1
co/4zo5tz7zcm	1
co/bzjfvrtbbvbon	1
co/nylovapcdwintroducing	1
one-tap	1
-marcus	1
uk	1
aids	1
co/auk1vvey9art	1
gellman	1
co/htkl0xcbwtit's	1
co/qjksv8tfdw	1
va	1
co/4x‚Ä¶hide	1
maddonline‚Äôs	1
üç¶	1
highest-rated	1
solve	1
cheezburger	1
changed	1
drop	1
nola	1
co/7bi6lwddqe	1
co/nm9kxmjutort	1
vehicles	1
vertical	1
yesterday's	1
co/iqgnolwtlywe're	1
gal	1
gap	1
co/lu0hru1mhgwe	1
dana	1
üéÆ	1
co/mawnuokr3qin	1
deeper	1
location	1
co/aubpfrojeurt	1
driver's	1
ya	1
co/dh2gw5eahq	1
üèà	1
planet5050	1
co/nmterwtxtxto	1
tonight‚Äôs	1
passion‚Äîmarine	1
27,081	1
push	1
uber_qld	1
south	1
co/dyrb8vrwuayour	1
promo	1
salle	1
rearview	1
continues	1
ubergo	1
quand	1
deadmau5	1
30am	1
ftboldness	1
meghanmccain	1
center‚Ä¶driving	1
india's	1
lgbtmilpartners	1
co/9rtixnbgt4tabby	1
date	1
corp	1
exxonmobil	1
hosted	1
co/aqiiyfzl2mwe‚Äôre	1
co/j8seiweo1ort	1
ridesharing-friendly	1
co/tkbvrzeehnrt	1
co/ojo8epm7nlorder	1
nytimes	1
co/9bbldr1wsmrt	1
uberin	1
profiles	1
shareacoke	1
replay	1
core	1
mayorstimpson	1
efforts	1
co/wrlb8ljhd0	1
co/ofh59kkvamhow	1
ignacio	1
reshmasaujani	1
dosa‚Äîit's	1
co/kofgsdrxzxlast	1
send	1
co/d2vbtgz01jmore	1
link	1
hero	1
co/hfqhpbnzoctake	1
security	1
nikkihaley	1
üèàrt	1
costs	1
cost	1
uberm‚Ä¶	1
allowing	1
co/bxw8w8je1s	1
revolutionizing	1
co/jmgklmb5w8reggie's	1
co/tgvb96ewtllife	1
sleigh	1
scenic	1
carnegiemellon	1
co/r53vskk3ocwhat	1
pauleyp	1
co/j6syr9zmwu‚Äúit	1
devices	1
destinations	1
nous	1
analysis	1
lion	1
co/6hh9dbwdzi	1
rondarousey	1
co/kh6g4buad5	1
co/gzl1j8owagtoday	1
flight	1
talking	1
co/24itziesxy	1
co/cg0upx3be9	1
co/f7hzzxaue5	1
uber?!!	1
co/vpvuevvzwirt	1
redefining	1
co/cwjxap3k3efollow	1
echoes	1
katniss	1
coeur	1
arrive?	1
standard	1
co/jphvtdl5pc	1
co/5wyfu5l6eza	1
rides‚Äî	1
viennent	1
miami	1
wish	1
abcenter	1
co/2muqp40o8tfeel	1
spanish-speaking	1
area	1
$1,000	1
5millionmeals	1
paw	1
european	1
jerryazumah	1
/‚Ä¶now	1
60%	1
list	1
travisk‚Äúwe‚Äôre	1
co/fbj17u8c6414	1
co/cfecdsqyzvin	1
night's	1
co/sw5bzwrgikcruise	1
co/fvl5dbtarprt	1
young	1
ht‚Ä¶we‚Äôre	1
cities‚Äîhttp	1
in-person	1
prettygirls	1
co/oupozrstchmeet	1
co/g3ht841zapwe	1
co/ydyuu6abmawe'll	1
co/agthnmwcwtdriving	1
uber_co	1
smallbizsat	1
chariot	1
co/conuh4rkolrt	1
co/b059ekpfx5	1
magazine	1
d‚Äôendeuiller	1
pdx	1
american	1
changing	1
wrist	1
co/tkep‚Ä¶	1
abethea41	1
passengers	1
africa	1
co/zk1o2hh46iwe‚Äôre	1
1,951,668	1
co/yfbrmuucuz	1
loving	1
uniting	1
raz√≥n	1
oakland	1
tonight‚Äîmake	1
applepay	1
guy	1
co/xzgug8irt2saving	1
injured	1
co/ul4vhsbuqx	1
liza	1
uber_ger	1
-jenny	1
monday	1
laid	1
gonna	1
advo-cat	1
amyzagroba	1
co/v51bmzrqsx	1
co/kv66aue6lithe	1
co/44ejcs0iak	1
pic	1
co/pgoartwiqntoday	1
co/kc2pm6vk4pmeet	1
co/dwycjpkz8qput	1
co/0kjzntf4zsrequesting	1
charity	1
uberengagement	1
3pm‚Äì12am	1
happyhalloweenrt	1
counting	1
co/3vwvkrd3dzstarting	1
surge	1
co/wtgwkmeh2rhere's	1
guaranteed	1
basis	1
senator	1
army	1
spooky	1
uber_in	1
co/1jflfjdlktbecause	1
co/nwvqx6psqdwe're	1
for-hire	1
combat	1
kittens	1
co/ldehllbavkour	1
better+flexible	1
extra	1
design	1
land	1
xmas	1
co/n7w97cljd5	1
kicked	1
uber_melbourne	1
cyber	1
wheelchair-accessible	1
co/f8edlzrt1a	1
cullen	1
co/uzrne0bfazwhat	1
madeleine	1
keiry's	1
level‚Äîwe're	1
liberty	1
co/aicceo1v3t87%	1
welcome	1
meeting	1
recognize	1
javascript	1
co/5wyfu5l6ez	1
jakeowen	1
marina	1
co/z7votape5aand	1
govofficenc	1
co/zyct5nhhiutell	1
taskandpurpose	1
co/ukxpg2qtzcrt	1
co/ccyb4fn9oton	1
co/igtdsd8qdk	1
hitting	1
chase	1
colors	1
co/9bktfythfbdrive	1
co/tvk0fzzmftrt	1
colombia	1
trumping	1
co/duivimik7art	1
ubersafe	1
manhattan	1
co/wdieo3zvxshappy	1
co/cn3itlayrbpro	1
ppl	1
co/vszctppegntoday's	1
ceremonies	1
tragedy	1
co/jldfe0lcuxtoday	1
nvneedsuberpull	1
co/ohgbmsa0ig	1
co/viuc‚Ä¶we	1
co/gwwjmetytd	1
attend	1
co/g9curhzjax	1
h‚Ä¶long	1
travisklive	1
practo	1
school	1
todaylook	1
starpoint	1
hat	1
champ	1
wass	1
accountable	1
homebe	1
co/gujxhnojta	1
weight	1
co/rkj4uazayurt	1
co/wcv9cqipopdriving	1
checks	1
sfbusinesstimes	1
hbo	1
co/zk1o2hh46i	1
playing	1
üèÄüéâcongrats	1
nyccouncil	1
(coffee	1
co/cjtsuu4tdksatisfy	1
sunday‚Äîdriver-partner	1
video	1
livonia‚Äôs	1
pst	1
ends	1
steady	1
early	1
cuddle	1
yes	1
co/zjqrbjnjvpin	1
premiere	1
engineer	1
‚Ä¶introducing	1
officiated	1
typical	1
co/vedu9qq4ewlive	1
pricing	1
riley	1
19,680	1
un70	1
uber_pit	1
co/gtcx1nbfq3what	1
hey	1
vous	1
meets	1
lesson	1
kansas	1
co/nc4hblq5ttwe	1
baskets	1
artist	1
bradiejamesgang	1
co/hl124ccqbsa	1
layer	1
smart	1
co/9sv‚Ä¶if	1
beaches	1
co/qcy‚Ä¶there's	1
co/ioa‚Ä¶rt	1
torre	1
hamburg	1
co/pqduocpbf0	1
co/fa8w‚Ä¶together	1
co/ui4phf1oq3	1
hecho	1
uberenglish	1
earnings	1
chat	1
co/zfwz5mhe07‚Äúthanks	1
homelessness	1
co/0skfibyzoxrt	1
again?	1
co/bpy6wxgvdx	1
co/lfltmjgzzdrt	1
listen	1
major	1
worldwide	1
funds	1
potential	1
group	1
co/kp2j5zgomwrt	1
tapping	1
history	1
drivingdavid	1
campo	1
square	1
co/qj096zgs5hfor	1
co/mqcxwrpah0the	1
colony	1
values	1
reveals	1
rocking	1
co/1qsghkhwda	1
guests‚Äô	1
mirror?	1
general	1
co/y84ejx0zuzturkey	1
hospital	1
deserve	1
cpus	1
uber_pdx	1
alternative	1
co/bfdu5spyf8	1
co/oozv7sa08c	1
nyfw	1
destination?	1
chez	1
approve	1
‚Ä¶destination	1
dougducey	1
nominated	1
traviskour	1
travis	1
account	1
drafted	1
safer	1
playtime	1
guwahati	1
yoo	1
uber‚Äîlet's	1
‚Äòpretty	1
safely	1
ruff?	1
happen	1
co/vnjcdodpnh	1
opportunity	1
court	1
fabriquegivree	1
flexible	1
trying	1
co/kefnfnwrxjlast	1
co/oesfsgfsytlast	1
comes	1
hard-of-hearing	1
world‚Äîhttp	1
co/nfbrxx5ux6a	1
girls‚Äô	1
inaugural	1
co/vuaxakinmwwe‚Äôre	1
co/xnauw0lwkmintroducing	1
calls	1
co/qbqfxqwxy0	1
thrive	1
on‚Äîcheck	1
co/nbfo8zwvfzfall	1
juno	1
glen	1
applelive	1
passions	1
compete	1
manceramiguelmx	1
co/rchfzaxexzlive	1
sometimes	1
branding	1
co/lqaxy03kmuthere	1
co/sjyrpg9ql4	1
co/ie0lcyezsmrt	1
rubella	1
richard	1
co/vhucvwib1v	1
marthakelly	1
co/l9nuj83jic	1
fidi	1
ornithology	1
count	1
-daniel	1
co/bvp1amqvam	1
co/m1miikfv6vour	1
tuquero	1
co/3dzfgk39ye	1
co/3nj1aodins	1
co/zfzjl8lx0w	1
passes	1
spotlighting	1
taylorswift13	1
owner	1
co/ecuhi6ilnl	1
2020	1
complimentary	1
iron	1
orlovesuberto	1
co/5wyfu53vgpour	1
basket	1
3yearsinldncongrats	1
4pm!	1
co/cgy65‚Ä¶as	1
2025	1
sont	1
co/s5oqtpomdu	1
mindsets	1
action	1
co/nsmwhqzvd5watched	1
movement?	1
song	1
soundtrack	1
biztravelerna	1
co/koiiqryeyiadd	1
co/gv8adwfcauchristy	1
co/rgvy8orpwxtoday	1
jimmykimmel‚Äîhttp	1
reached	1
co/jr6qkmw7eisending	1
mark?	1
clients	1
-nicholas	1
conquered	1
wemadeit	1
co/k2cbowqomomeet	1
summer	1
o'connor	1
girlsbuiltthis	1
steve	1
co/razoypzaykwest	1
euappeconomyrt	1
within	1
stand4heroes	1
amber	1
co/17xtg5cgnuindia's	1
refugee	1
co/1tvwubu7a1just	1
co/tumw0dwlfk	1
nhtsagov	1
nobody‚Äôs	1
practically	1
seats	1
cathie	1
co/drl6ux2t9m	1
time-careers	1
discounted	1
co/gl7hqhrcqafor	1
difficult	1
habernos	1
seriously	1
experiences	1
forget	1
meow	1
esteban	1
co/18fbfhavolrt	1
transit	1
co/7etghafrr8forget	1
co/rq3drbyjuv	1
trouble?	1
adorable	1
co/7x29xxisrx	1
driver-partners‚Äîstay	1
soul	1
stay-at-home	1
co/kwhpztybwtforget	1
co/z0wgfvfglvtoday	1
leadership	1
co/qvjetf7jd8	1
heard	1
uberspringcleaningrequest	1
birds?'	1
impressive	1
uber!	1
roadblock	1
simplify	1
measles	1
co/td55zi38ue	1
co/49vqqiupkgsee	1
co/szusxg2yksclean	1
co/ilbunyyidw	1
nevertooearlyforsweets	1
franc‚Ä¶flexible	1
trip?	1
co/i9wnfifijh	1
co/te3ahiyth8a	1
purrsonal	1
plans?	1
howl	1
daughters'	1
uberpop	1
uber_mi	1
programs	1
lindsay_putnam	1
co/tiutgoryazrt	1
co/346ot1nhyl	1
ft's	1
studentvets	1
transitapp	1
co/jfwuu9bsanrt	1
co/oupozrstchcreate	1
co/badcwy5dwy	1
co/ivmm6zhwilwant	1
impacted	1
co/vzcquhdstcrt	1
denotes	1
paneedsubercongratulations	1
t‚Ä¶it	1
uber_or	1
dburka	1
co/vrhhpndv17when	1
co/dhfzgxwqp1engineering	1
ibm	1
ruff	1
uberespa√±ol	1
co/lnqcspla59rt	1
honors	1
five	1
co/uubgv5jmgmrt	1
co/7leya53kby	1
month‚Äîthat's	1
co/syc1kn0jk4why	1
campaign	1
co/zg1gdyzwuyuber	1
rewards	1
reasons	1
qui	1
luigi	1
linus	1
co/2bbovsyernwith	1
smarter	1
after-school	1
wants	1
icecreamondemand	1
6am	1
kygo	1
co/sq78tm70opboston	1
icons	1
co/6aokha5lzurt	1
co/zbldlfctl4	1
co/wepo2g7lgqwhat	1
jason	1
co/m59iivgxhp14	1
co/ghof4rws7i	1
entrepreneurs	1
moleskine	1
us‚Äîhttp	1
price	1
co/a0pwnt0qpz	1
co/mxqquwflepeven	1
technology's	1
welcomes	1
co/qd5bkcyctmmeet	1
fortunemagazine	1
dressed	1
nashik	1
co/zlysvtxkldtogether	1
co/rnggytqltv<developers/>	1
co/9xyt6yrmid	1
co/0vm1jhjp1h	1
anyone	1
co/ocotmldtz1live	1
co/efla9sgyaf	1
monument-sized	1
co/bledckqtpjubereats	1
donations	1
seize	1
uberspotify	1
co/jlnjpr‚Ä¶meet	1
co/27jst19fm4operation	1
fall	1
pictured	1
buddy	1
wherever	1
agency	1
co/9iitbwzd7syour	1
nice	1
lordemusic	1
co/ouswerioqc	1
fake	1
co/zoyxuowivuforget	1
adventure‚Äîlet's	1
co/nmbruuwcptlive	1
-laurie	1
space	1
nationaldessertday	1
co/lb2ed2p4vdlink	1
commitment	1
accidents	1
ladyeng	1
phillip	1
co/l8axiow3bq	1
co/ow32nis3tq	1
co/nkgkxzio‚Ä¶rt	1
co/dojqnapfzg	1
arrival	1
distractions	1
co/qejuqscgotsee	1
co/2ivif4zmvbyesterday	1
co/rwtofksnntbike	1
co/j3snrvzxudlate	1
‚Ä¶learn	1
co/u1jpcezvlert	1
public	1
track	1
co/7mnpbbtzow	1
rush!252	1
adcouncil	1
tricks	1
resources	1
ubergiving	1
boss?	1
expensive	1
round	1
growth	1
vancuber	1
building	1
co/trfxnwrmicnew	1
graduate	1
co/c9zmvqraq4show	1
co/8fplgo3ngrrt	1
ran	1
co/l2izge97nwuber	1
sundance	1
co/uv5rnhcjgdshow	1
sommes	1
pool	1
co/blyxm4h5hl	1
charged	1
co/nyp‚Ä¶follow	1
providing	1
co/ml0wur2re2rt	1
co/memtr1rhiinairobi	1
everys‚Ä¶rt	1
co/97datsl6gyrt	1
close	1
fernando	1
co/9zf0wbcfy8in	1
co/1opsbgiozlfind	1
40,000	1
calling	1
tiesto	1
grocery	1
congestion	1
fave	1
co/vhe‚Ä¶things	1
krewella	1
co/exdvzr43yzrt	1
co/vvmcfis3usrt	1
co/d9pu6e1kbt	1
troyesivan	1
article	1
sacramentokings	1
unicef	1
co/vjrzbntmtryou	1
us‚Äìyou've	1
summertoday	1
work‚Äîi	1
commbovo	1
billy	1
miles	1
glitch	1
ratings	1
co/mfswtpb2nma	1
embrace	1
nitrogen	1
co/eyfnic1r28see	1
co/p78b3rgnzxthe	1
davidplouffe‚Äîfollow	1
co/jngrfc6j7t	1
pickups	1
t‚Ä¶we‚Äôre	1
co/u0nlpg4agf	1
87%	1
weekend's	1
co/otwcre7d6nrt	1
co/e9vpzxcqhu	1
rid	1
marreropro	1
sanjay?	1
rickshaw	1
co/g9curhzjaxrt	1
88%	1
nothing	1
co/lg6grk16af	1
6th	1
‚Äúpart-timers‚Äù	1
system	1
spot	1
co/19vdmf6d72what's	1
presenting	1
aim	1
co/isnqvdi7ch	1
skilled	1
duis	1
decisions	1
co/6ncpwy7plllearn	1
ordinance	1
boat	1
tributes	1
citi	1
uber_van	1
rating	1
co/bcl‚Ä¶your	1
copies	1
co/9euhj4ypl8from	1
co/bpibftjrdort	1
touch	1
couples	1
mayorlandrieu	1
tattoos	1
(now	1
hiring	1
co/wxowyr6ne3secret	1
lifeline	1
touchdown	1
co/xwkugtqxpz	1
saying	1
co/qbnj5heaqr	1
co/q6hseimptf	1
91,269	1
potus	1
hails	1
uber_sing	1
thought	1
df14	1
humbling	1
trudy	1
joiningforces	1
jam	1
opera-loving	1
uber_ottawa	1
shelters	1
shopping	1
cardenas	1
co/clupub9bt7ride	1
jay	1
(username	1
co/i2vs3jhypt	1
co/0bu64vncus>90%	1
vetswith	1
co/ed0gqjfdzuthis	1
turkey	1
gently	1
49ers	1
tasty	1
choices	1
photography	1
co/v‚Ä¶our	1
increased	1
iamjrmartinez	1
vida	1
branded	1
big‚Äîa	1
grace	1
valentines	1
paypal	1
tbh_beta	1
regs	1
obrigado	1
co/musbqdjiqe	1
call	1
choice?	1
co/ybssxqbimert	1
guesswork	1
theweeknd	1
co/hzoreechtwlive	1
govsambrownback	1
offices	1
lifetime	1
'uber'	1
‚Ä¶finding	1
co/yyyg3bxktgrt	1
results	1
jew	1
dc‚Äîbringing	1
atx	1
co/pzynwl0u08rt	1
co/ponfbr9uxwsavings	1
delicious	1
screaming	1
ubersequeda	1
co/v13zzt8bo352%	1
phuket	1
office?	1
worst	1
neighborhood	1
shop	1
mood	1
distance	1
co/zoy7cnahrvwhat	1
fridays	1
kicking	1
co/xou0fqlzsxbeating	1
co/ejeip2ghbt	1
ally	1
arrive	1
street	1
co/kue9bkjzhfin	1
outage	1
people's	1
co/rmtcrp4fvlwe'll	1
co/3e7c0tu3dx	1
co-rider	1
co/m5iic9ni4athere‚Äôs	1
uberpedal	1
grind	1
fangs	1
co/tygqtwtjw7rt	1
octagon	1
'the	1
stranger	1
1,800	1
moms	1
cape	1
1,000s	1
co/x5gw3ovyxart	1
pledges	1
co/sy6kujjsrk	1
truly	1
cash	1
generation	1
redcr‚Ä¶	1
blues‚Äîlearn	1
co/7ncduwyntkwatched	1
28th	1
sunday	1
co/gktq4jvtca	1
gems	1
mslagh	1
marreroit's	1
the100dayproject	1
cherry	1
boss	1
co/ogcicrthaaless	1
obviously‚Ä¶	1
guard	1
vehicle	1
freedom	1
dogsofuber	1
assignment?	1
protect	1
co/zwbcqr68ddyou're	1
nasa	1
mexico	1
forbes	1
co/6ybphiswoawe‚Äôre	1
co/0cjil2owo4our	1
co/e‚Ä¶rt	1
military?	1
15th	1
georgia	1
connections	1
9-5	1
co/kpckh1qaturt	1
crisis	1
co/htr8xvjqbwlast	1
amsterdam	1
-aundre	1
instagram?	1
co/‚Ä¶we're	1
7000+	1
important	1
glimpse	1
co/fdp7mprzlt	1
scott_kerr	1
co/qpeylkiah0rolling	1
co/jhpbnk1mwqrt	1
co/latqd7syewrt	1
6‚≠êÔ∏è‚Äôs	1
co/vtdrypbepqrt	1
inspiration	1
co/nsoounsxis	1
co/d1‚Ä¶announcing	1
levibelnap	1
causing	1
co/4mwunaicksthe	1
co/uxyk6w1kudmerry	1
billion	1
visually	1
co/oc6hcp0zk4rt	1
sam	1
co/pbf5eqrryx	1
album	1
co/jo2hjpwwleyesterday	1
enough	1
gets	1
hopped	1
‚Ä¶get	1
spread	1
co/lsnjjyw5y5rt	1
guests	1
co/h4dq6zoidzjust	1
ghouls	1
simply	1
projects	1
boys	1
bay	1
co/ywdiu0rjmvthis	1
co/nbi2ia7zuv	1
co/owcydnq08ert	1
uber_delhi	1
co/nhvgqdo4r3rt	1
3525	1
co/fl6kkzyjzsrt	1
co/ssklqjbtnx	1
co/u3u8n5shmd	1
facing	1
93%	1
co/eq2us3mok7why	1
eyes	1
sea	1
co/y5eybyy1qbrt	1
co/vsou3tvdh0viva	1
national	1
co/wmyndvmypx	1
c‚Ä¶companies	1
litter	1
co/rugqaoacwu	1
co/ns8oqgcdttrequest	1
jonathangaurano's	1
co/nmizwtkoz4	1
co/9qg0sctaygrt	1
co/daghlaprei	1
fortunetech	1
goarmy	1
parte	1
parti	1
co/pbhgmt21zv	1
co/djafp0txiihunter	1
co/mdgzeabch1rt	1
shelbyleemeans	1
contact	1
co/qlprh6rohgmeet	1
co/hdn89jimy7get	1
bff	1
h‚Ä¶north	1
co/zfakttdol1today	1
lunch?	1
fluff	1
parade	1
slump‚Äîintroducing	1
co/c6picjljmzmake	1
mxpf	1
captured	1
co/jxh6x4v8xafrom	1
along‚Äîwith	1
sip	1
co/cx7qpixchqhonored	1
5millionmeals‚Äîa	1
football	1
tugging	1
co/2i5v0stuhawake	1
vettechtrek	1
fulfill	1
advanced	1
broomsticks	1
co/c1n3xdvojmwhat's	1
life-saving	1
vadodara	1
decir	1
co/oahacd3jddrt	1
commuters	1
co/x5au96usf7live	1
sky	1
sb49	1
vaccinefinder	1
director	1
the_monster_cat	1
livrer	1
co/hhedqdskpv73%	1
'what	1
exclusively	1
begin	1
co/d2vbtgz01jafter	1
co/nlsox8xjoksee	1
brought	1
work‚Äîubercommute	1
plate	1
thinking	1
aarp‚Äôs	1
everything	1
affordable	1
co/fbj17u8c64uber	1
vogue	1
cannes_lions	1
hide	1
co/xskbpdlkl9	1
drumroll	1
theirs	1
co/1b37iultzdwhether	1
constant	1
co/tlco9nnnrart	1
several	1
jaredcbrossett	1
co/s1qt8cfdreget	1
icymi	1
work?	1
son	1
-d‚Äôangelo	1
publication	1
co/5psms3mjag	1
different	1
awaits	1
co/xagdcruhy8make	1
co/utb4caxtsdtoday	1
disruption	1
roots	1
paris‚Äîand	1
permanently	1
co/hsf4yd21cbrt	1
bob	1
arrests	1
first-ever	1
focused	1
oregon	1
co/vy2hjgggp5	1
ksleg	1
co/utwbhh2a2x</developers>	1
2014's	1
birthday	1
travisk's	1
what‚Äôs	1
recipe	1
karaoke	1
total	1
louisville's	1
-jono	1
‚úîÔ∏èlate	1
loses	1
co/lhtmowuvolin	1
prices	1
social	1
co/3mluq5s45c	1
10%	1
√©v√©nements	1
co/xgiinghpdwrt	1
co/re1bg‚Ä¶	1
co/n8blredp7guberx	1
100	1
co/ciqwzim5hxcheck	1
saturn	1
pains	1
co/egielorqip	1
friend	1
uberchef	1
superpumped	1
uberauto13k	1
givingtuesday	1
tissues	1
empowerment‚Äîhttp	1
uberblack	1
australia	1
pr√™tes	1
10k	1
lifereimagined	1
stops	1
co/kv6mtddeksrt	1
biztravel	1
co/6ybphik7g8	1
actively	1
co/oupozrstchtoday	1
wishe5	1
civilian	1
openforbusinessrt	1
manager	1
jose	1
co/vhfb1umpnothanks	1
lighter	1
store	1
svp	1
surprises	1
co/fyicpsbz1i	1
bug	1
gallon	1
spokescat	1
co/8zlwgnumoi	1
bus	1
co/q29hytgwrrtonight	1
13h	1
night?	1
uberwav	1
co/fy5ckyjjmj	1
‚Ä¶tonight	1
buzzing	1
co/mzxajdpwokmake	1
co/u3bwzfn50phelp	1
co/5wyfu5l6ezhere's	1
athlete	1
uber_dfw	1
veteran's	1
co/ap0tghsfc3	1
co/ungl9fw3iv	1
co/0rhwiixghreveryone	1
easports	1
co/2wzybmnonm‚Äúppl	1
people‚Äîand	1
higher	1
wheelchair	1
kia	1
brazil	1
hire	1
idea	1
kid	1
throne	1
co/mmvmlccdnihey	1
co/wy9iibvapmcat's	1
kit	1
missing	1
throughout	1
co/srdv0xxhpgtake	1
co/djtsmnby63	1
co/3rmflfleg6	1
coverage	1
lovely	1
types	1
uberwedding	1
co/js0vyxbxskreflections	1
dannijo	1
co/iodz4k6rwjfrom	1
co/ixck8netxprt	1
co/izozd9kclxriding	1
nights	1
passing	1
diplo	1
co/tphxrzmftyconvenience	1
quickly‚Äîwe'd	1
reach	1
190	1
co/zb4p2hovudmore	1
seconds	1
interns	1
10,000+	1
weather	1
co/mcsc8stztv	1
effortlessly	1
between	1
18h	1
billdeblasio	1
cielo	1
ampa	1
collab	1
co/0xtl0b75ke	1
women's	1
co/xsw7egt2zbrt	1
award/private	1
co/s3ly08qmcdour	1
earthday	1
drewbrees	1
rideshare	1
dtphx	1
bryanboy	1
co/agz0j4orbdrt	1
t‚Ä¶don't	1
there‚Äôs	1
livmiami	1
paywall	1
xavier	1
sxsw?	1
place	1
deepening	1
c'est	1
co/vd6xfvjwle	1
co/rggf4qt4k7	1
co/d2vbtgz01juber	1
expect	1
highlights	1
üç¶üç™	1
submission	1
podemos	1
co/djm24ap7n5relax	1
leaders	1
co/upbjp9tg5dwe‚Äôre	1
logotype	1
co/ejjxxlcmk6uber	1
co/kethf1hubp	1
drake	1
co/hjtxcgzlunrt	1
co/fbj17u8c64in	1
continents	1
bgurley	1
burrito	1
glitter	1
avec	1
cab	1
cam	1
tune	1
car	1
cat	1
üîùüöô	1
studies	1
livenation	1
player	1
bride-to-be	1
cleaning	1
uber_california	1
motion	1
co/1tvwubcvlr	1
co/7ovaoxni‚Ä¶rt	1
co/j5ntqqjvjvrt	1
hail	1
played	1
clothes	1
co/yz3ezomkje	1
delhi	1
