tv	1
roomies	1
eyeing	1
üíª	1
missed	1
finally	1
go	1
forth	1
cybermonday	1
miss	1
am?	1
afford	1
mondaymotivation	1
blackfriday	1
today	1
alarm	1
friend	1
deals!you	1
just	1
shopping	1
tv	1
roomies	1
eyeing	1
üíª	1
missed	1
finally	1
go	1
forth	1
cybermonday	1
miss	1
am?	1
afford	1
mondaymotivation	1
blackfriday	1
today	1
alarm	1
friend	1
deals!you	1
just	1
shopping	1
just	178
friends	123
new	110
app	106
get	102
now	95
like	91
love	86
thanks	86
pay	85
via	80
check	79
use	78
paid	74
money	74
great	73
payments	73
awesome	71
<3	61
using	61
mobile	60
braintree	60
payment	59
cash	56
today	55
one	55
apps	49
team	48
day	48
back	46
got	45
way	44
first	44
paypal	43
easy	42
iphone	41
know	40
people	40
happy	39
lucas	38
phone	38
much	37
best	37
really	37
time	35
android	35
ayanonagon	34
fun	34
week	34
see	34
make	33
nyc	33
favorite	32
office	32
help	31
send	31
kortina	31
life	31
w/	30
free	30
social	30
next	29
everyone	29
makes	29
excited	28
last	28
account	28
tell	27
join	27
venmo's	26
easier	26
coffee	26
good	25
wallet	25
made	25
treat	25
cool	25
friend	25
going	24
post	24
tumblr	24
think	23
need	23
users	23
splitting	23
come	23
take	23
hq	22
sf	22
venmort	22
sxsw	22
used	22
(	21
paying	21
go	21
ios	21
thank	21
service	21
through	21
square	20
nice	20
split	20
making	20
super	20
thing	19
lunch	19
credit	19
looking	19
tonight	19
download	19
pretty	19
talk	19
top	18
year	18
stop	18
charge	18
want	18
cafegrumpy	18
even	18
malarianomore	18
right	17
finally	17
look	17
work	17
please	17
bill	17
ever	17
williamready	16
venmo?	16
stuff	16
let	16
hope	16
big	16
/	15
after	15
better	15
tech	15
foursquare	15
startups	15
$1	15
video	15
jfarruk	15
dinner	15
sign	15
night	15
around	15
user	15
amazing	15
coming	15
donate	15
weekend	15
text	14
being	14
--	14
bank	14
sent	14
follow	14
things	14
checks	14
before	14
still	14
enjoy	14
pennapps	14
give	14
working	14
latest	14
update	14
event	14
api	14
card	14
hack	14
beautiful	13
url	13
sure	13
startup	13
email	13
wait	13
meet	13
guys	13
world	13
birthday	13
someone	13
support	13
live	13
hour	13
every	13
also	13
tomorrow	13
tweet	12
wow	12
never	12
ny	12
venmohq	12
beer	12
touch	12
hosting	12
uses	12
wish	12
group	12
soon	12
find	12
since	12
chrismaddern	12
iqram	12
idea	12
company	11
forward	11
announce	11
hackathon	11
hey	11
forget	11
superandomness	11
party	11
open	11
sweet	11
release	11
engineers	11
song	11
summer	11
future	11
try	10
shout	10
start	10
techcrunch	10
tickets	10
learn	10
drinks	10
www	10
head	10
rsvp	10
meetup	10
read	10
takes	10
delicious	10
technology	10
place	10
product	10
venmolife	10
quick	10
rdshapiro	10
code	10
push	10
list	10
friday	10
wants	10
photo	10
already	10
hiring	10
malaria	10
little	10
getting	10
congrats	10
change	10
buy	10
tbt	10
;	9
baby	9
emoji	9
released	9
many	9
features	9
win	9
piece	9
without	9
almost	9
welcome	9
killer	9
jfarrukrt	9
hot	9
something	9
forgot	9
real	9
collect	9
launch	9
seeing	9
ready	9
fees	9
venmo!rt	9
guess	9
days	9
folks	9
loving	9
giving	9
birchbox	9
commerce	9
anyone	9
add	9
came	9
simple	9
bar	9
‚Ä¶rt	9
/cc	9
review	9
$	8
thx	8
tip	8
hate	8
build	8
$5	8
30	8
companies	8
featured	8
huge	8
hi	8
hear	8
started	8
yesterday	8
engineer	8
ways	8
venmoapi	8
invite	8
rent	8
settle	8
gets	8
lets	8
mdudas	8
lot	8
may	8
feed	8
digitaldumbo	8
together	8
ads	8
always	8
atm	8
morning	8
feature	8
ceo	7
fantasy	7
taking	7
women	7
two	7
house	7
$$	7
long	7
might	7
issues	7
fav	7
looks	7
cc	7
food	7
else	7
sending	7
seen	7
co-founder	7
featuring	7
beta	7
ice	7
checkout	7
pizza	7
everything	7
reneefishman	7
person	7
‚Äú	7
page	7
cards	7
done	7
thrilled	7
msg	7
shirt	7
halloween	7
keep	7
gotta	7
details	7
owe	7
magic	7
ppl	7
funds	7
trying	7
cream	7
building	7
ask	7
newest	7
football	7
transactions	7
demo	7
dens	7
story	7
tab	7
save	6
times	6
concert	6
sponsors	6
finance	6
sticker?	6
remember	6
1st	6
instead	6
taskrabbit	6
special	6
happens	6
share	6
web	6
game	6
partner	6
contest	6
oh	6
ur	6
changing	6
5hreyans	6
sounds	6
johngraham262	6
listening	6
bills	6
job	6
sponsor	6
rest	6
national	6
promos	6
developer	6
hello	6
break	6
directly	6
accept	6
buzzfeed	6
american_heart	6
between	6
well	6
away	6
experience	6
shoutout	6
booth	6
shared	6
include	6
moving	6
(and	6
family	6
gifi	6
took	6
media	6
bucks	6
direct	6
random	6
fight	6
old	6
subway	6
note	6
link	6
york	6
gives	6
tabs	6
thursday	6
2010	6
evening	6
again	6
donations	6
case	6
care	6
forbes	6
transfer	6
shipping	6
box	6
twilio	6
store	6
0	5
hang	5
turn	5
tix	5
mashup	5
marchmadness	5
holidays	5
easiest	5
creative	5
hotel	5
wednesday	5
business	5
mike_white	5
showing	5
helping	5
balance	5
today?	5
across	5
eat	5
kyleburkholder	5
lots	5
seems	5
yeah	5
version	5
leave	5
asked	5
simplekitchen	5
etc	5
freshdirect	5
deposit	5
sharing	5
news	5
fan	5
fee	5
needs	5
digital	5
easily	5
become	5
faster	5
pm	5
toaster	5
props	5
aunkurarya	5
sound	5
guy	5
swag	5
walk	5
jwegener	5
must	5
found	5
late	5
school	5
yes	5
efficient	5
chat	5
small	5
nytm	5
problems	5
perfect	5
charges	5
fast	5
thomasaboyt	5
enjoyed	5
show	5
sarahmcsimmons	5
totally	5
venmodev	5
drink	5
brought	5
works	5
bread	5
interesting	5
mhacks	5
gorirrajoe	5
siri	5
notifications	5
went	5
reminder	5
loves	5
three	5
minutes	5
past	5
mint	5
bracket	5
signed	5
we‚Äôre	5
man	5
feel	5
ideas	5
received	5
believe	5
matzner	5
collaboration	5
music	5
website	5
gift	5
holiday	5
students	5
downloaded	5
roommates	5
baratunde	5
carry	5
givegifi	5
com/rt	5
cash?	5
data	5
blue	5
andrew	5
pic	5
design	5
interested	5
vacanti	5
banking	5
comes	5
thrillist	5
2011	5
home	5
2014	5
2013	5
astaub	5
sabrina	5
reviews	5
seriously	5
heard	5
celebrate	5
campaign	5
ago	5
years	5
system	5
presenting	5
truck	5
accounts	5
sandwich	5
enough	5
personal	5
behind	5
goes	5
cab	5
half	4
pick	4
?	4
hand	4
hard	4
dinners	4
thrillistnyc	4
cnn	4
christmas	4
donating	4
services	4
marketing	4
campus	4
dad	4
stoked	4
def	4
dev	4
braintree/	4
upcoming	4
likes	4
venmogram	4
00	4
instagram	4
19	4
23	4
50	4
redesigned	4
venmo'd	4
apply	4
van	4
4sqhackathon	4
notes	4
useful	4
end	4
cliftonite	4
browncoffeeco	4
app?	4
feels	4
another	4
yet?	4
far	4
stuck	4
section	4
ff	4
ga	4
id	4
$10	4
places	4
dream	4
momogoose	4
st	4
intern	4
vs	4
reading	4
create	4
proud	4
named	4
focus	4
write	4
winner	4
coolest	4
gonna	4
it‚Äôs	4
randwiches	4
peer-to-peer	4
updated	4
updates	4
disease	4
tips	4
smart	4
simonmweber	4
history	4
enjoying	4
schaardenburg	4
present	4
actually	4
awkward	4
finding	4
culture	4
advice	4
fans	4
poor	4
college	4
you‚Äôre	4
learned	4
christinacaci	4
daily	4
customer	4
fintech	4
customers	4
papajohns	4
‚Äî	4
‚Äù	4
left	4
courtesy	4
cashout	4
joyridecoffee	4
sugarphilly	4
computer	4
possiblehealth	4
launches	4
paypaldev	4
accepting	4
adding	4
month	4
mention	4
met	4
don‚Äôt	4
min	4
definitely	4
talks	4
ride	4
week's	4
told	4
wanna	4
honor	4
settings	4
tool	4
maybe	4
engineering	4
creativegroup	4
philly	4
p2p	4
co-founders	4
ipad	4
accel	4
elise81	4
amazon	4
tristanwalker	4
starting	4
checking	4
j2labs	4
cents	4
com/	4
mashable	4
groups	4
you?	4
listing	4
joshconstine	4
american	4
peer	4
pie	4
members	4
gittip	4
eartothenoise	4
replace	4
process	4
listed	4
sparknetworking	4
sold	4
yfrog	4
jfarrukwho	4
austin	4
within	4
zachklein	4
fine	4
true	4
lay2000lbs	4
simplify	4
collecting	4
summary	4
agree	4
network	4
public	4
round	4
red	4
dues	4
dude	4
signing	4
suggested	4
tasty	4
art	4
partners	4
book	4
venmo(dot	4
saw	4
bad	4
dear	4
set	4
liking	4
chance	4
sponsored	4
rock	4
>	3
\	3
connect	3
|	3
powered	3
ping	3
introducing	3
friends'	3
offering	3
moment	3
nttd	3
dailymuse	3
lookerdata	3
hanging	3
trucks	3
created	3
built	3
myturnstone	3
impact	3
psyched	3
possible	3
$3	3
$4	3
later	3
fingerprint	3
pitch	3
dasmersingh	3
's	3
logo	3
smoking	3
jibe	3
12	3
13	3
20	3
dannybloomfield	3
industry	3
35	3
surprise	3
disrupt	3
macstainless	3
6k	3
livingsocial	3
platform	3
hv23	3
venmos	3
handy	3
vim	3
agreed	3
yegg	3
est	3
give_directly	3
battlehack	3
followers	3
running	3
venmo-	3
wanted	3
grab	3
supporting	3
play	3
huffingtonpost	3
integrated	3
üíô	3
visit	3
ad	3
blowing	3
checkbook	3
70,000	3
panel	3
dm	3
starbucks	3
wsj	3
four	3
$20	3
second	3
mh	3
$50	3
valentine's	3
recent	3
brand	3
closer	3
single	3
v1	3
changed	3
changes	3
beyond	3
navchatterji	3
treats	3
recruiting	3
god	3
vendors	3
brunch	3
t-shirt	3
venmointerns2014	3
jessebentert	3
4sq	3
kristinedziadul	3
mikster	3
vote	3
early	3
hit	3
reply	3
waiting	3
notice	3
memo	3
deliver	3
headed	3
products	3
benjlerer	3
able	3
solution	3
blakesamic	3
y'all	3
entrepreneurs	3
fair	3
paper	3
verified	3
growth	3
chrisstanchak	3
excellent	3
charged	3
providing	3
winners	3
michigan	3
article	3
city	3
local	3
internship	3
entertaining	3
worry	3
watched	3
/‚Ä¶rt	3
important	3
jonmarkgo	3
kegbot	3
treatments	3
7pm	3
client	3
mikeyil	3
corner	3
recommending	3
restaurant	3
nyupolyinqb8	3
gpu02	3
feedback	3
interns	3
lifesaving	3
address	3
hacks	3
karina	3
hilarious	3
loved	3
orders	3
crowd-sourced	3
raise	3
less	3
university	3
aecorbett87	3
opening	3
maintenance	3
gotten	3
source	3
pain	3
crushing	3
launched	3
checked	3
part	3
relief	3
chicago	3
pass	3
timmyawards	3
homeofdots	3
grateful	3
incl	3
info	3
podcast	3
human	3
supplies	3
exactly	3
wonderful	3
naveen	3
among	3
writing	3
mayweatherpacquiao	3
saved	3
guest	3
technical	3
mattlehrer	3
tour	3
research	3
jackthreads	3
mik3cap	3
ladies	3
etsy	3
designed	3
nytimesbits	3
bring	3
turning	3
innovation	3
issue	3
verb	3
transaction	3
venmosupport	3
speaking	3
american_stroke	3
location	3
northsidefest	3
problem	3
obsessed	3
innovative	3
columbia	3
cost	3
„ÄÄ	3
rides	3
night's	3
spending	3
skillshare	3
geoff_smith	3
monday	3
bought	3
start-up	3
cause	3
fantastic	3
meeting	3
prize	3
funny	3
receive	3
marathon	3
jacobsempler	3
employees	3
asking	3
hooked	3
meets	3
light	3
lately	3
wondering	3
general	3
glad	3
happen	3
tells	3
train	3
tweeting	3
python	3
funniest	3
getlaunchrock	3
heart	3
convenient	3
online	3
merchants	3
inside	3
(http	3
wonder	3
enjoyable	3
prefer	3
space	3
currently	3
ran	3
dollar	3
helped	3
trust	3
sorry	3
micro	3
age	3
username	3
impressed	3
businessinsider	3
thought	3
tech_in_motion's	3
kind	3
(for	3
san	3
move	3
deal	3
dead	3
american_heart/	3
battle	3
nickhuhn	3
improved	3
table	3
sushi	3
lolmuffs	3
btw	3
dodgeball	3
desk	3
children	3
goal	3
kvanscha	3
co/‚Ä¶rt	3
sliced	3
googleio	3
covering	3
nathanfolkman	3
response	3
unavailable	2
„ÄÄ„ÄÄ	2
ted	2
davidhenkes	2
<	2
cea	2
flic	2
shouldn't	2
eating	2
blood	2
exciting	2
bubbling	2
predicted	2
delivering	2
walked	2
room	2
nycapps'	2
21st	2
tonyc	2
awesomert	2
order	2
rjmetrics	2
traveling	2
barackobama	2
cbmyers	2
ton	2
famous	2
picture	2
rose	2
hilary	2
plenty	2
comments	2
stats	2
picks	2
multipay	2
ht‚Ä¶rt	2
co-creator	2
cup	2
cut	2
latte	2
kitchen	2
friends?	2
watch	2
shoot	2
glass	2
memory	2
concept	2
leftovers	2
hours	2
short	2
venmo-ing	2
troytee	2
priority	2
paypal‚Äôs	2
cha-ching	2
delancey	2
speedy	2
keeps	2
water	2
stays	2
ubercab	2
thestephbell	2
easy!rt	2
banks	2
denim	2
treatment	2
staff	2
complicated	2
spotlight	2
tweets	2
$7	2
possibly	2
test	2
woah	2
w/o	2
idancohen	2
dog	2
thenewb	2
tywhite	2
stream	2
revenue	2
picking	2
->	2
veterans	2
co/e7lfzyuhcs	2
whitneyhess	2
included	2
mango	2
due	2
jordanekay	2
devops	2
15	2
unique	2
24	2
25	2
stay	2
releases	2
40	2
48	2
woot	2
payouts	2
nominate	2
apple	2
twit	2
winning	2
dumbo	2
step	2
trend	2
spotted	2
99	2
convince	2
math	2
word	2
;-	2
honored	2
>>	2
‚Äòmo	2
spend	2
hands	2
smartphone	2
egg	2
msingleton	2
neat	2
victims	2
inspired	2
community	2
macarons	2
humbled	2
fansforcharity	2
boston	2
daved	2
brands	2
20lbs	2
pinterest	2
von	2
newly	2
tried	2
shape	2
2nd	2
esp	2
mexican	2
slackhq	2
yelp	2
estate	2
harder	2
drawer	2
couch	2
jtglaze	2
davidmarcus	2
billguard	2
describe	2
summit	2
button	2
cashing	2
co/lowsv8yfrfrt	2
greet	2
quickly	2
plan	2
study	2
bjennelle	2
writespeakcode	2
memories	2
intuit	2
vegas	2
vegan	2
booking	2
doctorklein	2
$$$	2
tryrt	2
personally	2
outside	2
explaining	2
option	2
founders	2
hospitality	2
bkbrains	2
soccer	2
redesign	2
bc	2
bd	2
keeping	2
db	2
language	2
carrotcreative	2
dr	2
for?	2
ex	2
fastcompany	2
ellenmalloy	2
ht	2
somebody	2
suggestion	2
ftw	2
birthday!rt	2
mm	2
tanzania	2
mt	2
greenhouse	2
student	2
ok	2
sports	2
cousin	2
refinery29	2
fyi	2
tezcatlipoca	2
rocket	2
kareny123	2
extremely	2
qr	2
discovered	2
yipit	2
origins	2
sq	2
tc	2
write-up	2
gas	2
co‚Ä¶rt	2
teach	2
ya	2
hell	2
yo	2
proof	2
tcburning	2
south	2
tools	2
epeytons	2
power	2
curious	2
expenses	2
trudy's	2
nynightlife	2
aweissman	2
bday	2
awbraunstein	2
costs	2
daily_finance	2
bdotdub	2
introduces	2
carnegiemellon	2
introduced	2
audience	2
jfarruki	2
cu_wics	2
weekly	2
resolved	2
„ÄÄ|	2
returned	2
yours	2
standard	2
reports	2
correct	2
at&t	2
awesomeness	2
evolution	2
gvmobileplus	2
pocket	2
bump	2
understand	2
50+?	2
hacking	2
wake	2
charity	2
co/6kbpimshhj	2
chrisricca	2
october	2
lake	2
advertising	2
discussing	2
scanning	2
sabina	2
chase	2
lessin	2
yay	2
buys	2
anymore	2
bedford	2
unlock	2
twitpic	2
scotch	2
settling	2
freshfriday	2
explikated	2
okay	2
hip	2
asap	2
point	2
dvdand	2
alternative	2
posting	2
mean	2
suggestions	2
allieharch	2
appreciate	2
opportunity	2
orchid_liu	2
liquor	2
blast	2
sometimes	2
carrying	2
htt	2
notifo	2
heathgpearce	2
trusted	2
teddy	2
radio	2
steps	2
mess	2
venmothanks	2
newsycombinator	2
impressive	2
cover	2
utils	2
getlaunchrockrt	2
bets	2
to/from	2
brubeck/zeromq	2
showed	2
presentation	2
zeb	2
uber_nyc	2
sandy	2
calculator	2
dressed	2
doors	2
breakfast	2
privilege	2
explains	2
clearly	2
winner?	2
speaker	2
death	2
roommate	2
inc	2
fare	2
danrschlosser	2
pool	2
omnifocus	2
in-app	2
acct	2
shout-out	2
bill?	2
6pm	2
joining	2
jeans	2
miles	2
overnight	2
kissandtype	2
ticketleap	2
alexeymk	2
pushed	2
number	2
experiencing	2
nothing	2
testing	2
handle	2
betaworks	2
atms	2
silver	2
temiri	2
predict	2
(like	2
co/u5gcujaxsy	2
annual	2
saadiq	2
nycsw	2
shopping	2
investigating	2
junelin	2
worth	2
taken	2
payshare	2
longer	2
stranger	2
shirts	2
braintree's	2
grill	2
reps	2
luck	2
drewcoxsa	2
co/h4xtr4143urt	2
front	2
projects	2
l3n	2
offer	2
complex	2
ticketbud	2
drive	2
founder	2
jobs	2
words	2
andrewparker	2
rooms	2
helps	2
harper	2
captures	2
wearing	2
sick	2
behren	2
costume	2
sentence	2
venmo'ing	2
thinking	2
tvladeck	2
missed	2
joke	2
different	2
bismarck	2
bunch	2
tastes	2
candy	2
patrickhealy	2
junglemillk	2
lobby	2
earth	2
episode	2
givingtuesday	2
stopping	2
situations	2
womenwhocode	2
(credit	2
available	2
djangocon	2
especially	2
hire	2
girlpolish	2
ones	2
smwnyc	2
'em	2
lending	2
gizmodo	2
wear	2
sxsw?	2
tired	2
brett1211	2
expect	2
individual	2
hipstamatic	2
seamlessweb	2
fifty	2
successfully	2
vlaic	2
everyone's	2
reimburse	2
mattmcdnyc	2
mpowered	2
others	2
love!	2
margarita	2
experiment	2
bringing	2
crazy	2
thanksgiving	2
fuel	2
employee	2
burger	2
mikegermano	2
function	2
quite	2
banksimple	2
phish	2
autocomplete	2
doctor	2
jfarrukwant	2
led	2
prep	2
press	2
dollars	2
fixes	2
(at	2
pennappsrt	2
theellenshow	2
converted	2
purchase	2
manage	2
interactive	2
pals	2
season	2
nepalearthquake	2
wellrt	2
loj	2
presentations	2
glasses	2
co/ok8tbhkdsv	2
intro	2
tableshare	2
park	2
footfeedapp	2
smiles	2
venmo‚Äôs	2
‚Ä¶did	2
profile	2
3tspsaday	2
mmassie	2
abbott	2
co/e7lfzymj1s	2
mins	2
dudes	2
cash-only	2
mims	2
club	2
buddies	2
dangarfinkel	2
miss	2
delish	2
pays	2
convert	2
fear	2
bits	2
sense	2
learnvest	2
cookin	2
opens	2
skip	2
api's	2
entrepreneurship	2
bonus	2
anniemal	2
me?	2
caroline	2
‚ñ∏	2
men	2
cashouts	2
beaten	2
shares	2
supports	2
warbyparker	2
everyday	2
project	2
annekejong	2
withdrawals	2
wired	2
recap	2
incredible	2
healthy	2
forever	2
mom	2
books	2
internal	2
mattdipasquale	2
voice	2
inqbation	2
dannycosson	2
patrick's	2
friendsgiving	2
pfayn	2
command	2
merchant	2
science	2
co/2hkgvjls75	2
purewow	2
whats	2
tshirts	2
tellthewhitehouse	2
career	2
drydock	2
partnership	2
chelsea	2
against	2
yours?	2
too?	2
francisco	2
hannukah	2
nfc	2
tons	2
professional	2
tommyguns	2
recommend	2
jennykortina	2
ious	2
azeemansar	2
solved	2
solves	2
girl	2
nov	2
thoughts	2
delivery	2
detailed	2
us/a9bdzz	2
usaa	2
nearby	2
crush	2
grandma	2
wrong	2
board	2
notification	2
letting	2
rocks	2
tasting	2
drink-up	2
revolutionize	2
partnering	2
search	2
mbathon	2
ditch	2
techatnyu	2
trouble	2
homepage	2
months	2
appstore	2
cnnmoney	2
homeless	2
github	2
archives	2
conference	2
kenya	2
george	2
spotify	2
treated	2
cold	2
damn	2
heyamberrae	2
software	2
competition	2
dhrosen	2
researcher	2
callmeweeze	2
noon	2
puts	2
katykelley	2
grizzly	2
development	2
youtube	2
stories	2
allowing	2
tuesday	2
challenge	2
dlifson	2
wins	2
yellow	2
chill	2
wire	2
removr	2
groupme	2
tagline	2
kinds	2
peek	2
pin	2
venmo-ers	2
chicago's	2
hackathon!	2
pls	2
convo	2
penn	2
excuse	2
jennydeluxe	2
standing	2
ledona	2
lucasrt	2
pro	2
anything	2
jordanwalters	2
program	2
put	2
swonderlin	2
elite	2
nerdrt	2
sliding	2
workshop	2
taco	2
absolutely	2
september	2
rachelsklar	2
trip	2
getcloudapp	2
seamless	2
july	2
bottle	2
spark	2
hearing	2
series	2
2000	2
xcode	2
session	2
taps	2
bknotts	2
bettysoo	2
hhoover	2
host	2
experiences	2
task	2
chantelle	2
nepal	2
renter	2
roomies	2
comrt	2
teaming	2
jacecooke	2
wsjdealjournal	2
spawns	2
(via	2
(thanks	2
money?	2
pride	2
buddy	2
finger	2
jealous	2
beers	2
track	2
charging	2
invoice	2
score	2
raptstudio	2
posted	2
rolling	2
myreplunch	2
kartar	2
couple	2
moved	2
act	2
finish	2
gifts	2
exchange	2
hoteltonight	2
message	2
scrolling	2
exit	2
spot	2
crew	2
zeppelin	2
cash/credit	2
livitluvit	2
cafe	2
swipe	2
mari18	2
rob	2
dumb	2
simpler	2
bankinnovation	2
starring	2
cribs	2
anywhere	2
apr	2
hosts	2
alexcusack	2
noticed	2
run	2
takeout	2
tonybgoode	2
view	2
ate	2
yourself	2
results	2
office?	2
mike3k	2
trucy	2
aws	2
leader	2
iced	2
cart	2
slice	2
participating	2
slick	2
jzwoo	2
transfers	2
sf-based	2
talent	2
king	2
bowl	2
sai	2
mentioned	2
checkin	2
ocell	2
sdk	2
joined	2
visa	2
river	2
bowling	2
finances	2
debt	2
cursor	2
setup	2
avoid	2
model	2
littleylittley	2
hive76	2
peeps	2
sms	2
rosskurken	2
jbruin	2
philtoronto	2
nature	2
svp	2
bug	2
express	2
louperseghin	2
devs	2
missing	2
figure	2
consumption	2
maxsamis	2
weather	2
guide	2
lovewins	2
growing	2
sage	2
tag	2
taylor	2
tap	2
tax	2
towards	2
safe	2
alarm	2
smooth	2
cleaning	2
beginner's	2
shooting	1
remix‚ô´	1
hall	1
andythegiant	1
gloomy	1
ten	1
square?	1
pics	1
!	1
com/good	1
foodspotting	1
spreading	1
squares	1
welldoc	1
co/0ukkx7v9ocrt	1
click	1
soon!rt	1
paychecks?	1
aboutshot	1
telling	1
100%	1
role	1
grumpy	1
gold	1
result	1
co/4glxly4eps	1
flip	1
reigns	1
co/gkwxe5phqhrt	1
ordered	1
sdhayes	1
neighbor	1
freeloaders	1
kareny123¬†	1
automating	1
obvious	1
timmersw	1
thv	1
resolve	1
blogs	1
converting	1
twixmixy	1
analytics	1
tie	1
„ÄÄ„ÄÄ/	1
til	1
johnney5	1
/„ÄÄ/	1
sranso	1
namecheap	1
co/fdihu5jwrt	1
ncaa	1
co/xbql6t0ewe're	1
chk	1
payments¬†25	1
informative	1
arubenfire	1
walker	1
bank's	1
‚Äúit‚Äôs	1
ly/5pnsy	1
owed	1
gorgeous	1
makeuseof	1
co/vfucwpu2	1
simplekitchen--we'll	1
provider	1
co/zwgge5uaaurt	1
demoers	1
fade-in	1
raffle	1
aeparker	1
http‚Ä¶well	1
co/ny3fjxx41w	1
co/kiwx8iyxsaflaunt	1
co/qurrcxtnbd	1
ly/fk7ibkbuilding	1
paperlesspost	1
co/ajrh1mzvexactly	1
co/59dxss2zey	1
creepy	1
thx!rt	1
fountain	1
mp/aype6qgood	1
crunchieshappy	1
techatnyu's	1
skyrocketing	1
praxismicro	1
ly/j97l9ert	1
flow	1
promotional	1
reminds	1
storrence	1
sranso's	1
giveaway!rt	1
to?	1
lifebeforevenmo	1
escapetheroom	1
co/utlacscthanks	1
erob1	1
cory_west	1
famousrt	1
tnt	1
co/	1
pink	1
crunchies	1
yfsericanicole	1
pins	1
protection	1
bostonglobert	1
honesty	1
tadwook	1
jagged	1
asian	1
reimbursements	1
reorganizes	1
cc/d3xrt	1
cod	1
http‚Ä¶history	1
ain't	1
falafel	1
gojee	1
criticizing	1
kudos	1
co/wvqrgxs8xtsee	1
apps?	1
co/usmrebinw0rt	1
co/7n4mmojawe	1
v3n	1
off!we're	1
ly/23zzirt	1
overwhel	1
'edrt	1
„ÄÄ/„ÄÄÔººÔºº	1
pigeon	1
eventbritert	1
4sqhackathonrt	1
bengle4	1
grassroots	1
20+	1
marcusjulienlee	1
andy	1
tru	1
spotlights	1
became	1
venmosxswrt	1
tsa	1
(38th/walnut	1
core!	1
co/gh7dcgivwlrt	1
jbmmobile	1
co/hd7lvvbtotally	1
jeremysomething	1
cyrusbuffum	1
springbreak?	1
direction	1
probs	1
co/vw6g4zttkort	1
selfies	1
contestants‚Äîchanging	1
ttm	1
indecisive	1
godaddy's	1
pineapple	1
stable	1
activities	1
dmgerbino	1
volecule	1
djmkl	1
respond	1
splits	1
com/awesome	1
tue	1
alleynycvenmo	1
worked	1
com/xpg1j529z9rt	1
hackers	1
state	1
dkarbassiyoon	1
service?	1
cto	1
staub	1
of(forgot	1
jesselamb	1
co/dzymihvryr	1
walletless	1
juliunruly	1
creating	1
ceonyc	1
~15min	1
co/q2fwsl6oiurt	1
cuz	1
sarahbrt	1
dread	1
co/x‚Ä¶turn	1
co/hbdiah90	1
weekend?	1
attack	1
e-commerce	1
worried	1
occurred	1
anxiously	1
lnkd	1
geobased	1
co/poroillznrstarting	1
co/jcwdijmy	1
cabinet	1
facetimestrat	1
slapped	1
co/7s64pshc	1
co/7fgzwucygreat	1
katienotopoulos	1
initiate	1
co/ws2qf289zntoday	1
tkane	1
volunteering	1
spartahack	1
starts	1
6/22	1
actual	1
frugalfinance1	1
snowdaybrrr	1
gizmo	1
co/7ce7iiw9gcrt	1
bryan_johnson	1
technologies	1
co/7iu1nsnqrt	1
austinpmartin	1
binarycleric	1
chilling	1
mktgcampphl	1
stare	1
mrpaulchambers	1
libraries	1
johnjoseph	1
thomsontan	1
engineering?	1
headless	1
hotels	1
co/obabwz‚Ä¶reservations	1
rewarding	1
co/xfrtkhiurt	1
co/cid1e5jmba	1
founderstalkrt	1
seanaes	1
convincing	1
redcross	1
deemed	1
checkbook?	1
_danielchin	1
jeanneringe	1
analog	1
hour?	1
ghostfacekillah	1
marksbertrand	1
innovation!rt	1
com/watch?v=mglb2fgtqmk	1
unknown	1
com/s/mvzrt	1
frien	1
congressman	1
fries	1
adammc314	1
lilmissjen	1
survive	1
holiday?	1
presidents'	1
blown	1
co/ooam4ozr	1
downtime	1
frontendbackenddataopsiosandroidapirt	1
randomly	1
selfie's	1
co/m3f85nyucurt	1
tuned!rt	1
friendly	1
sammaule	1
myasmine	1
dan	1
75&note=for+cash+to+send+to+my+atl+pals	1
jtothex	1
cc/mvqnice	1
dat	1
nothing!thanks	1
celebrated	1
bowlmor	1
drinking	1
melodykoh	1
liddybird	1
co/1sjcsha	1
association/american	1
co/xfdxksh9icpayroll	1
envision	1
ipads	1
fastervideo	1
co/qoadr0kuycrt	1
revenge	1
therapy	1
gingerbread	1
springbreak	1
this?	1
third	1
wolffolins	1
hello!team	1
mnm_martin's	1
joewadcan	1
sidisplay	1
finds	1
foots	1
ly/venmopennapps	1
cube	1
reimbursement	1
copy's	1
stacks	1
meddle	1
ksheehan	1
giveaways	1
co/d3slyrvolp	1
coldbrewcoffee!nice	1
35th	1
fiestafunnel	1
jessebeach	1
journal	1
despues	1
co/kshuvk5ejc	1
dget	1
alleywatch	1
anthonyrusso9	1
co/0bffuly90greminder	1
‚Ä¶awesome	1
posters	1
withdrawing	1
^__^rt	1
shoes	1
seakun	1
co/m8dno0iymart	1
returning	1
washingtons	1
repealed	1
co/u5gcujaxsyrt	1
$0	1
chrisjelly	1
jbruinyou	1
$2	1
seesarahwrite	1
co/pxgum7eo0nit's	1
forgotten	1
no-fee	1
co/wnvpoeq	1
co/xi5sflzgfzrt	1
spoonuniversity	1
hancock	1
publicly	1
brown	1
feast	1
ckarbass	1
lmm414	1
bwnew	1
go!what's	1
presidentrt	1
loan	1
better?rt	1
w/a	1
nationalfastfoodday	1
iamashokrt	1
tjlytle	1
kristinatastic	1
hackathon+bbq	1
ly/fncjoart	1
madison	1
relax	1
milesroxas	1
co/qgietotp2lhanging	1
imeria	1
momobertzthing	1
&a	1
avizaaj	1
sethmeyers	1
newsletter	1
co‚Ä¶congrats	1
mastercardbiz	1
nyobserver	1
(>	1
next-day	1
randalc	1
'n	1
dns	1
brew	1
badowski	1
hoping	1
today-	1
cc/phq	1
ups	1
co/wnat6ee1jort	1
dkdougherty	1
status	1
uncubed	1
stamp	1
drsharpie	1
(v	1
tdhurst	1
dustanner	1
government	1
ly/37tf7rt	1
brit	1
billsplittingist	1
3/5	1
rpun	1
ly/erxlffawesome	1
worldsmosttalkedaboutcouplert	1
todays	1
co/4oiqcbvcyurt	1
me‚Äô	1
android-enabled	1
mail	1
usd	1
networking	1
meggerz04	1
stickers	1
nationalsandwichday	1
com/pigeonsexciting	1
hotelchantelle	1
dro	1
co/zmfp2cle22check	1
goal!rt	1
drt	1
like?	1
30p	1
com/s/jlztruth	1
bachelorette	1
co/qesn9j5huzzah	1
co/a9afgmdwgf	1
ball	1
expandmybrand	1
girlscout	1
nicolaswarren	1
co/ytvxzidhtokenization	1
night!rt	1
thread	1
co/tbtdsagrepvenmo	1
stevenstorms	1
witness	1
mvboeke	1
348	1
molliechen	1
ux;	1
recents	1
co/gccfpjjn	1
invention	1
sightglass	1
us/cash-delivery	1
trending	1
‚äÇ_„ÉΩ	1
portfoleo	1
happier	1
observer	1
microsage	1
ghc15?	1
co/7hjgfyqmzsrt	1
meaning	1
mama	1
‚Äúmicrodisruptions	1
‚Äòbe	1
14	1
august	1
coffeefeature	1
marstall	1
balm	1
cracking	1
malt	1
skykelsey	1
roundup	1
blackumbrellaek	1
29	1
innonate	1
breaduser	1
livingsocialbig	1
invites	1
relationship	1
overpaying	1
co/yvip5jrgvjcash-only	1
shucks	1
roooooland	1
sticker	1
gordon	1
bluebottleroast	1
entrepreneur	1
hallsafe	1
inspire	1
com/xpg41hwa9sget	1
millenn‚Ä¶rt	1
dyk	1
stan	1
(including	1
45	1
panelists	1
agent	1
lasts	1
nikkibooatx	1
numbers	1
co/qugypvf6kp	1
397	1
arent	1
voided	1
co/pgxn7tpsyb	1
starknesswe're	1
paypa‚Ä¶rt	1
invited	1
edgeofideas	1
cybermonday	1
no-chain	1
gunnaraasen	1
aimeevu	1
week‚Äôs	1
zelph	1
colombian	1
needed	1
laurenedoyle	1
perezdidi	1
co/tucnc5tlbirt	1
mash	1
78	1
olddognewbloghow	1
_michaeldavid	1
separated	1
co/qhv2lyugi2weekly	1
getuncubed	1
bars	1
mehan_j	1
bass	1
i‚Äôll	1
25+3	1
charlesriccardi	1
stem	1
co/3i2mkp8z4zour	1
co/natc83z5kfrt	1
stanigator	1
k9la	1
co/dpguivcrgothanks	1
venmohttp	1
co/hajvrzgmwpare	1
9?	1
(c'05	1
katharinelynn	1
these--a	1
co/lf01boa7check	1
mate	1
tomorrow?rt	1
techcrunch's	1
co/1p	1
parkercluff	1
workitbrooklyn	1
co/qfcmuojh6ithere's	1
malariasucks	1
me?venmoblog	1
dpfishman	1
europe	1
dad's	1
samfbiddle	1
reward	1
clairelizabeth	1
w/emailsrt	1
vcr	1
converts	1
juice	1
kr/p/8rdholrt	1
co/sboplfsyzswe're	1
co/9ulpaejfohhow	1
worralljm	1
commer	1
sprucestespreso	1
co/d8iw4qbnb1check	1
google's	1
mo‚Ä¶we're	1
co/x8qnnsbud1icymi	1
charged?	1
lethys	1
schlaf	1
genepark	1
ven	1
co-founders'	1
foursquarert	1
recruit	1
sickest	1
co/alx47ufljdrt	1
cjhedberg	1
joewhitmarsh	1
ryanjsweeney	1
co/ybqd1yilx2one	1
appce	1
winter	1
^_^venmo	1
yideveloper	1
i_narcissus	1
totaltechmove	1
tenants	1
fantasyfootball?	1
tylerjbecker	1
co/48s8sjkycheck	1
classy!rt	1
shaners___	1
fredericg	1
littlebird1296	1
temporary	1
badly-needed	1
morert	1
staying	1
awful	1
pinterestanalyzing	1
laptop	1
vid	1
co/vgjgrjbhnow	1
venmom	1
elizabethpw	1
co/l97ettagkfrt	1
‚Ä¶your	1
visual	1
silence	1
sysadmin	1
trunkclub	1
co/hlxptbblbl	1
planning	1
kenmoorhead	1
cellphones	1
notch	1
jeffthesavage	1
30under30	1
comixology	1
latte's	1
jisunita	1
least	1
macaroon	1
catchafire	1
ap‚Ä¶rt	1
company-wide	1
secretly	1
wouldn't	1
co/sfnead3lvzwe	1
co/apl0an7ywmwe're	1
ly/ipods-ipads-rockets-and-parachutes	1
vlc	1
newer	1
greatapp	1
ridiculous	1
rounds	1
evidence	1
official	1
vma	1
texthog	1
benitez	1
mgrigajtis	1
co/cgmxs693awesomesauce	1
googleglass	1
testers	1
co/e5kknn8caq	1
srcasm	1
kindly	1
tests	1
venmowe	1
10rt	1
crawling	1
hardly	1
vnv	1
downplatform	1
-thoughts?	1
cullenerin	1
co/wvd9gngejnmeet	1
‚Ä¶with	1
co/jkcbwncr6p	1
estimize	1
co/wwcpjtz‚Äùrt	1
lines	1
packed	1
payouts?	1
pageant	1
base_nyc	1
robcert	1
co/rwtuu45xhlyou	1
good/trustworthy	1
ashishmbakshi	1
4439079345	1
tries	1
co/or3r‚Ä¶rt	1
called	1
jaydsarkar	1
nationalbeerday	1
ly/hvhz2vrt	1
co/evsl1iptgood	1
donationrt	1
4/2	1
thursdays	1
dannysauter	1
dpirotte	1
venmowoot	1
right?	1
/‚Ä¶roses	1
co/1r7akzm5zort	1
educating	1
neil	1
forth	1
400	1
myasmine!yea	1
co/oax4cick1swhat	1
ly/g061z2rt	1
co/vadmcq9viymeet	1
test-runs	1
tnwsocialmedia	1
sqottgary	1
cell	1
wharton	1
wocintech	1
hhooverrt	1
follow!rt	1
se√±or	1
theresnoexcusefor	1
compstak	1
agree!	1
com/xpg25ahozmrt	1
keynote	1
co/dkotiqzte7rt	1
co/bubk04rmmkin	1
(only	1
apis	1
schildkrout	1
typing	1
technicallyphl	1
must-have	1
venmo-only-no-wallet-day	1
co/u4k6cnb5ccrt	1
venmo;	1
venmo!we're	1
raining	1
mjshampine	1
friend‚Ä¶are	1
credits	1
yeop	1
venmo!	1
evp	1
declared	1
(1895	1
co/sohvhrr9rt	1
youwe're	1
rated	1
co/zmgqrvlythanks	1
amplio	1
martin	1
to/ely82grt	1
crackberry	1
strategy	1
co/wuivlkds	1
co/mmnq4dkvyfrt	1
awesome?	1
app'	1
co/w4cufwqzuhread	1
üëèüôårt	1
cheesesteaks	1
c‚Ä¶have	1
!rt	1
expected	1
awesome!	1
textmate?	1
scrilla	1
himself	1
envelope	1
techco	1
full-timers	1
co/kvf3dsddxhour	1
breakdancing	1
thedaphster	1
selian	1
watch!working	1
instapaper	1
greentransportation	1
co/bui5kupdq1	1
fantasyfootball	1
co/kovfjauoasrt	1
crimezscene	1
dre‚Ä¶rt	1
dbkahn	1
scaling	1
co/3tugfjhbvenmo	1
classic	1
serive	1
campuses	1
johnnyhwin	1
michaelmiraflor	1
hugs	1
developing	1
refreshes	1
jonsteinberg	1
dimed	1
donut	1
ly/973ue3in	1
catchin‚Ä¶rt	1
hilton	1
arielleweiler	1
co/hvqfjsxahggroup	1
demoday	1
on!we're	1
leads	1
clothing	1
co/vrriurkvlove	1
huff	1
experimenting	1
seymourgroup	1
abrahamjoseph	1
co/helzytgrjd	1
classes	1
com/mtpxuzjmmmm	1
üìÜreally	1
reminder!rt	1
co/fqzo0xt5lsuploaded	1
co/x15xih7ldfthat's	1
tiffanyduening	1
ahoy_lavoie	1
rt's	1
memorial	1
greek	1
cc/alprt	1
wal	1
guyversads	1
refreshed	1
tgif	1
grey	1
urban	1
(easily	1
co/ogeoqle3rt	1
betterment	1
attentive	1
taxes	1
reinventing	1
co/cfonid80zoyou	1
sarajchipps	1
chiaraatik	1
again!experiencing	1
co/gz5pvaxmeart	1
echocheckin	1
co/bxafmdlrt	1
co/hjciglfrt	1
burritioztalking	1
dcprincessq	1
seriouseats	1
completely	1
hump	1
future!	1
widget	1
co/ccojq9lqwjwe're	1
co/mhzdina0zert	1
licensees	1
supermarket	1
julie	1
pssst	1
derekjohnrogers	1
(consulting	1
wed	1
there!rt	1
katologic	1
goodluck	1
co/u7q5titpkvrt	1
thewirert	1
friend's	1
julio	1
user?	1
dominance	1
organizing	1
ddsocial	1
vinceviloria	1
rumor	1
carrlaaay	1
co/ynjhaxbwd4	1
alexandriadeats!just	1
snacks	1
thankfully	1
men's	1
inner	1
doctorklein‚Äôs	1
üëà	1
opener	1
venm-owe	1
willcall	1
hung	1
effect	1
brettking	1
forgets	1
ly/naveenathonvenmo	1
nfc?	1
co/cz6hgcqj	1
cassidy	1
diet	1
wil	1
dies	1
butter	1
billhludzinski	1
colleges	1
co/rm6rovytyton	1
roomie	1
co/peeghilsairt	1
co/gxylyd3r	1
matters	1
attention	1
aaronmedwards	1
co/e94i2vvepv17	1
üíª	1
üí∞	1
digi	1
kibbe	1
honest	1
co-ran	1
thehipmunk	1
grow	1
laurschwarback	1
al	1
danielbachhuber	1
ap	1
buy-in	1
finalist	1
üìÖ	1
simultaneously	1
co/2ypm7awddo	1
hackillinois	1
paymanofficial	1
bb	1
fkh	1
gerald	1
prove	1
scottpony	1
bi	1
rojosroastery	1
üì±	1
co/onwpzjij	1
\are	1
moron4hire	1
systems	1
develops	1
foot	1
3gs	1
email!how	1
enabling	1
outstanding	1
quicker	1
flo	1
folks?	1
cm	1
need-	1
co/ngojsuo54	1
cs	1
co/wzjiah3huu	1
votes	1
ipodliftoff	1
interview	1
dd	1
dj	1
co/jbzghpcbnc	1
grub	1
f/	1
co/y8ftewidgcrt	1
ly/36ylwrt	1
york?	1
$1000	1
f8	1
(guest	1
yerself	1
woo	1
won	1
justin	1
creativity	1
co/dv3fzot9we've	1
simplymeasured	1
ly/bd8c8jrt	1
co/fi8c4ykris	1
eg	1
co/46pzkf3s	1
fbstart	1
el	1
panma	1
rihanna	1
goodies	1
toured	1
ew	1
(1955	1
first-class	1
pycon	1
jfarrukvery	1
round-up	1
fo	1
watching	1
co/rj‚Ä¶karina	1
co/ny4csxgythx	1
fox	1
plow	1
perhaps	1
travisbloom	1
austinmcraig	1
barrie	1
adamsc64	1
bitcoinmoney	1
ineedshirtsrt	1
texting	1
open-source	1
vinylandvodka	1
fork	1
form	1
500	1
ly/dftpvdrt	1
ha	1
co/qysieyjh2zrt	1
cc/hjqrt	1
withdraw	1
ism's	1
w/$1	1
use!rt	1
clowning	1
fri	1
ii	1
likely	1
fro	1
plates	1
relationship?	1
‚Ä¶check	1
thanks!	1
gave	1
co/vrfompa5mprt	1
annoying	1
missambear	1
co/lsbtnz3dvslearn	1
jennifer	1
$11	1
jo	1
$12	1
$15	1
fahey	1
$18	1
sfzizzo	1
marissa	1
dat‚Ä¶rt	1
plugged	1
co/decfb1b9lyyou	1
thegreatwazu	1
co/8blrzbhdtn	1
3pm	1
üòÖ	1
la	1
worthitforthealerttonesee	1
lg	1
chalkboard	1
$1k	1
ixdiego	1
üò∏	1
us/cash-deliveryrt	1
leukemia	1
movember	1
montreal	1
co/vps3fw5w	1
photos	1
morgan	1
picked	1
mg	1
venturebeat	1
fintechhack	1
communication	1
ly/ajhuahrt	1
$41	1
mo	1
3rd	1
mr	1
nickshum	1
feeling	1
co/focjjspz6v	1
plug	1
flyingnome	1
heat	1
kendall	1
com/mcrossey	1
530pm	1
co/oxqrfil6zscheck	1
gifi?!rt	1
lishubert	1
$4k	1
kalifornia	1
om	1
batteries	1
http‚Ä¶rt	1
andrada	1
chanceycharm	1
co/hjohmv6	1
co/xyiama1jrt	1
jfarrukhey	1
zayasdesign	1
pf	1
kisses	1
peoples'	1
sitting	1
co/nk4dwnhdlz	1
pt	1
py	1
c‚Ä¶obligatory	1
ellwheeler	1
grouper	1
co/nycc	1
clever	1
jfarrukcome	1
month's	1
straightened	1
shout-outs	1
maxstossel	1
paytech	1
perpetually	1
co/zeifynw9hart	1
techcrunchrt	1
üéÉüíÄüëª	1
mmall	1
brandperfect	1
teachings	1
co/aojvm81irt	1
‰∏ø	1
katewinckler	1
lauraxplora	1
belly	1
co/inaqjssapqjoin	1
executed	1
seem	1
toasted	1
josephskousen	1
se	1
benwmax	1
lecture	1
apart	1
issuing	1
bag/briefcase	1
com/mattrt	1
mattmatt!really	1
necessary	1
-https	1
singly	1
ly/ddbldxsecurity	1
co/hctljku	1
com/the	1
linting	1
co/zqegcbr‚Äùnice	1
te	1
ts	1
v6	1
venmoha	1
joins	1
tu	1
üçï	1
tv	1
co/ffl09aow8wrt	1
co/yihzaplothanks	1
gregoryhills	1
co/5zy3fwy6wvrt	1
livebythecode	1
rules	1
greenapril	1
updates‚Äîpush	1
ui	1
uk	1
co/teywaq8h4eso	1
ux	1
üçª	1
mr_victor_black	1
purchases	1
aplicacion	1
00185000	1
thin	1
week-mobile	1
minters	1
generationy	1
sorority	1
streamlined	1
bsdclothing	1
changer	1
gummy	1
com/i/justin-h	1
gah	1
kellyrmcnamara	1
gap	1
presidentsday	1
gruen	1
ryanpkirlin	1
‚Ä¶thanks	1
minimally?	1
type	1
ye	1
april	1
team?	1
team>	1
terms	1
co/48jfu1iknz	1
co/exyhxzxjwurt	1
teams	1
tracetalks	1
venmoso	1
more‚Ä¶rt	1
co/x5z‚Ä¶we‚Äôre	1
gwendyt	1
venseparatorview	1
co/aqzgggkzxert	1
anyone?	1
people!thanks	1
promo	1
ger	1
co/lngl7pkna6	1
co/guw2fxi0oo	1
ebrew	1
nagging	1
feesrt	1
precious	1
sell	1
coffin	1
transformation	1
co/gpwwv1ispnrt	1
shirt!team	1
wsexton	1
typo	1
co/0asvlvxyvq	1
self	1
jfarrukanyone	1
dress	1
co/hip1clhandroid	1
alexa	1
simplehappy	1
co/2cxkceph0nif	1
co/qqjkezameyrt	1
samanthadennis	1
circa	1
translate	1
check-in	1
kr/p/8hroeiphoto	1
wharton's	1
chemex	1
Ôæö„ÄÄ„Éé„ÄÄ„ÄÄ	1
ihatepapermoney	1
her!	1
co/2s7o4nyqcongrats	1
ghc	1
noneck	1
dishing	1
soshiolize	1
aajain	1
laurhines	1
meetups	1
feud?	1
valley's	1
shrimp	1
purpose	1
randomtech247	1
co/q8	1
security	1
servers	1
challenged	1
phillies	1
co/hqjhipkpx7	1
factory	1
pmic	1
tl/pqu0mw	1
milwaukee	1
by!rt	1
co/lpygyehopvwe're	1
team!	1
anthem	1
master?	1
ressler	1
joshdance	1
mmplaying	1
social-	1
co/8ixd7cju	1
atmasphere	1
co/ghikkfizvenmo	1
co/xttmzthueb	1
slush13	1
aliweeez	1
co/ny4csxgyrt	1
mind-boggling	1
interactees	1
girlscouts	1
nancycc	1
i/m	1
i/o	1
verb‚Ä¶	1
heather	1
cider	1
fwdvault	1
hackin'	1
giveaway	1
life?rt	1
sets	1
getinstinctrt	1
1password	1
turtlekiosk	1
com‚Ä¶rt	1
co/xye3fpz3ehrt	1
venmo-ers!rt	1
iou's	1
co/ny4csxgysee	1
co/36gdzbjjij	1
whatsamalick	1
hackerschool	1
greenschool_nyc	1
co/cecz9p5a8x	1
co/iygwu0rah8between	1
atm-ed	1
co/fr2tqlrli8rt	1
slots	1
prolly	1
ericaswallow	1
movingonup	1
success	1
co/vgkyph2jthanks	1
kevinnorman	1
fragmentedcast	1
babaganoosh	1
young	1
obsolete	1
co/1nq6fhlg9brt	1
meganne	1
com/s/etzgreat	1
chrischancey	1
mrkeithmartin	1
pulakm	1
heyp	1
jfarrukplease	1
lifepages	1
battlefield	1
co/mmwu9pxzoirt	1
lady	1
analyst	1
co/brvf82hvrt	1
inception	1
co/h6z5vj95bv	1
delivered	1
entire	1
approach	1
(lga	1
co/rqkdhqdben	1
borrows	1
co/tmmhdnm2lokeep	1
intro'ing	1
co/qrtkzvsfq8rt	1
co/cwrvhvbdcheck	1
co/ojg0xv0nwe	1
co/6fzamzk4tyrt	1
johngraham262!	1
mula	1
intelligence	1
innovator	1
million	1
factoid	1
most-recognizable	1
ly/g0dwwmrt	1
co/pdvtakt1dmrt	1
bull	1
riders	1
instant	1
co/0oqt31vxiart	1
mason	1
huffpo	1
co/nuzonaqdhey	1
debit	1
tempted	1
particularly	1
homemade	1
heading	1
worrying	1
opportunities	1
tferriss	1
teh_maxh	1
lingering	1
lindsayberbs	1
framework	1
ccarella	1
desk?	1
co/ndzdq5vycxrt	1
|„ÄÄ„ÄÄ	1
philly?	1
coreylubo	1
'win-win-situation'	1
co/oy4cdm8gmd	1
pintereststeve	1
discusses	1
annie's	1
waltmossberg	1
mcommercert	1
co/sczohn0jgreat	1
lik‚Ä¶heart	1
password?	1
tick	1
basis	1
co/mezqxdiwcongrats	1
aplusk	1
driskill	1
gym	1
basic	1
5000	1
tsnfbjoin	1
aliciacox2	1
accidentally	1
extra	1
busy	1
co/rixuhhxkid	1
webbie	1
evp01	1
futureselfservicebanking	1
co/lqy979la8d	1
co/1jzhpnq67hrt	1
not_pele	1
oscargt	1
cyber	1
lindzsays	1
co/qxbz1ygj	1
wall	1
co/gtl9szinxhrt	1
co/hgloomxuin	1
marry	1
discussion	1
value?	1
iamrickharris	1
co/0n6zazqn	1
com/xpgy7f7dfthat's	1
simplenote	1
patientlywaitingthanks	1
thinks	1
events	1
marisazupan	1
jtdowney	1
co/la9xasdd5g	1
unnecessarily	1
ly/lmisvm	1
steaks	1
javascript	1
kong	1
midtown	1
co/pjcdevm59b	1
accountrt	1
feynman	1
circle	1
dwolla	1
goofy	1
hitting	1
anyway	1
pilgrims	1
com/xpgl0n717rt	1
defense	1
larrylegend	1
arts	1
hashtag	1
ceil(	1
co/tovfsbm8svrt	1
beating	1
tommyup	1
tweetphoto	1
automated	1
charm	1
timholley	1
co/nb8vl9hcmove	1
till	1
wednesday's	1
therollinger	1
needing	1
secure	1
co/svuwhcto3nrt	1
jaredbh	1
alexknowshtml	1
basically	1
hat	1
avenue	1
glympse	1
haz	1
definite	1
caramel	1
hackcolumbia	1
co/i9y2ecp9tkrt	1
robertjli	1
gbattle	1
chalk	1
hbs	1
lhartfeil	1
healthyout	1
cpfsofficial	1
co/mjjqlilz6mit's	1
impossible	1
effort	1
showdown	1
jewish	1
ly/dp0bem	1
yea	1
sorting	1
get's	1
agobaud	1
‚Äòvenmo	1
commissioners	1
sanfrancisco	1
yet	1
co/evrefbh4h3did	1
namslam	1
delightful	1
time!thanks	1
alice	1
chrisdigital	1
tootsie	1
plowing	1
ninamehta	1
tal‚Ä¶lucas	1
co/zanw5w2rrt	1
chris	1
mintues	1
drinkup	1
hi!	1
mom's	1
non-believers??rt	1
braintree‚Ä¶rt	1
co/ix46rdi2pistop	1
techreview	1
chair	1
business-to-business	1
weareprolific	1
svershbow	1
deleting	1
lays	1
kimmaicutlerrt	1
mmeat	1
beat	1
bear	1
potential	1
again!	1
co/prbqtz8xgm	1
hour!thanks!	1
lounge	1
themediacaptain	1
co/lvidroia9khappy	1
josiahq	1
dreamrt	1
summerjoy	1
chrispetescia	1
btwhar	1
co/smz7ly7ya	1
polished	1
elitedailyrt	1
brewing	1
event-	1
co/7mikyleuthanks	1
deserve	1
banner	1
venmowe're	1
interviewed	1
meal	1
(almost	1
throwaway	1
whartonentrep	1
attendance	1
co/8rpfl0wm7vhey	1
thant's	1
w/venmo	1
com/s/hvzrt	1
spiffy	1
kaffkaff	1
bees	1
gcsf	1
coolfor	1
tahoe	1
co/vta5bavprort	1
(java	1
janicemomoko	1
deals	1
co/ygti9hyjhlrt	1
jrlevine	1
co/qft9jbziggrt	1
mega	1
co/vnjsj1rejqthe	1
hoo	1
00rt	1
assembly	1
brookeburdge	1
co/8cnn83firt	1
scottmbarrett	1
chip	1
co/smcvwyurt	1
we‚Ä¶rt	1
trucks‚Äîhave	1
laguardia	1
veteransdayrt	1
popped	1
machinesrt	1
thrive	1
burritonao	1
celebrity	1
questions	1
promise	1
ericlach	1
com/s/kqzrt	1
cameo!our	1
hotcool	1
melodyhan	1
awesome!rt	1
venmo?we	1
com/i/orchidliu-187rt	1
hrs	1
kschaller	1
vision	1
life-changing	1
(mfa	1
co/bpixeximgn	1
co/do9wjodri	1
ly/awx9lz	1
macchiato	1
rayscyst	1
lagos	1
alliebradleyy	1
cursors	1
jennifersun	1
toastergiveaway!rt	1
although	1
co/ezpbwbcfwe	1
nancy_from_e3s	1
work?rt	1
president	1
hut	1
kitten	1
product?	1
cofounder	1
ssssh	1
sweetiewill	1
geinfran	1
co/ciihfv3ujust	1
app!thanks	1
like!so	1
bounty	1
mario	1
easy!thank	1
fbch-ching	1
afford	1
asks	1
impression	1
mobilecommerc	1
acting	1
explores	1
aporkalypse	1
obsession	1
andreahong	1
jfarrukwe	1
ryanunderdev	1
miradu	1
nyc's	1
fire!	1
com/xpg20fs9bsrt	1
kyledoebler	1
ly/push6wish	1
co/3tc3yzxrbunothing	1
co/ck9y5qzhrrrt	1
benkunz	1
cheaper	1
charities	1
nchirls	1
co/0go1uj8vteam	1
downloading	1
ericinphases	1
swnyc	1
international	1
ly/gqrfkvrt	1
accepts	1
com/xpg2rlle9trt	1
samfbiddle's	1
co/8enxmre3‚Ä¶rt	1
lifehousenyc	1
nyti	1
juliecatmc	1
nolart	1
w‚Ä¶rt	1
co/grzssy5ngirt	1
nexus	1
frak	1
fran	1
walletpopper	1
stand-up	1
transform	1
7huck	1
uptilt	1
rubs	1
certainly	1
johnston_g	1
mayafish	1
cosson	1
ruby	1
webviews	1
opinions	1
nessence	1
edward_c_waller	1
co/zwo7zc8tghcheck	1
on!!	1
ibottaapp	1
co/uoyrp1g0ilrt	1
pumpkins	1
based	1
mets	1
co/fuszc2bcirhere's	1
thrivewithsarah	1
_alastair	1
saturday	1
functional	1
fact	1
omgubericecream	1
justsayen	1
venmo+foursquare	1
overdue	1
co/ryovjlggifrt	1
ian	1
kirimara	1
msg's	1
equality	1
co/vrnwtqynweread	1
Ïä§ÎßàÌä∏Ìè∞Ïù¥	1
rent/bills	1
co/f7o220jfldshoutout	1
nightlife	1
it'‚Ä¶enjoying	1
face	1
trips	1
scuttlebutt	1
co/er5nfzpxthis	1
uber_sf	1
aspiring	1
co/1o4rbbmd7ort	1
the‚Ä¶rt	1
co/2hkgvj3qiv	1
frog‚Äôs	1
whenever	1
fisiononline	1
co/iggrx8ncmi	1
zee	1
ly/glugmnrt	1
co/7ym9ghhlgqwith	1
co/blsriqniiywe've	1
zilch	1
staring	1
andersonrugby	1
featuredapp	1
co/eewmlqkvm1we're	1
jiez‚Ä¶our	1
us/bcxphy	1
cyrus'	1
justsayin	1
burritoz	1
co/sezdcqsxli	1
rule	1
parthg_	1
sane?	1
me/fgwooy!	1
online/offline	1
100th	1
co/lpcwy4a66brt	1
solutionsrt	1
rmmixd	1
comment	1
all-new	1
life‚Ä¶rt	1
burst?	1
fireside	1
bill/bar	1
Î≥¥Í∏âÎêòÎ©¥ÏÑú	1
brownies	1
co/roske2g4l8	1
tedtalks	1
brianwjones	1
co/exktwdkkn5spotted	1
co/1vwva1ytwe're	1
ly/dr9peg	1
venmo-lodging	1
co/lvu4rb2y9grt	1
bear's	1
jessicalathe	1
pgr0sshey	1
5appsrt	1
co/b7slx4gilert	1
adityaramachand	1
co/hsyux7n5check	1
co/cfop5b5hd5rt	1
kshiiba	1
refund	1
co/fyy9ga0agmrt	1
diner	1
everything!rt	1
cushions	1
pennappscongrats	1
pictures	1
fall	1
nobody's	1
doour	1
boiler	1
flurry	1
bway	1
before?next	1
ly/venmo-androidhappy	1
memes	1
spencerchumbley	1
co/pnncwjiandpumped	1
co/cbmbyiwinew	1
appearance	1
runs	1
desserts	1
off!!	1
lambert	1
to-do	1
even‚Ä¶	1
twentysomething	1
nicole_monahan	1
co/4ubf1ptvvenmo	1
insights	1
finished	1
co/snqj0kaqrt	1
zeromq	1
in?	1
fame	1
co/‚Ä¶inadvertent	1
steak	1
parselt	1
according	1
com/xpgk7xr63who	1
rosslarocco	1
steam	1
fastcompany's	1
haunting	1
easy-peasy	1
ing	1
co/ayheuzqrlzsearch	1
foragesf	1
bus/showroom	1
brokyo	1
co/0najtmpobjcheck	1
sweetheart	1
bicycle	1
shakes	1
resolution	1
iou	1
properly	1
week!	1
2neeraj	1
poop	1
ipa	1
nydrawingbooth	1
guyfawkes'	1
bloombergtv	1
rotolo	1
virtually	1
soonlet	1
far?	1
hour!rt	1
airport	1
co/9t5y1cfs2yget	1
by¬†melissa	1
co/semigz7j	1
oscars2014venmo	1
pop?	1
weeks	1
sptolboe	1
pork	1
me/ixp4bnthanks	1
is?	1
happyfridayvenmo	1
it!	1
himthanks	1
„ÄÄ|„ÄÄ|„ÄÅ	1
pos?	1
dn0t	1
mobile-payment	1
venmoghcrt	1
withnice!	1
co/591hnkwrt	1
co/inss‚Ä¶rt	1
inc's	1
it;	1
co/zk6l6vemvrnot	1
nickled	1
co/qqdsjih8tf	1
co/e8olwbx3qort	1
scottrieger	1
anujnayar	1
adrianchen	1
nina	1
shelf	1
venmoment	1
smallest	1
com/xpg1zj75ohrt	1
$‚Ä¶you	1
mademydaythat's	1
choose	1
miler	1
rebeca	1
co/qjug5dbtpp	1
co/xur4xuflrt	1
sign-up	1
beta-test	1
chsfleming	1
lunch!!rt	1
co/zwbc9e0vxkour	1
co/klagxg17ni	1
foodrunnerssf	1
co/ua1enhgevenmo	1
pandodaily	1
improvement	1
latelyivebeen	1
co/ehvzhlw7bnrt	1
shiznit	1
venmoalways	1
catchaf	1
omgubericecreamorsomething	1
payout	1
them!rt	1
ikea	1
riesling	1
social4media	1
co/efmp2axapfrt	1
consump‚Ä¶rt	1
_cs2011happy	1
com/2010/09/27/gifi/	1
tonight!surprise	1
tough	1
happily	1
miley	1
madpunjabi	1
tjhanley	1
ldringoli	1
fathers	1
x10?rt	1
momo_ma	1
co/jwuzhmf9lert	1
co/rthesvciwart	1
courage	1
gqmagazine	1
*happens‚Ä¶check	1
co/qpmjxgkvairt	1
babyrt	1
jenga!friends	1
decisions	1
com/5xre2cjrt	1
nothin'	1
filled	1
dlvr	1
powerful	1
heartbleed	1
jfarrukmos	1
co/sczohn0j	1
thanksfuturenice	1
spiced	1
o‚Äôdonnell	1
ty_frank	1
regususa	1
finale	1
clock	1
panorama	1
mhil1	1
danyacg	1
co/jjerwtu8z6	1
an‚Ä¶a	1
nickperold	1
bill-splitting	1
twenties	1
looked	1
us!via	1
lewis	1
profilesrt	1
co/75mqyayo2jrt	1
application	1
productive	1
4/17	1
lastest	1
reason	1
rsvp'd	1
acts	1
co/‚Ä¶why	1
jan	1
jam	1
exclusive	1
timeinc10startupsrt	1
gentle	1
amiright?	1
‚Ä¶one	1
venmo!hey	1
now?rt	1
cgawker	1
todayrt	1
grumpys	1
completed	1
demand	1
concept!rt	1
nycrestaurantweek	1
screenshots??	1
newsletter!we	1
mattcharris	1
shoulda	1
score1	1
annually	1
jasonashlock	1
goodyhair	1
‚Äúchoose‚Äù	1
venmosfortoastwin	1
dpirottert	1
500strongrt	1
jfarruknow	1
releasing	1
jco	1
popular	1
pudding	1
digidj	1
inte‚Ä¶we	1
shit	1
co/s83vxk5g0x	1
allenburt	1
fabulous	1
belated	1
chrisheuer	1
tweetecon	1
venmobehind	1
jfarrukenjoying	1
co/ddo‚Ä¶our	1
losers	1
individuals	1
co/l5xpdscd2drt	1
preach	1
helpful	1
parked	1
levelmoney	1
creditcardroulettert	1
jfk	1
difficulty	1
gorodemode	1
everywhere	1
parties	1
parker	1
leaving	1
dcconcierge	1
gigaomit's	1
whiskey	1
now!you	1
distance	1
co/6swq9rz8r8	1
shot	1
24-hour	1
street	1
gelt	1
plains	1
takers?rt	1
outage	1
evening's	1
kkristensen	1
ericts8	1
venmo!soon	1
caoc!rt	1
goofiness	1
suddenly	1
receipts	1
co/pf7gdrbkmn	1
compensated	1
sibling	1
guidance	1
d‚Ä¶venmo	1
blueprintrt	1
penny	1
tissue	1
billing	1
co/ya60m8sbng**blushes**	1
flirts	1
waits	1
jrallison	1
team!happy	1
runners	1
rely	1
tinder	1
jordancox21	1
dannibegood	1
co/tjva4cesn5rt	1
bearers	1
more!rt	1
*spectacularly*	1
*wednesday*	1
hassle	1
commonschelsea	1
daisy	1
architecture	1
co/iftzcm4d2bmillennials	1
njdarrah	1
mittromney	1
com/sxswwho's	1
cc/roqrt	1
co/u9gekiaart	1
momtrends	1
charm!rt	1
mantia	1
citiznwnderlust	1
4sqhackathonteehee	1
co/fbkbvn9qt9a	1
co/fo2ciiqmhello	1
ious?	1
jfarrukdear	1
glyndot	1
influence	1
cloud	1
co/xnqg3rort	1
it!down	1
pmablog	1
get?	1
$10m	1
wrapped	1
bi's	1
you‚Äôll	1
marketplace	1
techieshang	1
nicoleyaciuk	1
softball	1
detective	1
dorts	1
co/tbpyfunei1thanks	1
nominating	1
co/qsk8pjtucelebrate	1
daughter	1
nonprofit	1
eatpaylove	1
desieliz	1
wait?	1
mmthank	1
bcirce	1
cc/qmqrt	1
joy	1
co/7tg1pvduyr	1
billion	1
impress!join	1
miracle	1
com/xpg139uk56we	1
co/bllpunj4xjrt	1
lifebeforevenmo?	1
co/qkkaedcwz0	1
bad/unhealthy	1
puppet	1
afternoon	1
firstworldproblemsblackberry	1
‚Ä¶we're	1
showclix	1
callmeamart	1
soooooooo	1
mozart	1
co/qjoi3‚Ä¶rt	1
raksheen	1
me/ujn	1
scrolled	1
co/2nuw97iz47rt	1
internetweek	1
sirpemberton	1
jones	1
co/kcylqmbizawe	1
co/766vp14	1
paypal-ers	1
üëåvenmo	1
hungry!rt	1
matic	1
incorrect	1
entered	1
holler	1
difficulties	1
digits	1
luhh	1
jug	1
jtg‚Ä¶rt	1
roomy	1
kristine_dg	1
addictrt	1
developed	1
sxswi	1
igloo	1
co/dnpy8axrt	1
contact	1
co/y6xmfdggdf	1
co/vd5ubbcu8l	1
lovetechnologyjust	1
amandapey	1
kings_gate	1
co/mmhh7bfap8track	1
sendgrid	1
phonewalletbaby	1
co/6nsln1ailm	1
itare	1
zagat	1
childsplayx2	1
booked	1
visiting	1
joesorge	1
co/rx4avz0jiwdid	1
salute	1
symposium	1
co/9teeqvk6apwith	1
jwegenernice	1
reals	1
co/nfjjawpowe	1
everrt	1
liveswe	1
7th	1
victory!rt	1
biztechwharton	1
they‚Äôre	1
must-haves	1
co/22cd1lbgb0rt	1
co/ibtbuetiylthe	1
charfit	1
commerce-focused	1
vettechtrek	1
co/omsl2ujceslike	1
jstanwix	1
mechanical	1
davetisch	1
jmpelz	1
mikeyavo	1
ly/eawokhrt	1
director	1
co/mvmu1hc1ws	1
330pm	1
*b-berry*	1
w/text!	1
co/jodwjcb9zirt	1
luc‚Ä¶icymi	1
co/ld7lrlcjlove	1
thanks!rt	1
ly/dht8eolet's	1
wocintechchat	1
earlyha	1
extras	1
wednesday?	1
startup's	1
aura	1
zeemuffin	1
composed	1
chinchillas	1
watch!thank	1
redheadjessica	1
techcocktail	1
hide	1
co/egjyt6unvlfirst	1
sabrinart	1
friends‚Äîperfect	1
there?	1
auto	1
chandelaine	1
knees	1
there!http	1
07/18	1
high	1
(photo	1
co/njjc66obvictor	1
post-vegas	1
throwdown	1
disruption	1
(tcarik	1
preserve	1
co/chj1obieuzrt	1
focused	1
kane	1
parents	1
„Å∏Ôºº	1
co/usxectiqyfrt	1
decent	1
zeehand	1
newsfeed	1
nowrt	1
lupita	1
plays	1
initiative	1
waldopiehead	1
aaronfleishman	1
ly/b41rcq(watch	1
co/nhjvdwytrt	1
newsfeeds	1
co/zi85cmw3h4are	1
googlewallet	1
blades	1
movenbank	1
com/3q2bcwrt	1
upper	1
everyday‚Äùrt	1
objective	1
freelance	1
ly/brdcnyrt	1
ly/ixp85drt	1
bars/restaurants	1
hurricane	1
co/mb37bypagreat	1
incmagazine	1
co/lsro8s5ocheck	1
sickrt	1
chrstpher	1
crunchieswant	1
painless	1
co/qbdfxjoyea	1
com/iphone	1
co/1gvks8ihrhrt	1
stopped	1
co/kozoc2ohkfcheck	1
katy	1
co/fzplyvx4uvrt	1
fm/bcisgert	1
katieswett	1
ca-ching	1
co/ghg2hgznoq	1
jgall0610	1
history?	1
day!thanks	1
night!	1
popmoney	1
ly/gyk06e	1
degree	1
co/dtzyw6kzw8rt	1
brazilian	1
deliciousness	1
shiprab	1
hint	1
co/rjhit29ghbwe	1
night-	1
co/rohjesoethanks	1
speeding	1
mondaymotivationwhether	1
optimistico	1
nonprofits	1
robertjmoore	1
figured	1
f‚Ä¶celebrate	1
buzzfeedrt	1
blues	1
co/kunpehu9ywthanks	1
world's	1
co/0mhr8pabrt	1
collects	1
us/b726m6	1
aired	1
braintreepowered	1
dsap24	1
co/tnwrkhg0nysee	1
co/esee6fi7	1
un-enlightened	1
pairing	1
brownuniversity	1
hotsheet	1
gosamrt	1
co/c9bju4ct3hkristian	1
garysguide	1
specially	1
diplo	1
com/n7b8cjrt	1
co/ghml8eylzqwant	1
goodies!hehe	1
bloombergnewsrt	1
sxsw2013	1
microkaitlin	1
repped	1
evolution20	1
com/4sqrt	1
nicmcc	1
logging	1
blogspot	1
earthday	1
crossi	1
bigeko14	1
com/really?	1
16th	1
overseas	1
com/xpgk49dnr	1
announcing	1
co/0onswdccgm	1
regular	1
gre8t1	1
observation	1
bigger	1
com/xpgihqfsjhello	1
away‚Äî	1
co/1tapo3ysrt	1
brodyberg	1
lead	1
co/f5gmir6rt	1
hits	1
spaceship	1
site	1
loudestnoise	1
minted	1
venmo!great	1
ly/j4jfjust	1
40thpolishing	1
teamgivelet	1
padres	1
crashes	1
bustle	1
gabmioore	1
co/67eyjdqad5rt	1
describing	1
rylab	1
officert	1
edwinblanco	1
akraut	1
accepted	1
comparing	1
lager's	1
excitement	1
burrito	1
ly/lbr3wnhappy	1
chptung	1
r0naldrj	1
rapgenius	1
ly/hpaudnrt	1
co/te6rwjxrqrhave	1
co/evss3rinuort	1
shawnroller	1
eringriffith	1
greatest	1
'n'	1
co/nm82hirf9frt	1
compliments	1
match	1
com/s/evzrt	1
alphacolin	1
garyvee	1
keidson	1
informal	1
prepare	1
awesomebos	1
spoke	1
co/avrfl8bcanother	1
jasonmeltzer	1
ly/9kg6ol	1
futuresweet	1
mandybess	1
fitocracy	1
whatupcal	1
lego	1
poehler	1
cross-team	1
brooklyn	1
cupofexcellence	1
billionth	1
‚Ä¶	1
attendees	1
jfarrukthe	1
gosam	1
someone?	1
brynn	1
co/lamwn11dmdrt	1
co/3m9vizmhvd	1
(though	1
stevenwelch	1
nytechday	1
co/wl1q5gju83rt	1
rayraysaadiq	1
licks	1
violets	1
babynamesrt	1
minds	1
bhnd	1
kaleazy	1
zachhallervenmo	1
tornadotexan	1
rebuild	1
gd/ix0xd	1
co/1lsf08qmirrt	1
lanebernesrt	1
setjam	1
redux	1
missmarch	1
shift8designs	1
implement	1
mkatase	1
taxman45	1
co/lkm0yclscpthanks	1
lugar's	1
danielzarick	1
things!	1
drinkjust	1
craigslist	1
romantic	1
elliptical	1
hunch	1
ticket	1
tonightrt	1
floyd	1
approval	1
arudmann	1
co/eydlvosdi2rt	1
amped	1
realized	1
idearocket321	1
sfgiants	1
ly/b3qtth	1
splash	1
brilliant!rt	1
geno's	1
rainy	1
liftapp	1
ca-chings	1
„ÉΩ_„Å§	1
ly/c3k3rirt	1
pinstack	1
considering	1
co/9lilmqmjust	1
mashwork	1
spots	1
managers	1
co/y4bp4kexizinterested	1
co/c0wr1vfudethrilled	1
co/1kbodioeagreed	1
maxbeatty	1
in_n_out_burger	1
matter	1
alerting	1
relaunch	1
ahhhhhhhhhhhhhhhhhhhhhhhhhhhhhhhhhhhhhhhhhhhhhhhhhhhhhhhhhhhhhhhhhhhhhhhhhhhhhhhhhhhhhhhhhhhhhhhhhhhhhhhhhhhhhhhhhhhhh‚Ä¶lucas	1
craigkon1	1
noise	1
bills;	1
varud	1
dorkitude	1
chandlerlaing	1
retweet	1
mickeyreiss	1
rgallentine	1
reminded	1
itunes	1
pr/vhzawell	1
nytrek	1
communities	1
capital	1
„ÄÄ(„ÄÄ(„ÉΩ	1
<3today's	1
johndbritton	1
accohen	1
meganduffy14	1
co/syikg0k0xvthanks	1
co-hosted	1
leela108	1
coffee/dinner/beers	1
west	1
comsouthpaw	1
sammaddenr	1
nytechblog	1
!fbrt	1
open-sourced	1
law	1
monikacjansenawesome	1
coins	1
adventure	1
naming	1
billrt	1
troop	1
ronnysugarr	1
generous	1
com/xpg1r3qkowthat's	1
tropo	1
hubbubcoffee	1
co/ztg30anyvtrt	1
investor	1
pillow	1
fantasypayments	1
nyfts	1
joshuakarthik	1
beyondsushi	1
co/ao7emqtr‚Ä¶rt	1
co/pi‚Ä¶rt	1
sterlingrules	1
itsmagicm	1
com/jkpz9pawesome	1
pbsdesigners	1
lifelessone	1
leg	1
merge	1
pref	1
wolfram	1
dough	1
co/ab8imu8fgreat	1
$500m	1
co/dhpwjvdrt	1
labels	1
tonytee33	1
emilygannett	1
co/focjjvb	1
overnights	1
com/s/cjzrt	1
killing	1
peeps/lovers	1
ericfriedman	1
screenshot	1
libbybrittain	1
‚Äúdollar	1
carik	1
neonash7777	1
mrglu	1
situation	1
preso	1
sxsw!check	1
‚Äùsick	1
co/hl9m8ncjdi	1
stackdenverwant	1
co/a7‚Ä¶check	1
withdrawal	1
high-level	1
takeaway	1
difpul	1
quit	1
fashion	1
surely	1
swipes	1
(cc	1
natalierachel	1
lin	1
fun?	1
wall‚Ä¶the	1
lip	1
pre-pay	1
mimul	1
co/skejudibbxrt	1
eric	1
home?	1
pago	1
timisbusy	1
repping	1
____________	1
co/jl6clfbu	1
full	1
panache	1
chrisdemi	1
painful	1
bonuses	1
75‚Ä¶rt	1
nsidert	1
mhstill	1
jle7775	1
pair	1
strikeoutals	1
herbie	1
you!thanks	1
lucas?	1
picthanks	1
co/q1sovmhbqsif	1
studio	1
palo	1
palm	1
campuswall	1
wpclasstrip	1
eagles	1
cheersphoto	1
uniqlo?	1
whoever	1
kelloggfairbank	1
co/z8uqytw0rt	1
drewcoffman	1
co/pwyhwzavtiwork	1
lonely	1
aliweeezrt	1
thestartupbus	1
(ha	1
purefare	1
(he	1
co/udrh3mzdvenmo	1
provide	1
co/9tkk2t0icheck	1
lauriesegallcnn	1
aaronhughling	1
meals	1
drzhang	1
log	1
lol	1
cc/pmqrt	1
teaching	1
(in	1
(2010	1
los	1
pros	1
fundraising	1
blackfriday	1
‚Äòn	1
cellphone	1
com/simplekitchen	1
means	1
funding	1
wwdc	1
prof	1
‚Ä¶holiday	1
vemno	1
hickory	1
fellow	1
$350	1
clip	1
co/gllmtkdwe're	1
/„ÄÄ‚åí	1
com/android	1
merry	1
blaines	1
unpacking	1
triedrt	1
co/y7iuv4jk	1
us/hypsgzrt	1
wavesforwater	1
curiosity	1
ly/d2oj1i	1
particular	1
ms/bdfqp9rt	1
on-the-go	1
zackgilbert	1
$35m	1
one-touch	1
dont	1
ashleyyang	1
‚Äúa	1
cookout	1
conversations	1
bike	1
costanza	1
ditching	1
sblaufuss	1
veteransday‚ú®üé©	1
ajbombers	1
undergrad	1
johnnystartub	1
thebeatles	1
(no	1
mashstartups	1
seeking	1
jinhwang	1
maddencorner	1
interaction	1
co/sp9vta8zvenmo	1
üí∏üí∞üíµrt	1
venmosfortoastwe	1
fitting	1
apartment	1
nicjohnson	1
co/dr94reylumrt	1
lun	1
htt‚Ä¶(‚Ä¢_‚Ä¢	1
(or	1
conducting	1
fingertips?	1
venmo‚Äôd	1
path	1
co/btqz9vri	1
record	1
gregory-rogers	1
(freeware	1
at-channel	1
lvm	1
delightfully	1
milk	1
(ps	1
love?you	1
s4xton	1
deets	1
eats	1
organized--	1
co/uarrqy1qinupdates	1
co/d3peo5aioort	1
co/vf6ecvfigurt	1
mmyou	1
apstrata	1
startups?	1
notoriace	1
adoption	1
amalucky	1
co/n7bhdqie4fif	1
philadelphia	1
mine	1
mind	1
tsantero	1
me/fgwooy	1
involve	1
ly/eu7zwvrt	1
nocontestrt	1
daniellemorrill	1
co/ixchug76hey	1
ly/3a	1
jeffsepp	1
tinypickleface	1
co/9x693ickvbtoday	1
added	1
co/f63jd7uhavvenmo	1
celcafert	1
launching	1
habit	1
legal	1
pay?	1
jamescma5	1
dailypenn	1
co/ya7rfar9lh	1
co/shdlbdtmderead	1
andyswanfind	1
co/bipoaylojoin	1
rather	1
touchid	1
dispenser	1
'killer	1
joanscdp	1
poetry	1
jfarrukbbq	1
30waystomakeagirlsmilert	1
co/b4hmmmyvrt	1
sephora	1
most‚Ä¶rt	1
co/9jf9asuaqdrt	1
co/hm4acg1csort	1
individuality	1
recoup	1
caityweaver	1
seffikogen	1
caseypugh	1
brothers	1
rgasocialrt	1
co/qsz69uecbzrt	1
usually	1
letters	1
cookie	1
me/joiv3cvenmo	1
ash_fontana	1
/myasmine	1
patrix	1
hwgeeks	1
messages	1
krystlejiang	1
browncoffee	1
server	1
co/jjybkankxyrt	1
co/fyrxmshnk6rt	1
co/aktbymuemdteam	1
laundry	1
mybanktracker	1
echocheckinrt	1
paypalnonprofit	1
map	1
easier!happy	1
list!	1
rmfiii	1
/via	1
mba	1
‚ïØ	1
bootstrapped	1
co/zaaflmvi	1
$1hey	1
payalparikh	1
co/d1kaj01swiremember	1
contactually	1
bluecoatgin	1
legit	1
co/fal9v89du2	1
govballnyc	1
co/ggqbabcprs	1
Ôºº(„ÄÄÀáœâÀá	1
yourpalmal	1
julian	1
co/dducx2kiphone	1
(bout	1
background	1
lists	1
hasslesdon't	1
awww	1
co/oud7ey2ktmrt	1
we‚Äôve	1
push-ups	1
meg	1
patricec	1
postgresql	1
/‚Ä¶	1
designers	1
co/erzsblbnmh	1
ly/clbegnrt	1
co/cp8redecrt	1
spectaprod	1
lamanuy	1
co/nvxy2gzxzirt	1
paymentsrt	1
stick	1
year's	1
maewow	1
invent	1
goredrt	1
co/bviajqmb	1
heathercapri	1
dorylittle	1
o'donnell	1
uschamber	1
whateverrt	1
co/yxwi9gt1rt	1
disincentivize	1
ht‚Ä¶hey	1
invested	1
prolific	1
co/bz9xp1rx0e	1
grilled-cheddar-and-apple	1
association	1
jimcramer	1
withloudhands	1
mil	1
butterfly	1
interesting!what	1
last‚Äô	1
mix	1
dirty	1
co/ephlqepaevery	1
cashthanks	1
co/zuy8hfi	1
middle	1
nytransitmuseum	1
blizzard	1
xxbiekexx	1
com/xpgldsat2	1
co/epz9ui5gpb	1
co/onufukgelrrt	1
dan_manges	1
/‚Ä¶wishing	1
co/pawyurgnqd	1
holds	1
co/xi2mgxfagnrt	1
jheftmann	1
folders	1
ucla?	1
kortina's	1
monthsnot	1
funded	1
co/f47kps5hkxrt	1
bpapa	1
braintree/venmo	1
co/eipy4yotxvrt	1
solutions	1
bears	1
notifications?	1
polos	1
co/erl2l3jqklwe	1
com/iqram	1
co/yy9su2jtmuhappy	1
co/9ntr1vyaqert	1
internet	1
allow	1
mma	1
disneycharactersorstartups	1
‚Äúbuilding	1
cashrt	1
venmoers	1
tonight!	1
stocks	1
co/czmvlhcevwit's	1
frakkin	1
boomskimake	1
co/fqzfjnig8ewe‚Äôll	1
recently	1
marketinganalytics	1
co/1nwtcm5xhxlisten	1
katyperry?	1
co/oswijl1ha	1
tonight?	1
mnm	1
britney	1
incredibly	1
we‚Äôll	1
co/8rei11x0mwrt	1
intomobil	1
sunshine	1
‚úà	1
mangetout2010	1
whole	1
revolution	1
co/xfdq5y7ezirt	1
mos	1
micropayments	1
elevator	1
brendannee	1
slate	1
eyeing	1
collaborative	1
co/faqahzydaba	1
com/sugarphilly	1
signature	1
churn	1
co/fcnwmgtauirt	1
ourselves	1
chipotle	1
philadelphiadistilling	1
vday	1
believer	1
installation	1
nation's	1
co/cztlij‚Ä¶rt	1
spruce	1
mondaymotivationwe‚Äôre	1
co/lab7t1c0ycrt	1
co/2vjlrizuvgmit	1
alongside	1
eboz	1
blueprinttweets	1
sends	1
venmosfortoastthanks	1
schmitz	1
jenlkessler	1
co/p272txzyajrachel	1
ioers	1
‚úåÔ∏èrt	1
co/ryennyzmxq	1
ly/3aumh	1
htt‚Ä¶rt	1
co/p3fg21ckrurt	1
float	1
jordynhtaylor	1
sdgarguilo	1
officehours	1
up!today	1
huffpostblog	1
hassl	1
venmo!so	1
mta	1
ÔººÔºº	1
cutesy	1
discover	1
lotto	1
roulette?	1
ayaka	1
esta	1
co/fr2tqlaaqacoming	1
kuhn	1
celeb	1
muo	1
latimes	1
in‚Ä¶rt	1
pdlug	1
incubator	1
co/vwa91dew3h	1
nifty	1
co/l6ypfuatmlrt	1
temple	1
co/zz28aque	1
html5	1
co/ccvtgr9jmtwe're	1
betabeat's	1
co/sl3qzrbfblrt	1
ly/96qplart	1
saves	1
‚Ä¶the	1
co/fqchlfko	1
me/joiv3crt	1
co/onvuuodjrt	1
victomato	1
itthanks	1
co/27n5o81lcheck	1
aboard	1
happening	1
miketakano	1
beware	1
weiss	1
proponent	1
refuse	1
sleek	1
forbesdisruptors	1
sms!rt	1
prohibition	1
co/arow2o5xleever	1
startuprallyorg	1
androiddev	1
juliasivad	1
mwatson0326	1
rakhi	1
ebay's	1
weird	1
jeremy	1
slap	1
co/uk9vsoojvdour	1
anniversary	1
co/v7ifsqhbrt	1
momoya	1
troupforthewin	1
irlclub	1
us/9wdv11	1
fitness	1
jobs'	1
ly/gbgywz	1
seatgeek	1
christinacaci's	1
poised	1
ly/9fr5rm	1
wrote	1
volume	1
transact	1
googleio2014	1
clarabiznass	1
co/q4mjjuilbwjoin	1
‚Ä¶lunch	1
responsible	1
pcmag	1
dumped	1
usefulrt	1
co/jwkzj2gxvenmo	1
ask/recommend	1
adorning	1
rich	1
venmoapi!rt	1
(app	1
co/up3dl0shib‚Äúi	1
melowens	1
swear	1
300%	1
bimbimbab	1
millennials‚Äô	1
waywayapp	1
similar	1
co/x8thfvh3g9	1
co/sanvf4dyrt	1
thousands	1
nbd	1
risin	1
driven	1
roller	1
boxed_wholesale	1
creators	1
login	1
sandwich/pay	1
encourage	1
lildickytweets	1
potato	1
toms	1
ly/bhittn	1
joel_photo	1
vrviz	1
one‚Ä¶mad	1
cashed	1
keithstewart	1
jacklol	1
co/ny4csxgythat's	1
com?txn=charge&amount=2	1
ibeacons	1
herschelsupply	1
optimize	1
mobileso	1
(aug	1
90999	1
jgillman	1
venmo‚Äù	1
co/e5pkthank	1
out!thanks	1
joshuajantz	1
colleen_beezy	1
more?	1
j_rich	1
co/akumimxt6ert	1
expensify	1
co/sohkmhenr1	1
kool-aid	1
thinmatt	1
talented	1
easier!love	1
pav920	1
frontier	1
\(‚Ä¢_‚Ä¢	1
ios?	1
co/ock3ao5love	1
ssssss	1
surprisemoney!!	1
com/5mocbxrt	1
msitarzewski	1
branwen70	1
ios7	1
passcode	1
zizmor!rt	1
trea‚Ä¶rt	1
amendment	1
ring	1
co/9klehjfavenmo	1
implore	1
decided	1
rockstar	1
com/s/kioawesome	1
lanes	1
vendmo	1
hear!	1
nice!rt	1
models	1
adamjk	1
dining	1
bdays	1
zizmor	1
toss	1
mystery	1
slow	1
patched	1
alsassociation	1
$500	1
theladders	1
chicagoerin	1
cardio	1
literal	1
co/gvxmtbqypdrt	1
farrt	1
co/68euhcs	1
vendor	1
advertisement	1
foursquare/groupme/venmo/twilio	1
silly	1
bliss	1
jessesvaughan	1
blaine	1
royalcoffeeny	1
absolute	1
teamgive	1
perry	1
co/k1fgupikzirt	1
royals	1
co/odpoo5brt	1
segment	1
hooking	1
solver	1
co/6d1uezcnamhere's	1
gabimoore	1
imagine	1
sqlite	1
ranhalt	1
whatever	1
royrod	1
co/4pifr7rw1ytoldja	1
andreaepalesh	1
distance!rt	1
nod	1
scottebales	1
minutesrt	1
devsathe	1
nearly	1
nog	1
simplicity	1
non	1
appoday	1
today!venmo	1
here___	1
com/xpg1fd52asgreat	1
knightopia	1
barbecueha	1
playsaveup	1
co/htnraecwojour	1
(random	1
toaster!rt	1
etobonhow	1
/‚Ä¶join	1
popchips	1
can‚Äôt	1
crashlytics	1
delivers	1
development?	1
co/jfm0hkv7nmhey	1
teamused	1
co/lypmjhjgny	1
arctictony	1
michaelroston	1
bruzzernyc	1
expanding/enabling	1
catch	1
promising	1
tuina	1
lives	1
himrt	1
ethayes7	1
ffrt	1
utilize	1
didnt	1
venmodown	1
ninakix	1
braddobbs	1
co/o8drxgyrt	1
song?	1
ahhh	1
existedrt	1
co/lmkx4dandcrt	1
briansussman	1
co/x8fuctyg6lrt	1
uplatecupcake	1
(actually	1
amcclelland	1
centralbanknews	1
strawberry	1
com/xvshzsnlert	1
paymentsnice	1
‚Ä¶can	1
shinewhiskey	1
organization	1
possible!rt	1
co/rzwit5li8eyesterday	1
co/ifzggmvvuert	1
someone's	1
onboard!	1
taxday	1
earned	1
ihuey	1
animoto	1
robots	1
marked	1
one-on-one	1
process?	1
here?	1
survival	1
use?	1
solely	1
market	1
sonal	1
co/sczjkczpusing	1
eatsyits	1
co/pkybwd6kd5rt	1
co/xbqbqiyidj	1
co/eewnfdsxthanks	1
sonar	1
hadleypdxdc	1
herbs	1
whartoncai	1
3,000	1
along	1
hottest	1
jratlee	1
chadsmith	1
co/04vp5ulrtc	1
left-handed	1
rdyson	1
thecut	1
payments!rt	1
designer	1
co/wqa7gemwvenmo	1
textfiles	1
lineshowstry	1
bonobos	1
shiny	1
co/imxmn5gudydid	1
evan_cudworth	1
coranicoleweiss	1
dvlahov	1
co/hbxdkdhtzg	1
nyu	1
co/r7apowfxweit's	1
awesome--bad	1
sauce	1
opschef	1
hamburger	1
oscarsrt	1
kmsimon	1
mommyshorts	1
kabobeesh	1
ly/gbmm0i	1
employers	1
thetylerhayes	1
flurrymobile	1
league	1
co/czyqhynhyuour	1
me/98/1rt	1
submissions	1
brother	1
co/mz8360jusfhey	1
co/2xb‚Ä¶rt	1
co/3bpsqspwtnif	1
mashabletech	1
blankotx	1
ordering	1
co/hxzvcor3rkrt	1
today!!	1
boug‚Ä¶rt	1
coding	1
besttechie	1
extinction	1
whoa	1
jmburges	1
ignition	1
humanity	1
acabaron	1
co/khgdycog	1
novartis	1
payments?	1
fourbarrel	1
co/y3gjsam61p	1
money2020	1
engineer?	1
essential	1
co/pmd42e5xthings	1
fees!rt	1
back!rt	1
projectmattnyc	1
japanese	1
antderosa	1
celebrating	1
image	1
co/7tv8my9awesome	1
celebration	1
temptation	1
oddly	1
anthr	1
commenting	1
necessity	1
co/bviokvopanti-lean	1
venue	1
identifying	1
rude?	1
stripe's	1
origin	1
sonarme's	1
renthackr	1
ly/d7zjpd	1
courtneylewis	1
duckduckgo	1
co/xqbunnhnhvhey	1
jinal_shah	1
to/frugqprt	1
slatert	1
thehotchkid	1
attended	1
attendee	1
mayors	1
it!rt	1
com/andrd	1
co/o522vdesokrt	1
vrinsoftinc	1
let‚Äôs	1
co/poroil4nyra	1
touch's	1
isn‚Äôt	1
decade	1
b_kaai	1
evolvingrt	1
beverly	1
üí∞üçïüëØpost	1
co/bu8wfqa9cunice	1
guinness	1
cheeky	1
peaks	1
(btw	1
co/burlvjxgn9rt	1
co/uk6ifhgzy4we	1
traditional	1
mediart	1
co/omhahwcjonyou	1
jfarrukcoming	1
co/egikqitutz	1
turned	1
acharoo	1
samseely	1
stochasticmodel	1
hiring!we	1
imbethsavage	1
(great	1
co/ouetg0thpprt	1
üíªüì±	1
library	1
evangelizing	1
camera	1
com/xpg3pvjjstit's	1
srirachart	1
parislemon	1
katie	1
contender	1
do/ozlzql	1
com/video/technology/2011/01/21/t_tt_mobile_payment	1
jfarrukbrewed	1
co/08nd98s	1
exploring	1
kevinhartz	1
tipped	1
ŒªÔºøŒª	1
robspychala	1
complete	1
synchronized	1
bribe	1
pools	1
co/uoyjphayvplearn	1
s/firs/first	1
jaybrew	1
precor	1
gigaom	1
stevie	1
kembrelrt	1
cowards	1
foundersheart	1
(18+	1
chosen	1
co/ye07j6rsrrrt	1
survey	1
co/sjpbkrvx	1
co/q1ytr7mawpinterested	1
american_heart's	1
beccabeeex	1
passionate	1
co/qu21nm6tadeasily	1
squares!aw	1
stickybitswhat	1
menghe	1
com/xpg1ehr5nasplit	1
ashaegupta	1
ly/anzzoj	1
tuesdays	1
playground	1
abhoopathy	1
allows	1
yes!rt	1
swyner	1
gloriabell	1
venmo?love	1
friction	1
co/af1w738rt	1
lands	1
co/solh7ri0kprt	1
co/zarulzvrt	1
promised	1
delreyhelp	1
eddiefresh10	1
megerman	1
com/projectmattgot	1
ch/fzdmz4rt	1
fight?	1
co/uv331mthuzzah	1
brooklyn_js	1
mofoods	1
ly/4fjzotasty	1
device	1
xchrisduran	1
donated	1
activity	1
yoga	1
rushhourads	1
gigaom‚Äôs	1
tnbeatty	1
funkiness	1
tanks	1
morganlevy	1
mints	1
cassidoo	1
connective	1
co/qto8gfnar9check	1
pull	1
donates	1
androiddevwe'll	1
coffee!rt	1
buying	1
behaviours	1
checkins	1
co/er5nfzpx	1
country	1
exiva	1
push?woah	1
co/lfodthtkeeback	1
---	1
co/lzav2x2yea!	1
Í∞ÅÍ¥ëÏùÑ	1
socialinkmedia	1
-->	1
ensure	1
co/dxpef9ntbcrt	1
ndokuley	1
startup‚Ä¶rt	1
randwich	1
co/ttwiupmmmv	1
paypal?	1
icanhasuberkittens	1
gd/crdgv	1
solve	1
venmo2014we	1
co/p8hoefh3rt	1
co/icttuolybu	1
readysetwork	1
ly/52c4wnew	1
resolutions	1
learning	1
co/yh5lofeux6thanks	1
spreadsheets	1
jakeprzespo	1
honey	1
settles	1
dang	1
t‚Ä¶our	1
co/lkvqh36fcheck	1
lieu	1
followfridaypretty	1
co/g7uqiz1gfrrt	1
org	1
paypalrt	1
‚Ä¶are	1
co/ongiunnyoyrt	1
succeed	1
co/x5jothowthanks	1
Îì§Ïù¥	1
loosing	1
co/j4npwpc8mgrt	1
chfry	1
none	1
dokhtar110	1
venno	1
smartphonesawesome	1
cornell	1
robgo	1
years?	1
wifi	1
solar257	1
firefly	1
hackmit	1
method	1
makers	1
co/knbl9l6bvenmo	1
comf	1
harassing	1
tifftyler1!	1
lil'	1
action-packed	1
justinjmoss	1
com/haqsm3vjtoday's	1
mp/da1wy6left	1
(the	1
copy	1
updatesrt	1
time_inc	1
zerocater	1
co/3tc3yzxrbu	1
buyingtweetsdid	1
apologize	1
sighting	1
mentioning	1
week--which	1
referral	1
jwegener's	1
date	1
turkey's	1
charge/credit	1
co/b77whgfvpsdon't	1
spitting	1
co/dngvnghn0trt	1
-5?	1
co/zk3lvm7rt	1
cooked!rt	1
group?	1
nytimes	1
spartans	1
co/yrnun0vrjart	1
efforts	1
hills	1
ground	1
visitor	1
co/qbdizzspkb	1
dave	1
presidential-like	1
hearty	1
co/hffxcqoscort	1
line	1
penalty	1
lineup	1
icymi-	1
recovery	1
ly/s8	1
co/im4ldtv9p4we	1
appsrt	1
contributor	1
you!	1
shot!rt	1
morse's	1
aims	1
warmest	1
team's	1
easierrt	1
2*amount	1
co/7vbukqkmejrt	1
zuckerberg	1
rediscovering	1
channelstrategy	1
limo	1
thingaday	1
jennafain	1
erich13	1
locations	1
wild	1
chatting	1
co/gxl2botmnzrt	1
dariane	1
caffeinating	1
explanation	1
remote	1
day?	1
edlund	1
protected	1
workin'	1
now?	1
everlasting	1
dawg	1
realrt	1
condo	1
djing	1
cmudesign	1
cecilyk	1
barkbox	1
now!	1
co/xulrvzhbfzrt	1
thedealwithalex	1
beatboxing	1
michaelberner	1
flight	1
furman	1
ahead	1
venmoing	1
co/sjrlao5gsk	1
us/bavlmx	1
talking	1
nice!yea	1
assistly	1
arrived	1
intuitively	1
williamreadyjust	1
cococafe	1
mikepratt	1
co/ehbqh5g8dw	1
braintree-venmo	1
co/yaf01yuizia	1
printing	1
photograph	1
malarianomore's	1
soapandglory	1
davesaunders	1
idntfd	1
adamuspsu	1
nside	1
kerry	1
glamour‚Äôs	1
selfie	1
payback	1
ghc14	1
patronage	1
(spoiler	1
jessicarandazza	1
us/cpcgcy	1
ucla	1
pontifex	1
claims	1
scenes	1
onwards	1
butlikesrsly	1
wisdom	1
sandycoworking	1
worldwidehow	1
halfsies	1
hurrah	1
sharpie	1
co/pojdpchzawrt	1
co/rs9jwvtjxxrt	1
everyone!rt	1
venmohappy	1
utilities	1
missmjbyrne	1
appetizers	1
co/1npxamim10	1
period	1
kayaking	1
chancert	1
puh-leasseee!capture	1
alex_godin	1
co/ljv0la5uixrt	1
co/yhbqhfbopwrt	1
penned	1
texted	1
integration	1
guys!thanks	1
integrating	1
touchlabny	1
obama	1
hello!come	1
co/b9sq8cakdprt	1
lisa_heinz	1
lately‚Ä¶fast	1
kinda	1
violence	1
wrgmag	1
impressions	1
co/6gzkajdih9	1
verge	1
phl	1
wreckobecko	1
who‚Äôs	1
tobins	1
tweetyourdesk-	1
bank‚Ä¶thx	1
co/m3gar2qdthanks	1
co/qsk‚Ä¶coffee	1
co/ejuo4zdu9srt	1
pig	1
mozzadrella	1
*anything*	1
pit	1
co/u9g9se57gyrt	1
craigwettner	1
verification	1
holstee	1
john_w_thomas	1
surge	1
hnmurakami	1
us/dbtupu	1
pizza?	1
hotness	1
co/rubqelfvhlrt	1
spooky	1
girlfriend	1
co-hosts	1
co/xwzvjufdabthe	1
snow	1
citizenandrew	1
co/nqd9egklqxrt	1
co/qvwi4k0vizrt	1
latency	1
unclear	1
rcostello0	1
jwang815	1
bennet	1
heroku	1
kmaverick	1
cc/r-xrt	1
xmas	1
erincorleygray	1
co/alrll6u7love	1
kicked	1
satisfying	1
https‚Ä¶can't	1
followed	1
lovin'	1
loverly	1
hackathon-	1
machines	1
co/ykspijglaert	1
mark_larr's	1
forbestech	1
com/23778661rt	1
easier!rt	1
pillsbury	1
deals!show	1
password	1
andrew_shippr	1
co/xtxl5j6hblog	1
2030now	1
stanford	1
nyislesscene	1
rooftop	1
ywolfe	1
bryan's	1
philly's	1
$%*&^!	1
pens	1
share+tag	1
co/fdrj2qv6v0rt	1
pot	1
co/jyeemqnssyget	1
happy?	1
espresso	1
onestartupaday	1
jfarruktoday's	1
openers	1
ly/bhrdqn	1
briancrumley	1
friendship	1
co/tlisoddugo	1
co/sepwgt4rcheck	1
juan	1
apistrat	1
coffeembagel	1
fredi	1
‚Ä¶splitting	1
gg/phlthanks	1
/‚Ä¶going	1
continue	1
youngmoney	1
woes?‚Äù	1
co/5dwttu5oreasons	1
rawforme	1
inherent	1
realize	1
offers	1
she‚Äôs	1
tatyanazlotsky	1
a2z	1
uncomfortable	1
honduras	1
it!!	1
playing	1
receipt	1
poaches	1
wordsthatinspire	1
erlang	1
klein‚Äôs	1
whoops	1
co/fxbxxxv‚Ä¶	1
pst	1
co/rkqjh4ifuirt	1
freak	1
tatianaplatt	1
perk	1
birsic	1
datacenter	1
incslinger	1
jordancooper	1
co/ndj‚Ä¶new	1
echelon	1
ro/mcwaltrt	1
notevenkiddingrt	1
peoplewatching	1
venmosounds	1
scrapbook	1
options	1
mtvpress	1
shawnpelsinger	1
nyc‚Ä¶	1
sending/getting	1
lapsu	1
co/ftcr9rjwswrt	1
snow?rt	1
ingenious!awesome	1
them?	1
apparently	1
hookdiggy	1
thecbag	1
coins?	1
socarolinesays	1
milesgrimshaw	1
artist	1
startupstalker	1
vdp83	1
co/yxlme3wlzb	1
co/4641f92s	1
payments(venmo,square,wepay,twipay,obopay	1
co/1panskcvqehappy	1
media?	1
joel_bixby	1
january	1
happyhalloween	1
organizer	1
organized	1
travel	1
sourcer?	1
awkwardawesome	1
arainert	1
co/ymtm2ejmtf	1
ewiesen	1
hilucas	1
pennrt	1
^chrt	1
abcrt	1
com/mattmatt	1
encapsulates	1
tdevane	1
se‚Ä¶rt	1
ÏûàÏäµÎãàÎã§	1
adamstac	1
co/zwik0f71bsrt	1
managing	1
request	1
co/cecz9p5a8xno	1
co/kijrdbpui7rt	1
already!rt	1
mmrt	1
pop-ups	1
ly/bdazsv=	1
pinterestthanks	1
co/h2dpa1syrk	1
clear	1
clean	1
simpsons	1
neither	1
chrisoaks	1
mostly	1
co/ytav0bjmf9	1
safer	1
co/gmlgj6g2blrt	1
thurs	1
lanebernes	1
auerbach	1
bistro	1
prime	1
cc/rmqrt	1
co/d8iw4qkzadthe	1
(organized	1
venture	1
atlantic	1
Î∞õÍ≥†	1
track?	1
millions	1
hive76rt	1
in/rhazdcrt	1
co/oku04ctjn5rt	1
zurich	1
appfury	1
swanky	1
gobankingrates	1
way!rt	1
venmo!this	1
peter	1
magdon-ismail	1
one's	1
???	1
spare	1
com/cafegrumpy	1
office!photo	1
bajen	1
nictuttle	1
4sqhackathonblast	1
smelendez	1
june	1
co/3mkflzqtrcever	1
crew!rt	1
purse	1
niket	1
co/aqyh21t	1
compete	1
wow!!rt	1
whereandy	1
steveklabnik	1
hold	1
chinese	1
outdated	1
phones?	1
aros13_	1
ly/gruhkgthanks	1
dedicated	1
ralph	1
co/xseiapqhzkrt	1
slowness	1
pyramidscheme	1
danny	1
co/esxcrmdsuq	1
scammers	1
co/4lyviebmlhrt	1
jfarruklistening	1
additional	1
co/yb6xnrukbfwe're	1
2012	1
wearables	1
transferring	1
by!thanks	1
spotlighting	1
eagleapex	1
reception	1
quitting	1
darling	1
eternally	1
ryanjwitt	1
existing	1
shields	1
droidconnyc	1
2017	1
co/ynpqvejalf	1
holi	1
co/fumn7w2httthe	1
royalty	1
imjustduckie	1
finalsweek	1
stadium	1
‚Ä¢¬†rt	1
jaredsgibbons	1
payed	1
foundersgrid	1
mob‚Ä¶rt	1
minibardelivery	1
critters	1
‚Ä¶vote	1
(1st	1
co/mgilf2tktx	1
clients	1
innovators	1
lollapalooza	1
dives	1
2048	1
member	1
beefs	1
jfarrukthanks	1
co/4noismdpmk	1
co/lvnyiqe6c4the	1
health	1
tard	1
co/zma9bppnmdrt	1
amber	1
favourite	1
amdhit	1
o'clock	1
machine	1
efficiently	1
tcdisrupt	1
co/qgemgi6cv0resist	1
confuses	1
tellthewhitehouse?	1
co/h4zg	1
shizzle	1
com/s/bhzour	1
-ed	1
seats	1
smile	1
confused	1
us/aoxn5x	1
robblatt	1
alnasiri	1
co/nohvvioaab	1
fill	1
hears	1
transforming	1
co/xbqbqiyidjcheck	1
typo!firs	1
us/8ywn8f	1
ejbert	1
elclinto	1
comin'	1
pspeter3	1
venmo!iphone	1
phones	1
us/fansforcharity	1
co/jez8l2rzpu	1
heather+caroline+ray+michael!rt	1
ice-water	1
mobilemoneynyc	1
tcdisrupt?	1
venmo!are	1
sarumont	1
livestream	1
badges	1
appreciatedo	1
complicate	1
know!rt	1
(deeply	1
co/fv6goit7s7	1
co/pgtbkepchuhappy	1
johnbiggs	1
giddy	1
slather	1
barrettlane	1
womendotcom	1
contribution	1
dailybooth	1
maiab	1
co/b8j1mmsalr	1
adicu	1
us/aaqjd5	1
venmovideo	1
mini-quests	1
tiger	1
co/84womn6rt	1
david-vasquez	1
co/n7wucg703aour	1
makeupforever	1
*much*	1
bimbimbab!	1
installer	1
funeral	1
processing	1
co/nsgm4p2etmrt	1
geinfran!rt	1
saiteam	1
global	1
chipotletweets	1
listingsreally	1
co/26zrhdrmtort	1
co/clxoeouclove	1
ericgibbons	1
venmosfortoastglad	1
kmcfaddenjr	1
gamma	1
announces	1
reputation	1
meticulously	1
venmo+foursquarerocking	1
genesis	1
slmcdanold	1
five	1
beforehand	1
oodles	1
co/ccojq9lqwjthanks	1
divvy	1
co/blwrnn4os6buy	1
finalfour	1
collection	1
hunger	1
meetearnest	1
channels	1
bdickason	1
miket21	1
cc/_pyrt	1
jon-font	1
comoh	1
co/85cjj12rt	1
addisonjames	1
installed	1
reasons	1
luigi	1
nsmeetup	1
co/hrosoqwlrt	1
motormo	1
paid!when	1
co/qjdtxihppm	1
mattprindible	1
co/muwwgekq1‚Ä¶rt	1
answered	1
/‚Ä¶hate	1
ka-ching	1
recharge/reconnect	1
co/jdovuoemft	1
andrewhitti	1
com/ios	1
cranberry	1
sfnewtech	1
venmo‚Äùrt	1
quintessential	1
7/25	1
account‚Ä¶rt	1
co/a4tskdpzj7	1
com/xpgf9ras7nice	1
price	1
jfarrukreally	1
kate_the_great^__^	1
duckduckgohehe	1
itself	1
versions	1
co/vpgqt26dvvrt	1
lyneeluque	1
venmo-taxing	1
ly/dghjw9getting	1
co/l6ffkzx9aohow	1
ryanweiss	1
game?	1
crew?	1
protip	1
buzzzzzz	1
co/vlvc5svhqhare	1
t‚Ä¶rt	1
reduces	1
co/pdd8g7biw4‚Äú	1
co/l5d8fnjkrt	1
witnessed	1
co/elggyv6zn8rt	1
demoing	1
coupon	1
downstream	1
fascinating	1
co/mzcy7q9ert	1
co/cal5cybfvenmo	1
spak	1
comma	1
silpol	1
playfirst	1
aarowilso	1
newsdotme	1
(marbar	1
kortinaglad	1
peesy*	1
apjulian	1
co/pwmbnnvqe8braintree	1
phl/bos/chi/sea/nyc/blt/xyz	1
co/egnle73lcheck	1
üòÅüòÅüòÅrt	1
thepigkisser	1
jjhoster	1
dsenneff	1
moments	1
marathons?	1
you!battle	1
sisters	1
cemented	1
performance	1
ambassador	1
mdave	1
unveiled	1
mondaypunday	1
co/sk6nicckoort	1
vioma	1
jfarrukfeeling	1
coldbrew	1
com/xpgg7xch1rt	1
whataboutjoe	1
b'day	1
corpeno	1
co/kohfqqrn	1
co/vp3ibwzf8prt	1
co/wpewjgxo8urt	1
nyasour	1
rangos	1
t-shirts	1
co/vw4joj5yiurt	1
androidpolice	1
co/hu7rnawxfpadd	1
shaving	1
lighting	1
co/gno0lmvvkqjoin	1
msorge	1
ly/dqjveort	1
institute	1
hobby	1
southern	1
(est	1
co/9‚Ä¶hey	1
buddy!rt	1
quora	1
c‚Ä¶our	1
misspelled	1
world‚Äôs	1
abc	1
pulled	1
oohhjax	1
co/xlwaaj3kgccheck	1
behaviordon't	1
swing	1
abt	1
co/ukl2tbcz9rrt	1
register	1
co/m9m07nxnvmrt	1
event!shout	1
ekyle	1
rec	1
yearbook	1
biggierols	1
32oz	1
ret	1
$6,500	1
-we'd	1
ly/jjr1mc	1
tcdisruptstop	1
postin	1
washington	1
ly/ltlzlb	1
co/8hrulm1smurt	1
faves	1
soldiers	1
mondays	1
gift?	1
devproconnect	1
co/cwxh9vcwwnrt	1
co/aoxdwcebhlrt	1
happiness	1
+points	1
co/jbzrwftp	1
monikashley	1
wrappcorp	1
snoop	1
üí∏üí∏üí∏say	1
command-line	1
false?	1
co/pxtl2ac4	1
walletpop	1
co/nmhta7n5rsvp-ed	1
venmosfortoast	1
moves	1
ly/aafkzyhello	1
co/0myb76tmdtwe're	1
shoulders	1
dschach	1
dinners!rt	1
cashless-tools	1
rid	1
shansar	1
tinygive	1
tacky	1
co/pcm6de5bvemake	1
homescreen	1
odds	1
businesses	1
comhuzzah!	1
bsheridan	1
algorithm	1
eggs	1
loveitabsolutely	1
adamweitz	1
co/8td7ansngkhonored	1
lunch/dinner/taxi	1
co/bxxo7jl5i6	1
ragingcreations	1
sharebuds	1
aid	1
duff	1
nada	1
aim	1
venmo!thank	1
$903	1
co/qyrqoqvezhrt	1
retail	1
co/mesobobvlw	1
vacation	1
cred	1
craving	1
blushing	1
dgracedotnet	1
ecurtis	1
instant!rt	1
tacos	1
co/iqjdmywjj4haaaaave	1
ajv	1
co/enpqshhop0rt	1
iamjohnsears	1
5am-6am	1
'bye	1
today!today's	1
(include	1
year?	1
royal	1
infographic	1
co/t1jkdr09new	1
gorociao	1
akp	1
$923	1
(insert	1
body	1
charged/paid	1
mimosas	1
mode	1
amongst	1
am?	1
cage	1
cheers!see	1
scottmmaples	1
lincolns	1
it/d6dc4rt	1
zackzachariah	1
mojocoffeetruck	1
vending	1
expense	1
co/r9jobrydaurt	1
co/rfyu9uh7rt	1
cheesesteak	1
auto-charge	1
micheletitolo	1
yanedmund	1
widgetsworkshop	1
amt	1
duma	1
amy	1
instacart	1
co/fnadhec3rt	1
co/3vqdqxxort	1
easy~awesome	1
freaking	1
co/kjmzklmwhy	1
wearredday	1
prolificpat	1
nymag	1
duly	1
co/9tkoat1crt	1
tuned	1
co/pbtg1mq89brt	1
forcetengale	1
collapse	1
vibe	1
co/idjdsxgxthanks	1
foods	1
taste	1
co/3xobp1wcnwwe're	1
co/sumerifte4rt	1
cake	1
co/popari4lm8rt	1
lightning	1
devoted	1
broke	1
co/xdyplvyswvrt	1
(wed	1
awkwardness	1
inspiring	1
cookies	1
matching	1
co/dxem6z81	1
mojo	1
venmoglad	1
com/1z4kd9rt	1
patience	1
leftorrightfurn	1
socializes	1
idea,services	1
extr	1
emojis	1
thoughtful	1
courtneybmyers	1
empower	1
reimbursements?rt	1
describes	1
call	1
co/mg4lgvf0jnrt	1
kick	1
rachel	1
calc	1
stuffing	1
ass	1
becoming	1
dickscottons	1
out?	1
awesomelol	1
i'm‚Ä¶	1
on-board	1
verbalize_it	1
cant	1
beerrt	1
ever!shoutout	1
co/04hnv15aj9rt	1
net/labs/	1
(‚Ä¢_‚Ä¢	1
warriors	1
malki	1
dollop	1
cc/ukqlet	1
att	1
co/jq91mphceart	1
huffposttech	1
footage	1
mom?	1
out!	1
bold	1
aug	1
stevie_kane	1
money-article	1
co/h5lwrmtxayrt	1
?rt	1
kristendore	1
co/dgfednm0turt	1
edition	1
anyway?	1
ave	1
thepeterha	1
in-office	1
introduce	1
blakesrecs	1
seating	1
momentum	1
ivillage	1
radically	1
antrants	1
mouth	1
katelyn76	1
moms	1
cafemyriade	1
aww	1
com/xpgme2dogrt	1
developers	1
ly/9xoncsrt	1
co/avnkuzsw9ryou	1
whendatinginsf	1
willhutson	1
getaround	1
truly	1
com/xpgfxhol0look	1
generation	1
subscriber	1
catalystajim	1
downtown	1
signup	1
account?	1
saving	1
pinball	1
slide	1
co/tbtdsagreprt	1
co/iuirkio1mjalmost	1
demos	1
einstein's	1
alps	1
lends	1
it!that's	1
^_^do	1
coolhaus	1
mark_larr	1
mtthg	1
sarahjake	1
protect	1
housing!rt	1
zhubi	1
ktown	1
co/uaxj8mmn2alove	1
jfarrukwould	1
(h/t	1
nystrtups	1
orchidliu	1
spontaneously	1
habits	1
mcarrillo111	1
chuckuzzo	1
pytphilly	1
neavc	1
scavenger	1
alleviate	1
babysitter	1
hypem	1
titoyooo	1
connections	1
lineshows	1
t‚Ä¶let	1
ly/etsz8srt	1
cassidoo's	1
moss	1
kablamsky	1
lovelylu	1
co/mf9liclwyna	1
partay	1
team!thanks	1
archaeologists	1
alto	1
database	1
timeculture	1
mondaymotivation	1
diapers	1
allenpenn	1
sad	1
brooklyn's	1
authentication	1
payments_source	1
amount	1
album	1
sat	1
sbb	1
favor	1
co/neqq25eapologies	1
simply	1
co/fns8qgd1p3rt	1
bah	1
bag	1
boys	1
bal	1
co/iabqcazprt	1
co/apa7mmieh4check	1
co/02hb50kxfort	1
xoxo	1
looker-ing	1
playbook	1
begin!rt	1
yonc√©	1
oldwoodendoor	1
bill?rt	1
tourney	1
jesperjacobsen	1
bbq	1
reservable?	1
soowanbag	1
rittenhouse	1
co/mg1otgnsxbrt	1
abuse	1
bestbelgianmatt	1
regajhart	1
affect	1
sea	1
innovateblue	1
princesses	1
co/xlhisxyyhf	1
com/xpgrg2jl6rt	1
co/vnou8axrt	1
techjobs	1
responsibility	1
be?	1
co/enm9wfbjk4multifactor	1
ser	1
quintendf	1
dodeja	1
integrate	1
nickgray	1
earnest	1
transferred	1
t‚Ä¶spring	1
deposited	1
ad_mes	1
co/prro64m	1
googlert	1
therealalexliv	1
princeton	1
pedicabs	1
itrt	1
diners	1
com/fwd	1
bicymple	1
failover	1
katemorris	1
janeklee22	1
parade	1
explained	1
mchangolin	1
collegehumor	1
co/uudwuma4qbas	1
1/16	1
co/eibg41htrt	1
sis	1
tcrn	1
sit	1
brilliant	1
living	1
leemhoffman	1
tessapaneri	1
stroke	1
jah2488	1
_tnews	1
co/eyzi3hhurt	1
fresh	1
braintree_dev	1
comprehensive	1
ttt?	1
explainer	1
c‚Ä¶rt	1
trulia	1
bii	1
thankful	1
cyndic02	1
upgrades	1
missefrey	1
ski	1
n‚Ä¶rt	1
life-saving	1
biz	1
chillin'	1
convinced	1
roulette	1
waspithq	1
co/fhups7zort	1
camellia	1
co/bavwjkajnqrt	1
fellas	1
large	1
20th	1
mike_le	1
bjp	1
peesy	1
woohoo	1
umbrellas	1
schwentker	1
mixpanel	1
pymt	1
newtiprt	1
hstaub	1
smb	1
epuccine	1
*easy	1
co/guu6chlmazrt	1
byrds	1
co/6netpzqzp0rt	1
hopefully	1
co/g8h61muy	1
tradition	1
co/arm8a6hykn	1
co/v0klqigjrd	1
co/llxlc0ms5d	1
co/0t9ygei00mrt	1
thegrizzlylabs	1
tbtthanks	1
nicolejibe	1
discovery	1
guys!	1
mcdcooke	1
com/johnmerlino	1
intermittent	1
bragging	1
co/iouhfjlvv2rt	1
friendshipsrt	1
deli	1
stands	1
son	1
toekneestuck	1
squirt	1
com/u/4x2rzphoto	1
jes_is_rad	1
gabimoorert	1
sipping	1
venmo?scheduled	1
jfarruksecurity	1
tense	1
shades	1
boy	1
switch	1
facebook's	1
highly	1
technogorilla	1
throwback	1
100	1
102	1
co/g0268wvsfbrt	1
awards	1
it!!!rt	1
essentially	1
skhauser	1
merci!nice	1
sarahmandato	1
closest	1
venmolucas	1
delta	1
paint	1
fighting	1
horrible	1
luket	1
haiku	1
prompts	1
trends	1
bro	1
co/ljp9iqn74gshort	1
pleasure	1
alexandriadeats	1
me!photo	1
karan_hiremath	1
mission	1
requested	1
mmnew	1
(i'm	1
groupomatic	1
lessons	1
shenaniganswe're	1
netflix	1
hackny	1
me1000	1
current	1
comedic	1
actively	1
byalicelee	1
preferred	1
storm	1
manager	1
startuplifert	1
cartoon	1
/thanks!rt	1
12m	1
co/kecit1qy8c	1
bun	1
contacts	1
bus	1
freebikeproject	1
zero	1
154	1
instantly	1
buzzing	1
30!venmo	1
scholarships	1
knock-knock	1
co/8wu0jdegth	1
migrating	1
supplies?	1
co/vcu3jprbvenmo	1
co/uj4x4wgprt	1
jessafterhours	1
hassle-free	1
-richard	1
there!hey	1
co/bbgjurppbook	1
nunndn	1
co/kqeh9cvswqrt	1
brubeck	1
freeenterprise	1
forgift	1
dis‚Ä¶post-holiday	1
co/tspvbrawmcinterested	1
smartahq	1
oscarsbuying	1
passing	1
wordshalfspoken	1
dpete4	1
com/xpg1cgtgodrt	1
t‚Ä¶come	1
umairh	1
natural	1
com/sxswhehe	1
improvised	1
co/cnw27e15check	1
khameleon6	1
co/g5w‚Ä¶hey	1
jenabel17	1
fake-ass	1
floyd's	1
Ôºº	1
pun-trol	1
gmail	1
flag	1
erictarn	1
co/wpobvvvlgreat	1
james	1
gods	1
smoothlyrt	1
ipods	1
co/gxuflsw6uibored	1
alumni	1
echochecki	1
co/mlhayprt	1
enjoy!thanks	1
venmowith	1
digging	1
hotlinebling	1
venmo!?!?	1
sandwiches	1
app!!	1
t‚Ä¶listen	1
(subways	1
briefcase	1
happycustomerhttp	1
co/xujuemul	1
craftcoffee	1
iamashok	1
loosecubes	1
herself	1
neilshah	1
williamalden	1
camino	1
some247	1
trizzz	1
payitforwardha	1
cc/	1
com/products/show?product_code=reg-iart	1
cap	1
albert	1
incitrio	1
village	1
laziness	1
sundayphoto	1
co/hqjhipkp‚Ä¶rt	1
deepwishing	1
february	1
simple+cool+friends--enjoy	1
technically	1
uc?rt	1
co/yyciejn9iort	1
co/0foexbgot7we	1
co/kxgngwdoqzrt	1
arguably	1
rofl	1
ly/cgtu7nsome	1
category	1
co/l2ql6qe8	1
rayraydel	1
