walk	2
boston	1
co/6kdbmtuz8drt	1
w‚Ä¶	1
sauceyapp	1
laundry	1
massachusetts	1
dogsoftwitter	1
ondemand	1
hey	1
too?	1
others	1
co/mkerkkjk9r	1
tech	1
delivery	1
bother	1
beaconhill	1
clinkaboutit	1
clean	1
instead	1
co/vt37dfjr3bdon't	1
take	1
agencybyrnes	1
npralltech	1
t‚Ä¶	1
highlights	1
doggies	1
purplefuelapp	1
getzeel	1
walk	2
boston	1
co/6kdbmtuz8drt	1
w‚Ä¶	1
sauceyapp	1
laundry	1
massachusetts	1
dogsoftwitter	1
ondemand	1
hey	1
too?	1
others	1
co/mkerkkjk9r	1
tech	1
delivery	1
bother	1
beaconhill	1
clinkaboutit	1
clean	1
instead	1
co/vt37dfjr3bdon't	1
take	1
agencybyrnes	1
npralltech	1
t‚Ä¶	1
highlights	1
doggies	1
purplefuelapp	1
getzeel	1
laundry	222
just	86
time	71
service	64
get	60
dry	59
first	56
mrjmetz	51
thanks	50
order	49
cookie	47
like	45
clean	45
‚Ä¶rt	45
day	43
love	43
cleaning	43
new	40
weekend	39
use	38
apps	37
great	37
ninja	37
app	34
life	33
code	32
let	31
clothes	30
today	29
best	27
week	27
la	26
free	26
check	25
dirty	24
now	24
instacart	24
make	23
got	23
awesome	23
apply	22
better	21
w/	21
take	21
favorite	21
one	20
ever	20
on-demand	20
customer	20
back	19
agencybyrnes	19
way	19
thank	18
think	18
delivery	18
give	18
gave	18
ninjas	18
picked	17
know	17
guys	17
cookies	17
tech	16
experience	16
even	16
making	15
shout	15
$10	15
fresh	15
pick	14
good	14
services	14
still	14
tried	14
next	14
go	14
$25	14
delivered	14
want	14
easy	13
need	13
featured	13
used	13
drycleaning	13
pickup	13
things	13
again	13
care	13
see	13
little	13
ceo	12
try	12
thing	12
done	12
going	12
right	12
1st	12
treat	12
boston	12
sf	12
tonight	12
friday	12
happy	12
city	12
socks	11
made	11
work	11
enjoy	11
homejoy	11
win	11
dc	11
never	11
pretty	11
amazing	11
cool	11
help	11
everyone	11
meet	11
article	11
hiring	11
using	11
ondemand	10
los	10
chicago	10
laundry?	10
looking	10
startup	10
featuring	10
something	10
every	10
everything	10
morning	10
after	9
night	9
spend	9
washioapp's	9
without	9
monday	9
last	9
wash	9
talk	9
friends	9
drizly	9
impressed	9
demand	9
well	8
hate	8
hours	8
start	8
tell	8
angeles	8
month	8
24	8
getwashio	8
look	8
cleaner	8
via	8
economy	8
community	8
special	8
francisco	8
excited	8
easier	8
come	8
send	8
yours	8
live	8
dogvacay	8
already	8
delicious	8
san	8
getting	8
brought	8
postmates	8
really	8
pile	7
team	7
part	7
startups	7
$5	7
rather	7
sheets	7
feel	7
credit	7
meundies	7
techcrunch	7
learn	7
taskrabbit	7
super	7
another	7
recommend	7
might	7
halloween	7
bring	7
piece	7
drop	7
washio?	7
much	7
days	7
list	7
helloalfred	7
almost	7
extra	7
home	7
2015	7
dryclean	7
dtla	7
saturday	7
people	7
post	7
bakeshopoakland	7
also	7
party	7
wearing	7
office	7
story	7
left	6
;	6
taking	6
washioapprt	6
house	6
someone	6
being	6
labor	6
long	6
30	6
hands	6
stop	6
folded	6
sweet	6
share	6
huge	6
news	6
suit	6
keep	6
game	6
sure	6
needs	6
literally	6
fun	6
hear	6
metzner	6
support	6
brownie	6
order!rt	6
giving	6
latest	6
warm	6
before	6
coming	6
t‚Ä¶rt	6
nice	6
duds	6
through	6
/‚Ä¶rt	6
co/zrz3qrfhal	6
job	6
bag	6
living	6
big	6
twilio	6
idea	6
place	6
greatest	6
hang	5
hand	5
top	5
less	5
weekends	5
weekend?	5
full	5
pair	5
enter	5
door	5
jordan	5
wednesday	5
losangeles	5
company	5
man	5
surprise	5
instead	5
gift	5
holiday	5
around	5
sauceyapp	5
white	5
getzeel	5
chocolate	5
shirt	5
interview	5
cargomatichq	5
convenience	5
omg	5
email	5
promo	5
chill	5
mobile	5
wait	5
associate	5
builtinla	5
found	5
vote	5
lazy	5
hot	5
find	5
hour	5
inside	5
nick	5
growth	5
red	5
you!rt	5
real	5
minute	5
cleaning?	5
edition	5
ga_la	5
saving	5
gets	5
favor	5
join	5
birthday	5
makes	5
siliconbeach	5
wear	5
ready	5
‚Ä¶	4
/	4
thx	4
tip	4
delivering	4
room	4
buzzbakery	4
gotten	4
minutes	4
launches	4
shoutout	4
crisp	4
business	4
hollywood	4
bags	4
knows	4
may	4
happier	4
definitely	4
open	4
wrinkled	4
promocode	4
<3	4
cleaned	4
year	4
moving	4
(and	4
sharp	4
yet?	4
far	4
panel	4
watching	4
$20	4
interested?	4
http‚Ä¶rt	4
speaking	4
discovered	4
single	4
obsessed	4
dress	4
proud	4
treats	4
talking	4
coffee	4
chores	4
wake	4
walk	4
must	4
put	4
glad	4
trying	4
underwear	4
waiting	4
dropped	4
soon	4
deliver	4
able	4
anyone	4
errands	4
operations	4
photo	4
fast	4
add	4
laundryday	4
washington	4
handle	4
touch	4
businessinsider	4
usatoday	4
shirts	4
sunday	4
forbes	4
tomorrow	4
high	4
chance	4
friend	4
manager	4
launch	4
ones	4
review	4
jessicanaziri	4
person	4
‚Äú	3
turn	3
startuplife	3
crazy	3
loves	3
thanksgiving	3
west	3
floor	3
laundry!rt	3
picks	3
courtesy	3
offering	3
cup	3
probably	3
situation	3
marketing	3
watch	3
page	3
cooler	3
short	3
three	3
means	3
survive	3
launched	3
washed	3
alyssaselogie	3
bathing	3
rachelaubrey	3
launching	3
lunch	3
dog	3
forward	3
picking	3
stain	3
min	3
california	3
dropping	3
underpants	3
needed	3
forever	3
handy	3
official	3
leave	3
whites	3
yelp	3
running	3
companies	3
pick-up	3
town	3
clothing	3
button	3
green	3
fan	3
fav	3
lives	3
ladies	3
hump	3
what?	3
letting	3
huffingtonpost	3
hottest	3
butter	3
uses	3
fold	3
smashdco	3
superstar	3
culver	3
ff	3
placed	3
hq	3
wsj	3
else	3
pants	3
contest	3
plus	3
expansion	3
tuesdays	3
oh	3
pm	3
st	3
changed	3
learning	3
brighten	3
hoomanradfar	3
success	3
folks	3
techweekla	3
sharingeconomy	3
pocket	3
loving	3
oakland	3
million	3
guy	3
suits	3
lake	3
busy	3
working	3
velvet	3
fantastic	3
interested	3
receive	3
bloomthat	3
basically	3
video	3
perk	3
early	3
yet	3
engineer	3
tips	3
co-founder	3
insidehook	3
sounds	3
appreciate	3
july	3
hrs	3
santa	3
america	3
summer	3
evening	3
forget	3
convenient	3
since	3
online	3
folding	3
7/28	3
price	3
clubw	3
breakfast	3
greenfield	3
ios	3
excellent	3
posted	3
canaanpartners	3
trust	3
college	3
spot	3
silver	3
inthecapital	3
always	3
nymag	3
kick	3
book	3
truly	3
amazonfresh	3
slide	3
simple	3
juanpadulanto	3
dry-cleaning	3
move	3
afternoon	3
offer	3
customers	3
set	3
founder	3
entered	3
bakermandandc	3
congrats	3
wednesdays	3
side	3
sign	3
zacharyabaie	3
highly	3
interesting	3
digitalla	3
key	3
sxsw2016	3
site	3
!	2
result	2
sunset	2
exciting	2
serious	2
others	2
winter's	2
romantic	2
tweet	2
loved	2
went	2
pressed	2
save	2
top-notch	2
la?	2
picture	2
kudos	2
including	2
christmas	2
geoffreyfowler	2
comments	2
uber_chi	2
killin'	2
ht‚Ä¶rt	2
cbssunday	2
groceries	2
perfectly	2
promote	2
lie	2
outsource	2
holidays	2
washioapp!rt	2
clairetastic	2
saturday?	2
lifestyle	2
manage	2
silicon	2
studio	2
latechdigest	2
season	2
‚ù§Ô∏è	2
s‚Ä¶rt	2
today's	2
nbcnews	2
lot	2
friendly	2
munchery	2
partnered	2
pretttttty	2
freelaundry	2
bike	2
tammy	2
park	2
further	2
apartment	2
bucket	2
dulanto	2
handing	2
brings	2
later	2
finally	2
valleygirlshow	2
laundryrt	2
cnnee	2
schedule	2
helping	2
text	2
feat	2
ups	2
today!rt	2
mar	2
bonus	2
residence	2
likes	2
ideas	2
shervin	2
ball	2
met	2
exactly	2
above	2
released	2
15	2
mall	2
quality	2
20	2
shared	2
remember	2
mix	2
middle	2
wrinkles	2
googleshopex	2
suitcase	2
internet	2
apple	2
bath	2
recently	2
beats	2
money	2
trentvanegas	2
alexpriest	2
among	2
eat	2
üá∫üá∏	2
msg	2
htt‚Ä¶rt	2
drop-off	2
patrick's	2
talks	2
spent	2
awful	2
saves	2
vista	2
tinkeringmonkey	2
schnaars	2
wrote	2
users	2
ride	2
rice	2
celebrating?	2
turnaround	2
la's	2
allygreer	2
spice	2
tops	2
chartio	2
etc	2
took	2
driving	2
theblacktux	2
news?	2
chore	2
echo	2
feels	2
maybe	2
automatically	2
betaboston	2
boring	2
again!rt	2
best!rt	2
race	2
tgif	2
urban	2
springcleaning	2
common?	2
crush	2
fat	2
catch	2
plan	2
organization	2
stuff	2
looks	2
inner	2
founders	2
along	2
electric	2
undies	2
a+	2
visit	2
sauce	2
ad	2
denaenos	2
cc	2
outstanding	2
won	2
wow	2
feliz	2
fastcompany	2
ga	2
santamonica	2
lower	2
announce	2
$15	2
sending	2
places	2
zirx	2
faster	2
months	2
üôå	2
student	2
head	2
ok	2
$600	2
clever	2
producthunt	2
starting	2
seen	2
curbstand	2
closet	2
ty	2
washioapp!	2
nomorelaundryrt	2
solve	2
vp	2
changer	2
co‚Ä¶rt	2
stains	2
problem	2
iphone	2
course	2
roses	2
magic	2
bottoms	2
avoiding	2
nytimes	2
cost	2
follow	2
magical	2
arrived	2
latech	2
kristenecaron	2
pay	2
ucla	2
amazing!rt	2
errand-free	2
named	2
everyone!rt	2
hamper	2
entire	2
jpressler	2
acorns	2
kalin_kelly	2
professionally	2
usatodaytech	2
russkt	2
4th	2
snow	2
lame	2
meeting	2
welcome	2
landed	2
juan	2
laundromat	2
eatsprig	2
playing	2
yes	2
hey	2
okay	2
insightful	2
ninja?	2
ways	2
happyhalloween	2
chat	2
organized	2
travel	2
guys!rt	2
point	2
process	2
mean	2
cleaning/laundry	2
trip	2
happen	2
thursday	2
putting	2
easter	2
enjoying	2
emdave3	2
livestreetsmart	2
2014	2
techhubtuesday	2
minibardelivery	2
clients	2
visionfor2020	2
together	2
solution	2
cities	2
relaxing	2
breeze	2
seriously	2
film	2
heart	2
valley	2
w‚Ä¶rt	2
certificate	2
hopskipdrive	2
gillianilvla	2
pet/home	2
nicelaundry	2
heard	2
certainly	2
cover	2
outfit	2
based	2
ashbrown	2
temperature	2
fit?	2
actually	2
bizrockstars	2
five	2
celebrate	2
squad	2
trunxapp	2
update	2
ninjalove	2
fireside	2
fair	2
(thanks	2
fall	2
event	2
wings	2
forgot	2
co/eimcrina2d	2
perfect	2
to-do	2
‚Ä¶hey	2
finished	2
hellofresh	2
pejmanmar	2
roommate	2
fans	2
demolish	2
rad	2
bloombergtv	2
cookie!rt	2
jimmykimmellive	2
fivethot	2
jimmykimmel	2
swing	2
grocery	2
fave	2
blush	2
exchange	2
mondays	2
sorry	2
happiness	2
dude	2
enjoyed	2
rid	2
years	2
nothing	2
future	2
points	2
task‚Ä¶rt	2
yael	2
read	2
redbull	2
laundered	2
batman	2
doodle	2
productive	2
reason	2
le_berlin	2
apt	2
grade	2
tasty	2
handed	2
worth	2
came	2
kids	2
f‚Ä¶rt	2
call	2
googleshoppingexpress	2
ask	2
ass	2
jen	2
yourself	2
donate	2
worse	2
parties	2
leaving	2
boom	2
crispy	2
show	2
boot	2
anyperk	2
phone	2
estimator	2
kind	2
daily	2
joe	2
front	2
bad	2
boys	2
plans	2
drive	2
deal	2
national	2
dear	2
7pm	2
shreebs	2
shortbread	2
garbage	2
chadblanton1	2
instacartla	2
dinner	2
c‚Ä¶rt	2
costume	2
large	2
unpacked	2
works	2
world	2
sms	2
hopefully	2
affordable	2
change	2
wagwalking	2
behind	2
demo	2
cross	2
100	2
ga_boston	2
trends	2
todayshow	2
serving	2
participants	2
loads	2
handled	2
zingypet	2
available	2
kid	2
successful	2
'em	2
guide	2
rock	2
seeing	2
co/‚Ä¶rt	2
fleekrt	2
theannarose	2
tag	2
goes	2
towards	2
limited	2
co/j2596k1jey	1
hall	1
owners	1
pretend	1
excited!like	1
emberjs	1
ckevinliu	1
samuelhulick	1
gogobot	1
pics	1
co/ktarurajtewe're	1
startuplifedon't	1
click	1
0	1
triple	1
delucchiplus	1
co/ar6lr8ovyhgreat	1
co/z5ywwn5ie7	1
telling	1
100%	1
role	1
mertzalertz	1
hosting	1
grantlegan	1
1000	1
afforda‚Ä¶thank	1
violets	1
co/8f‚Ä¶rt	1
aimee_perkins	1
co/uopneqsmd9	1
wikirealty	1
co/phiwworj2ueasiest	1
solongquarters	1
connect	1
dchou1107	1
elves	1
co/rhordlf6hq	1
ginger-y	1
paddy's	1
dan_ahmadi	1
eating	1
busblog	1
throw	1
inresidence	1
washioglad	1
information	1
|	1
powered	1
co/sgmn8hw3ekrt	1
converting	1
next?'	1
kristacanfield	1
empty	1
co/3akis7zftjwant	1
co/oxb8gkem00happy	1
everyone!!love	1
laugh	1
ondemand‚Ä¶	1
tix	1
chi	1
8th	1
join_breeze	1
tomhowells	1
co/ktpjcqs7rcrt	1
walked	1
heyyehblog	1
outsourcing	1
startupintegration	1
ryanlawler	1
martahari	1
washioappi‚Äôve	1
arduinocnn	1
expanded	1
flannel	1
provides	1
ianpauldukes	1
nbcla	1
hard	1
quarters	1
goop	1
handling	1
cancer	1
weekend!last	1
100¬∫	1
robotpants	1
small-but-meaningful	1
is‚Ä¶rt	1
co/lkjtsfk4acso	1
snickerdoodle	1
well-versed	1
co/vj‚Ä¶rt	1
subways	1
gained	1
johndelfau	1
people-powered	1
co/hhhcac8kf1win	1
michiganavemag	1
frontback	1
co/nmkokazmfvit's	1
doorman4mobile	1
co‚Ä¶	1
moxon	1
chill?	1
conversions	1
priced,super	1
üéÉüëª	1
corgi	1
ton	1
co/xiiul8mtfowashio	1
dugalicious13	1
shorts	1
co‚Ä¶the	1
tow	1
haul	1
hugely	1
co/tetd5ka62udid	1
prince(ss	1
question	1
co/2arbgv0‚Ä¶rt	1
washioapp!major	1
madeinla	1
chinhualu	1
mekahlonbcla	1
reyfer	1
communities	1
wiznickers	1
co/1ytvyhd3mv'choose	1
capital	1
keepituprt	1
teeshirts	1
danawardonline	1
kstone86	1
ambitious	1
biggest	1
nightmares	1
raise	1
_prettyquick_	1
started?	1
law	1
co/xnp2opx0kiwe're	1
co/wii8holtez	1
co/1ycjqszxmrrt	1
co/qyx4yswlillaundry	1
postcollege	1
wirela	1
co/axhz1hgqdtcustomer	1
lyftrt	1
co/ywio‚Ä¶rt	1
chicken	1
ups-	1
c‚Ä¶don't	1
that!	1
co/hge8libyn2congratulations	1
makign	1
effective	1
times	1
co/pqmum4cz4xsleeping	1
on-demando	1
co/w8eynwjrbwdrone	1
lengthy	1
yjk_tw	1
namedropping	1
casserole	1
patience?	1
that?	1
2square2bhip	1
investor	1
co/zla6z3nxorair	1
morning?what's	1
20s	1
mau15featured	1
alum!	1
parkwiseapp	1
maintenance	1
tub	1
caught	1
co/6a41xtqvxfdon't	1
led	1
absorb	1
co/6clxpngm7thave	1
supply	1
bibthanks	1
co/dshbrcflxzcheck	1
beautiful	1
mountain	1
co/wa1j7olwaqrt	1
time‚Ä¶have	1
evildrew	1
lovable	1
press	1
service?	1
chewy	1
beomni	1
mahaibrahim	1
janetpak	1
today25	1
co/dfrxxguilxthis	1
co/80sow6k0hart	1
witty;	1
co/ymyicbcz4f‚Äù	1
items	1
purewowsf	1
10-10	1
la_mag	1
killing	1
co/gzrqkx0kuzlove	1
availability	1
gamechanger	1
washiochicagort	1
two	1
laundry?good	1
purewowrt	1
divorce	1
worried	1
kitchen	1
bradeeb	1
columbus10	1
thrivemkt	1
clinkaboutit	1
donating	1
replaced	1
reporter	1
co/skzb4oyagfyour	1
co/8qbr0fvn04ondemand	1
6,534,871	1
deli‚Ä¶rt	1
apparel	1
ccrt	1
smell	1
(laundry	1
detergent	1
co/c86jqy78ld	1
betterlaundry	1
co/ti0g7mjddewashio	1
slapping	1
washiowashio	1
shoot	1
bestcoastin	1
princesspachts	1
bagis	1
actual	1
glass	1
tourlife	1
jacket	1
283	1
home?	1
‚Ä¶doing	1
involved	1
overall	1
erin	1
co/g8qprl2nmfstudio	1
toddjconway	1
away	1
everyone!!rt	1
pejmannozad	1
moderating	1
co/tiv3ivbaudso	1
dirtyduds	1
agnostic	1
co/m8jisq52g9didn't	1
washiodoesitrightrt	1
andreacedusky	1
clothe‚Ä¶rt	1
co/ij3vnozzjd	1
tees	1
before?	1
co/s4wduwwt48	1
laundry!westwood	1
illuminated	1
scorert	1
washio‚Ä¶loving	1
rewarding	1
suits!	1
celebrities	1
washer	1
coats	1
co/9kz8dlrnxbrt	1
winningrt	1
silverlake	1
moniquevilla	1
gallery	1
bdgastore	1
flowers	1
dousing	1
part--tell	1
h‚Ä¶rt	1
co/2owb2izrl1	1
co/ndtucuigwt	1
sarahbuhr	1
co/mnigy6bc6cthese	1
creative	1
co/fvqaqlkj3zrt	1
washioforthewinrt	1
co/lrzm9fwiqnlike	1
co/7pmk7naq8ipumpkins	1
melendezsports	1
requires	1
enterprise	1
reliability	1
bright	1
danieldudzic	1
tumblr	1
co/d7aeng6e6grt	1
planned	1
co/r‚Ä¶rt	1
mrmarina	1
mpm_ob	1
stefanie	1
cocopannell	1
jonathankramer	1
co/efonsewzisrt	1
doc/nurse	1
kissthank	1
lait's	1
prob	1
zirtual	1
co/leynfbrotxwashio--	1
(soma	1
happy!rt	1
barely	1
clip	1
co/7d9guj2duy	1
co/eqbwk1f87pbig	1
co/qke0menaqqjust	1
stoked	1
co/qlfur54ews	1
co/9xxqnkhnqulooking	1
merry	1
prefect	1
shown	1
üì±üëïrt	1
intro	1
thanksdad	1
checked	1
economy-where	1
ceo's	1
raising	1
congratulations!tell	1
sf!friday	1
created	1
rocco_thestreet	1
monica	1
illegal	1
fried	1
stays	1
co/rw7kwlnvxoour	1
rainbow	1
bryceadams	1
butseriously	1
residents	1
appley	1
newpetworth!	1
laundr‚Ä¶rt	1
ease	1
co/ixvkkqidtcguess	1
washioa‚Ä¶rt	1
35pm	1
labor-free	1
m‚Ä¶our	1
this!	1
minute?	1
relies	1
co/wkkv8‚Ä¶rt	1
sixteen	1
22nd	1
jennaabdou	1
co/jimoxqlssbwe	1
built	1
therapy	1
colleague	1
co/tgulmkm33irt	1
co/zmm7fodcnr	1
tides	1
co/la4hjzlp1glove	1
economics	1
zendesk	1
drycleaninghey	1
this?	1
co/it‚Ä¶happy	1
build	1
co/sqsqdahghothanks	1
earn	1
date?	1
goodeggsla	1
stack	1
co/oljzusggby	1
co/expudho8cewashio	1
kirankhanzada	1
doe‚Ä¶rt	1
(or	1
pro-tip	1
path	1
co/ccxgrithi9rt	1
dev	1
co/fe77bddsvxrt	1
record	1
washer/dryer	1
willdjthrill	1
bill	1
co/oijpo3bljw	1
catherinelolsen	1
tooguess	1
waaaaaay	1
eats	1
mentions	1
ninja-delivered	1
mau20‚Ä¶rt	1
co/bfiwru9zwdrt	1
adult	1
must-see	1
denim	1
co/qpsrpphj8n	1
washiosfninja	1
investments	1
fool's	1
journal	1
la/sf/dc	1
brag	1
ushering	1
go-to	1
stefmotte	1
mind	1
sarahpboyd	1
startups‚Äù	1
grperk	1
outta	1
staff	1
possible	1
co‚Ä¶order	1
smoothest	1
(sf	1
incl	1
$$	1
dig	1
london	1
co/y2rd9lflzwhappy	1
dried--no	1
co/u1cdeyjewehappy	1
$1	1
marshmallows	1
co/lgaoilj4bp	1
julielynn44	1
co/k2t71qklf1all	1
adding	1
club	1
co/wfjrzq03fywelcome	1
ktla	1
brown	1
co/m‚Ä¶rt	1
zipcardc	1
strat	1
co/riem0x4wctgreat	1
corinneethomas	1
final	1
steelctygrl	1
kimmelunless	1
happyfridayhaving	1
importance	1
woah	1
training	1
bostinno	1
kelseykbrown	1
miss	1
mack	1
tinyvicious	1
load	1
morning!check	1
doorstep	1
bite	1
w/o	1
mothersday	1
co/yvmeaubsgzla	1
cbssf	1
custom	1
co/hhytqdgxjibook	1
co/z21f7xuro3our	1
beach	1
hnshah	1
&a	1
showing	1
(&	1
‚Ä¶i	1
newsletter	1
he‚Äôs	1
(+	1
time-saving	1
peap‚Ä¶we	1
gelly_acosta!rt	1
do?	1
(we're	1
could've	1
pitch	1
co/gjtqt0bhff	1
chalet	1
signed	1
metball	1
sense	1
's	1
co/up6p9rpmcnrt	1
co/c0ubmo21tkhey	1
to!ah	1
goodbye	1
washioap‚Ä¶this	1
puppylove	1
innovationdev	1
you‚Äôve	1
co/dnglmtccv8rt	1
mention	1
caitlinobauerrt	1
mad	1
<30min	1
co/pui9utzxlcnow	1
djnofunk	1
wa‚Ä¶we	1
co/enw2nn5x9z	1
stand	1
leisure	1
anna_siradze	1
max	1
bless	1
lia_bia	1
co‚Ä¶check	1
feet	1
drones?	1
mail	1
usc	1
subject	1
cronuts	1
(also	1
co/ixtpxr1vtzrt	1
3/17	1
britela	1
legit	1
nationalsandwichday	1
terrible	1
loft	1
ideal	1
comedy	1
mickislas	1
kcrw	1
co/zxqxvkhvwa	1
feed	1
co/jrxtqye7enare	1
richayy3391	1
veterans	1
francesz	1
dancinheather	1
ninjalovenot	1
superhero	1
shreebscoffee	1
bostonglobe	1
meh	1
co/bjsiwecktuwho	1
co/auozkr5h2hrt	1
bald	1
co/tss7ykxmjo	1
weekend-just	1
‚Ä¶tacos	1
1pm	1
swinshi	1
freeing	1
due	1
co/q5tmhwviqkdidn't	1
duh	1
waking	1
dui	1
idea!	1
pumpkin	1
right!never	1
properties	1
invention	1
35!	1
03	1
deceased	1
laundryforthepeople90	1
itsthelittlethingsrt	1
rkmac	1
socialmktgfella	1
co/xjiohw1lcp	1
co/cbgbengabfwe	1
stripes	1
patch	1
character	1
womenhelpingwomen	1
tyrussmatraining	1
meaning	1
band	1
zumaventures	1
crystalrose	1
11	1
12	1
inbedaiiday	1
16	1
myself	1
notes!some	1
received	1
wonderful	1
co/g9i34moge3love	1
co/eturwof9grat	1
booth	1
paywithdash	1
wires	1
back!life	1
jobfair	1
danged	1
ninjas!	1
melt-in-your-mouth	1
25	1
co/xidfsnb1cprt	1
ghod	1
industry	1
eliminate	1
examines	1
believe	1
cute	1
clothespins	1
co‚Ä¶a	1
easier!hiring	1
supports	1
porttechla	1
relationship	1
33	1
rawshorts	1
bother	1
star	1
appeal	1
perezhilton	1
progress	1
4/	1
calmyourselfin4wordswe	1
techhubready?	1
46	1
newcola	1
freshly-cleaned	1
lucas_garvin	1
fivethotcheck	1
singlediariesxo	1
snuggling	1
co/ljd4sburnbrt	1
co/v1rikjtjmk	1
nominate	1
co/ehmjshrsgfrt	1
neverdoin‚Ä¶rt	1
roughly	1
coverpay	1
wood	1
forbeslife	1
50	1
alltacosallthetimewhen	1
1sumaya	1
co/prhbaw8adqwashio	1
55	1
hiring‚Ä¶mondays	1
58	1
chicagoinno	1
co/rp2gyxfu‚Ä¶every	1
co/vkwkdgj1wywe	1
fives!!!rt	1
co/51wlfo703y	1
achieving	1
co's	1
modernworldwondersalmost	1
60	1
co/bf5bxzitqxorder	1
thisrt	1
sarahmatista	1
co/fjnehu5wla	1
'aint	1
whalesalad	1
laundryd‚Ä¶	1
blankets	1
tonight!	1
co/‚Ä¶saying	1
neweconomy	1
p‚Ä¶rt	1
eva_ho	1
co/rwwvtgnmfg	1
5k	1
7/	1
peaks!rt	1
fabfitfunla	1
awsloft	1
twin	1
oopsrt	1
vircastillo	1
co/41‚Ä¶attack	1
winning	1
pdubslax	1
mars	1
paced	1
incredible	1
badboyofediting	1
sriramkri	1
tonight?	1
co/u0ja2yiho8according	1
wa‚Ä¶rt	1
tinybadass	1
singigs	1
incredibly	1
co/oneqiy2pheare	1
i‚Äôll	1
esheth	1
runnning	1
co/et1kjb7d4brt	1
sharks	1
whole	1
culver5!pre-labor	1
revolution	1
techhubboston	1
janepfrank	1
co/u6ba9qzijkrt	1
ashton	1
90	1
‚ù§Ô∏èsf	1
canaanpartners's	1
game-changing	1
transformers	1
opplives	1
toward	1
priceless	1
treat!don't	1
yelpla	1
katielancos	1
co/01g9omjfilrt	1
diegotp	1
secret	1
chipotle	1
personalized	1
co/gsi6xz2age	1
vday	1
across	1
;-	1
partnerships	1
hrachs	1
handybook	1
la'er	1
include	1
stink	1
admission!rt	1
sleeve	1
hayesbrown	1
natalyacapp	1
a+rt	1
co/hge8libyn2washio	1
washioappcheck	1
bakeshop	1
co/hhhy1w4olort	1
brandiinindy	1
hairlene	1
basketball	1
credit!hey	1
portfolio	1
cincodemayo	1
streamline	1
midday	1
co/pmdngoxmanlike	1
co/t8ibnlr3uhrt	1
ladiesdc	1
wsjlive	1
moistened	1
temp\tuna	1
co/fznyfxxhittime	1
seems	1
>>	1
f*ck	1
tickets	1
clean!!rt	1
flowing?	1
latimes	1
platform	1
co/82j‚Ä¶hey	1
bdrizly	1
in‚Ä¶rt	1
noperc25	1
dcmichaela	1
dctech	1
joshcma	1
1099economy	1
co/8e7dyq9qwc	1
kimchi	1
advantage	1
üéàüéàüéàrt	1
students!	1
nifty	1
dessert	1
co/ijpr‚Ä¶like	1
earltheflamingo	1
perfection	1
smartphone	1
egg	1
saved	1
leading	1
staying	1
floridahoya	1
finnegan's	1
htt‚Ä¶	1
pamjoytorrey	1
meundieshave	1
nicpetrak	1
‚Ä¶the	1
co/ohthuefs9cwe	1
saver	1
co/0rwbtvt0prbook	1
munchquick	1
del‚Ä¶rt	1
trunkclub	1
caelumshove	1
newco	1
notch	1
mileageassist	1
amazonprimenow	1
(single	1
practicaladvice	1
co/c2gwnb45e1are	1
co/kwqujq2cbl	1
co/mcbuowqt1pneed	1
certified	1
co/ykyndu0dy5lunch	1
us!rt	1
co/3ppwiqkytvno	1
(all	1
neck	1
modera‚Ä¶rt	1
morganlinton	1
slap	1
evidence	1
co/vytxavbymohere's	1
co/8madmqigoxneed	1
complet‚Ä¶rt	1
spring	1
wearfigs	1
signifies	1
co/rqes66h0etrt	1
co/9hqjzff2as	1
washingtonpost	1
washioapplike	1
supergirl	1
jenga	1
co/zrz3qrfhalin	1
conditioning	1
useful	1
co/tyi4o5l7xqenjoy	1
could!	1
co/hlwus45enmthis	1
bradorbradley	1
(hint	1
co/g9drkzvkvxyou're	1
30-7	1
orchard11	1
patrickvitalone	1
co/idjhn4onwc	1
dtla!!!!rt	1
end	1
co/pdnrjm5pn9rt	1
duties?	1
areahey	1
week's	1
sweat	1
family	1
career	1
release	1
pro‚Ä¶rt	1
co/qk5lxqwqp8happy	1
classy	1
newly	1
co/w8mwq2qkwgrt	1
nap	1
katietilson	1
tyrussmahopefully	1
right?	1
instant‚Ä¶rt	1
lifehack	1
carlytefft	1
techlife	1
kn0tch	1
1000x	1
sblaspaces	1
driver	1
charming	1
techla	1
valet	1
crossed	1
redbullsfo	1
protohack	1
co/jr24qb1cdnrt	1
ldan210	1
co/pqqberzgqmrt	1
boxed_wholesale	1
co/gcsri08lbtrt	1
swell	1
fitmobapp	1
humpday	1
savetime	1
innerrichmond	1
yours?	1
post-mom	1
turtlenecks	1
asked	1
drycleaners--washio	1
co/i6yweviwpc	1
too?	1
jacobmasga	1
concierge	1
post-college	1
co/xqdy54s6xwhappy	1
weighing	1
f*ing	1
notgyet13	1
aloha25	1
co/e5ximvxglb	1
slip	1
uxmag	1
arrived!there	1
gigs	1
‚Ä¶like	1
floor?	1
mindblownthanks	1
errands?	1
wells_p	1
park--it's	1
gradetrain	1
articulate	1
doorbells	1
wedelivr	1
imkoeun	1
followers	1
ginger	1
‚ò∫Ô∏èüç™	1
pillows	1
co/wnzecrjhxgrt	1
gadishamia	1
nytimesdowd's	1
infatuated	1
cnbc	1
nextdoor	1
co/5‚Ä¶rt	1
eve	1
harder	1
co/wqswftxlli	1
co/z2g29nohwrwho	1
rates	1
ceos	1
conciergeapps	1
urbantxt	1
co/5mrpn0nkfdwashio	1
tip-of-the-day	1
supes	1
sheetsrt	1
schedule,‚Ä¶rt	1
washio--no	1
ios7	1
whiz?	1
cnbc25	1
shift	1
couch	1
professional	1
skills	1
sherpashare	1
locally	1
bigfun334	1
co/ki7wkvfbuurt	1
graystreetdc	1
co/h6dapfmeyxrt	1
dance	1
laundrydaythat	1
fully	1
katie_casey	1
caitlinobauer	1
whittled	1
co/p9klpgdrhl	1
wanted	1
slow	1
perfectly-	1
graduated	1
co/gr2‚Ä¶washio	1
saramurray	1
washioto	1
hogfish	1
code?	1
co/qmx‚Ä¶who	1
moosylvania	1
mgpancoast	1
expectations	1
scaling	1
iamsteveharvey	1
down?	1
usatodayrt	1
tour	1
co/e733krh1yurt	1
absolute	1
co/eaxlefvninawesome	1
grab	1
inlovert	1
wealthy	1
developing	1
co/xe9h8cehxmrt	1
huzzah!rt	1
arlington	1
operator	1
gabi	1
nye!it's	1
co/ojxoz5idowrt	1
uclacreate	1
_danfriedman	1
clothesnever	1
stripe	1
cuddliest	1
commonday	1
girl	1
hurray!rt	1
downloaded	1
drone	1
improving	1
sili‚Ä¶	1
embarrassing	1
nod	1
color	1
co/gqejezdjnxrt	1
co/b6je96lb2pdon't	1
headaches	1
gwestr	1
geeksugar	1
thankyouveterans	1
loveitrt	1
sensation	1
washioappshoutout	1
edelgreco	1
ht‚Ä¶huge	1
sendurbanstems	1
window	1
delivers	1
play	1
co/dhxfv0ypcf	1
theeglenner	1
quickly	1
tweeps	1
co/wx4psmnslvi	1
hailonyc	1
issues	1
techhubboston's	1
'boop'	1
co/3ygj60xnuh	1
stuck	1
worldseries	1
klinkdelivery	1
co/4qvh07oclw	1
julianramirez	1
wcp	1
co/t1hrpzoq9jrt	1
cadonuts	1
outside!rt	1
co/1v3njd65ro	1
inhabited	1
completely	1
fridayfeeling	1
apartments	1
co/4r6yflwqsfwashio	1
olivers	1
trafficologist	1
direct	1
modern	1
wed	1
enables	1
explore	1
friend's	1
therealsunjay	1
co/zyfbdsoatz	1
dishes	1
8/22	1
co/ipbjqlgows	1
happened	1
arlanwashere	1
protohackla	1
leighbeeshane	1
co/w84fsqpsmm	1
heads	1
certain	1
levels	1
board	1
ideamensch	1
‚Ä¶enjoy	1
retirement	1
ashleywfahey	1
going?	1
co/q7wkou8eo0meet	1
impressedrt	1
hunt	1
begreatpartners's	1
sweeten	1
bakesho‚Ä¶rt	1
opened	1
üëç	1
market	1
onboardly	1
npralltech	1
cereal	1
effect	1
kansalmo	1
button-up	1
co/74ckwppkkmhey	1
co/ieq4etilsk	1
can¬†miss	1
store-bought	1
bestdayever	1
co/0zskabrvzllove	1
jeffreyh	1
paulmalicki	1
gals	1
peanut	1
dies	1
co/krqxx6aknk	1
üíñ	1
co/nkpt2zvh1rrt	1
doordash	1
recommended	1
iamslota	1
byandreachang	1
truelove	1
festivities	1
co/ablafneolf	1
nye	1
co/c46qgvn1azfridays	1
oaklanda	1
11pm	1
northeastern	1
kthxbye	1
neilosands	1
co/av49xl7q54straight	1
farmgirlflowers	1
co/f8tdatfjqzwashio	1
vonnegutpizza	1
fix	1
30milesnorth	1
berkeley/oakland	1
giant	1
santamonicabiz	1
üíù	1
3en	1
jordanhies	1
co/myflosuuyohey	1
addition	1
surf	1
jc_espitia	1
co/02gq2vhqbclike	1
goldengatebridge	1
engineers	1
empowering	1
turning	1
sherpaeveryone	1
emmabeckerle	1
partnering	1
excel‚Ä¶rt	1
innovating	1
profession‚Ä¶take	1
co/z‚Ä¶rt	1
manpacks	1
üì±	1
embergan	1
healapp	1
need?	1
clixcnn	1
y/o	1
topping	1
co/oopuu1hn9chey	1
charge	1
co/6y‚Ä¶rt	1
celebrating?here's	1
handybookhq	1
magi‚Ä¶mondays	1
considerationcheck	1
food	1
iamaziam	1
co/mlrk2gpeve	1
nonpoison	1
fly	1
partner	1
chirlane	1
fueled	1
co/6qmynbpphuchicago	1
womensequalityday--sending	1
cust‚Ä¶hey	1
stairs	1
dm	1
girls	1
co/am2mzb3gtdwashio	1
meaningful	1
chairs	1
celebrating	1
washio?washio	1
co/klyogeu81fdo	1
rihanna	1
goodies	1
co/4yitpuuihbrt	1
oddly	1
co/6m8xtw5twd	1
mountains	1
co/umx30grz7bit's	1
jenihansen	1
credit!free	1
ft	1
getaway	1
co/nonmhzlwblrt	1
dreamscometruethanks	1
dine	1
perhaps	1
chicagotribune	1
digital	1
it!rt	1
piece!would	1
skskellur	1
co/zdice8zyw4rt	1
form	1
fun!rt	1
greatmusic	1
co/dcybezchl8get	1
co/z7jw1kddurrt	1
co/1gpjbxrgds	1
cou‚Ä¶rt	1
girl's	1
easpass	1
ocd	1
appeared	1
kateofellis	1
perks	1
co/vt37dfjr3brt	1
siliconbeachla	1
french	1
issue	1
co/2wy6nfrbxdrt	1
commercials	1
guinness	1
‚Ä¶check	1
somebody	1
guys!who	1
satire!we're	1
co/pwsgeng5r4	1
cspaits	1
whip?	1
crafty	1
laweekly	1
no‚Ä¶rt	1
annoying	1
joebermedia	1
jennwong	1
jennifer	1
co/0rubluw0ey	1
turned	1
co/pukmr9fkoi	1
co/frke6bh6xs	1
co/zxjrggpptfcheck	1
britrt	1
companyculture	1
delight	1
üëåüèºrt	1
techreport	1
knew	1
üòç	1
underpants?	1
crowded?	1
jadorethomas	1
üòã	1
laundrytips	1
üòÑ	1
greeted	1
anyvite	1
$32	1
co/3ia3h12jzrhaven't	1
$35	1
second	1
cardamom	1
chanelpreston	1
‚Ä¶washio	1
mm	1
co/azp8e4duz7rt	1
fres‚Ä¶happy	1
ninja‚Ä¶turning	1
talkin	1
clothesrt	1
flowing	1
likes‚Ä¶	1
amazon	1
coat	1
urbansitter	1
timonair	1
genie	1
whatdreamsaremadeof	1
co/obe2tiog9frt	1
raisedrussian	1
sofreshsocleanreason	1
whatsdanbakingtodayrt	1
heat	1
passionate	1
showusyourundies	1
q+a	1
co/6cvbebardo	1
mixed	1
appstore	1
reserve	1
ericafluff	1
stevemnich	1
somehow	1
hilton's	1
men‚Äôs	1
hipsterceoapp	1
co/5tgs0lkrd1we	1
sjespers	1
everything?	1
defi‚Ä¶rt	1
valentine's	1
co/id46lpghhxyou	1
badsharkweekpun	1
steveanastos	1
month?	1
dress?	1
fyf	1
treat--you	1
painting	1
ga_baily	1
halliejackson	1
luxury	1
sitting	1
co/sd9zosrw5k	1
multifamily	1
salad	1
wework	1
points--	1
co/hxrzaesjcvthrilled	1
co/8cscyxjxbq	1
heck	1
hangin	1
co/hg4zt8l9dp	1
co/sveqrktrsjtgif	1
inevitable	1
old	1
t‚Ä¶	1
viralrecruitercase	1
myclean	1
checking	1
on?	1
vibrams	1
conference	1
activity	1
andipim	1
latechwatch	1
co/gwmwjxn0ajwould	1
colebees8	1
co/ak8w6r1uu6rt	1
brokegirlsguide	1
blew	1
co/m76vekcy1o	1
co/jzgwjg0w9hhappy	1
sm	1
co/ariofwd7z8doing	1
that--	1
intern	1
nick's	1
michaelkors	1
garage	1
kitchensurfing	1
pandora	1
closer	1
co/r9msgsotpw	1
micshindle	1
flycleaners	1
stuf‚Ä¶rt	1
country	1
tv	1
workspace	1
reasonable	1
washioapp-	1
w‚Ä¶	1
alexaguilera209	1
torkelson	1
postcard	1
co/kczz27oe4yrt	1
jauny?	1
details	1
co/jkiqzqr1s3are	1
ur	1
co/ekodlct79g‚Äùcalling	1
ensure	1
usual	1
reasonably	1
co/aqhsbjxyrhrt	1
üç™	1
tjtaylr	1
co/q0x59ob8jort	1
vs	1
great!and	1
üç™!it's	1
snack	1
tripnary	1
resolutions	1
taylorleegirl	1
honey	1
dang	1
dog's	1
ww	1
co/aa2yfraqfkhappy	1
dressmetori	1
previous	1
brighter	1
igaelgm	1
w/24	1
th‚Ä¶rt	1
software	1
hell	1
beyond	1
april	1
closing	1
surrounding	1
comm	1
teams	1
enplug	1
joannastern	1
co/0sgg3v6hqxdo	1
treat!	1
weekend?rt	1
donut/croissant	1
insight	1
freshly	1
googleexpress	1
wk's	1
honored!who	1
uberfication	1
rcbullen	1
lhcalligraphy	1
cops	1
bndarticles	1
treatrt	1
south	1
anyone?	1
co/jxo1lgnxyoare	1
confess	1
ghost	1
co/qw4bt08rmpcan't	1
co/ietn37gnfqrt	1
jta4t	1
great/but	1
co/b3y8iwvlsxmeet	1
30am	1
jamieradice	1
greatmove	1
precious	1
whoisfancy	1
amazed	1
massive	1
co/bufclf56r4our	1
wee‚Ä¶rt	1
unified	1
reimagined	1
date	1
thru	1
richmond?	1
co/yafn07wg0art	1
mashable	1
‚Äòwashio	1
onion	1
sound	1
theblogguidert	1
co‚Ä¶we	1
massage	1
washio?rt	1
marcchambers	1
co/9wa33xpbby	1
sent	1
messy	1
reusable	1
joliekerr	1
note	1
line	1
co/8mscqa0j1yrt	1
candles	1
co/i7tpetioikrt	1
ubereats	1
engaging	1
laundry!doing	1
treats!rt	1
co/zrz3qrfhalrt	1
üç™üç™üç™üç™üç™üç™üç™üç™rt	1
organize	1
asynchronous	1
erinirwin818late	1
co/sovjvt07muhow	1
costs	1
dickc	1
toptopchicago	1
nort	1
co/lqoi5yjscjfly	1
washing	1
tuesday	1
dry‚Ä¶	1
co/ygrbtn9jjc	1
kudosrt	1
revolutionizing	1
sunset77events	1
co/0fmgheatldrt	1
co/anltt4rxye	1
co/2lnhjxpubjhere	1
co/qdjkonumdgwant	1
remote	1
day?	1
‚Ä¶never	1
begins	1
co/36qebx0c8ithe	1
now?	1
rebranding	1
thus	1
djing	1
now‚Äô	1
you?	1
outsourced	1
baked	1
wine	1
co/0uwqly4zpra	1
ahead	1
co/xgcdamhnpdeven	1
earnestp	1
customerexper‚Ä¶rt	1
talbotl	1
lights	1
trycaviar	1
back-to-school?	1
co/phiwworj2utell	1
cscmptech	1
disaster?washio	1
co/52xhqvdg8ohappy	1
nows	1
ma‚Ä¶rt	1
subtle	1
think?rt	1
blue	1
lifert	1
returned	1
god	1
reader	1
fragrances	1
foods--thanks	1
jeanettesuh	1
https‚Ä¶rt	1
chaffondavis	1
co/thotp4podkread	1
rsvp	1
adios	1
wish	1
juices	1
co/pzpgsybqt7happy	1
snicker	1
getpager	1
50%+	1
http‚Ä¶celebrate	1
area	1
co/d85azklsvxi	1
econom‚Ä¶tuesdays	1
last-minute	1
mschaecher	1
shipment	1
beaconhill	1
iwillneverbetoooldto	1
co/ir4rukjqmurt	1
neglected	1
candidates	1
co/7g8sr4xucuwe	1
flipagram	1
urbandaddy_dc	1
cookiert	1
young	1
danfriedman10	1
co/7qqfe6tsgh	1
notsofancyrt	1
co/n60drjuy3cwe've	1
sexy	1
space_ways	1
co/6g4ojw0cgurt	1
users!have	1
washioapp!!!!!!!!!	1
co/kwcf9y5uillooking	1
üòãüëçüèªrt	1
kanye	1
scene-	1
bummer	1
leifdreizler	1
gsp	1
changing	1
colinbrauns	1
usher	1
uncles	1
heroes	1
drync	1
co/bpl10zdmfart	1
co/v45ffniydort	1
pet	1
neohire	1
nationaldoughnutday	1
floaties	1
autopilotus	1
heaven	1
upbeat	1
wallabycard	1
co/6ry65xupzh10	1
thrillistla	1
glamsquad	1
way2go!tech	1
usatoday's	1
siteminder_news	1
bankrupting	1
marywinnmiller	1
hallow‚Ä¶	1
co/fyii9b4uj8rt	1
simplystylistxo	1
smelling	1
coolest	1
documentary	1
silicon‚Ä¶	1
jordanpic23	1
rose?rt	1
gonna	1
bought	1
anneakhilart	1
co/5tgs0lkrd1have	1
co/haflj4x5z1rt	1
co/pewqk1xkvztell	1
hideouts	1
washio‚Ä¶there's	1
co/shrzzxdkwz	1
wsjournal	1
co/utrjlqdq1r	1
co/p34ydu1svsrt	1
pic	1
pie	1
earlier	1
co/sbr1ds0nquthe	1
discusses	1
counting	1
rasmuzen	1
re-design	1
co/vwnhjkxsawrt	1
chick	1
ever!rt	1
aplusk	1
mrbobbywall	1
gym	1
twist	1
chicago's	1
hotla25	1
mrjtweeter	1
magicrt	1
fruit	1
accidentally	1
it‚Äôs	1
pursue	1
co/avhfpnpmlxrt	1
design	1
unpack	1
uber_la	1
pick-up/delivery	1
kicked	1
co/3guzdncfvywe	1
co/xhbtbj2xm7order	1
lyra_lemieux	1
wall	1
stinks	1
guys!happy	1
coffins	1
co/kx7oktl9dqrt	1
eacooper	1
advertising	1
co/xj‚Ä¶rt	1
teenagers	1
brianbeedavis	1
thinks	1
secret!	1
msabdala	1
thebostonista	1
eat24	1
21-this	1
co/ji6vtnisuvrt	1
ht‚Ä¶featured	1
corytv	1
parents'	1
quandary?	1
schlepping	1
phcthankshump	1
labite	1
butt	1
huddled	1
jcran	1
soulcycle	1
neatly	1
co/oacyplljtdhey	1
prize	1
marty	1
pop	1
think?	1
mornings	1
colgatesf	1
'digital	1
pick-ups	1
dreamin	1
customers‚Ä¶rt	1
escape	1
funny	1
gives	1
sick‚Ä¶rt	1
fanatics	1
combining	1
yay	1
co/abi8wily2odon't	1
co/9nkrayojo7proud	1
miniature	1
unicorn	1
co/khsjjogg7vso	1
goody	1
wednesday's	1
dccomics	1
help!washio	1
late	1
school	1
candysanfran	1
nicee	1
thatwaseasy	1
meetup	1
given	1
batch	1
‚ú®üåüüí´üí•üí•üí•rt	1
24-hr	1
drewwruss	1
co/zvogjvpj6dwishing	1
co/e0mfa3frrert	1
employees	1
psa	1
basement	1
prank	1
kmaney	1
hampers	1
co/v‚Ä¶we're	1
frankmottek	1
theuberforrt	1
co/jldzx4oogiwest	1
b-day	1
glowlyft	1
gamechangerrt	1
mikster	1
yesterday	1
(until	1
laundrylovehey	1
dopest	1
shindig	1
sofreshand‚Ä¶doing	1
eve!suitcase	1
sanfrancisco	1
annnnd	1
laurelandwolf	1
p_s_y__	1
windows	1
co/wmylruohudrt	1
stronger‚Ä¶rt	1
w‚Ä¶it's	1
genius	1
alminty3d	1
sundayfunday	1
suitcases	1
ideas_la	1
danilosapad	1
co/n4ocylxq5bfellow	1
options	1
jackets	1
struggle	1
sabrinarocco	1
meets	1
swoon	1
high/	1
junior	1
laminator	1
light	1
sundays?	1
thinkaboutitwhat	1
waze	1
artist	1
fueling	1
smart	1
co/siowmjbrt0sept	1
beaches	1
short/your	1
latechweek	1
sidecar	1
efficient	1
laundry?rt	1
co/j0qvkd1ros	1
katecallen	1
popartbakeshop	1
choice	1
motivationmondayrt	1
dkovalev	1
hit	1
major	1
co/eutlksxkci	1
beat	1
tuesda‚Ä¶rt	1
co/0vnqxqlfmyyou	1
actuary	1
history	1
beckymargraf	1
co/4sl1necdd4	1
http‚Ä¶like	1
absolutely	1
co/rup7ho4roh	1
it'd	1
co/2rnnwf7kgqrt	1
jennwong4alt12	1
altitude	1
co/axn3‚Ä¶rt	1
co/m1vmorbkes	1
jenniferkilty	1
asap	1
hollywoodsign	1
fb15	1
deserve	1
killingitrt	1
co/uzlnes0mdv	1
smartskintech	1
soda	1
davidarondamane	1
co/1zgdptu1kirt	1
neither	1
chrisgolden	1
tweeter	1
forbesrt	1
co/zrz3qrfhalyou'll	1
monolithdota	1
pavlovian	1
co/egtiwgxejh	1
out!rt	1
co/o6‚Ä¶meet	1
prime	1
better!rt	1
seamless	1
instead?	1
haikutuesday	1
delighted	1
power--avoid	1
venture	1
cycle--	1
route	1
flexible	1
co/shteoryy1qoh	1
purplefuelapp	1
co/1ythvso7okhappy	1
a‚Ä¶rt	1
comes	1
bui‚Ä¶great	1
skyline	1
bottle	1
way!rt	1
interior	1
co/2imxujm3‚Ä¶our	1
passover-	1
co/ear0r0b0zwwe	1
hearing	1
co/pnwfnlov9brt	1
caseyhopkinsrt	1
chip	1
lauraesimmons	1
co/afb29ygcvvextra	1
thrillist	1
jagger‚Ä¶rt	1
70%	1
vangoapp	1
tells	1
spaceprooof	1
vatortv	1
june	1
answer	1
series	1
jprovira	1
winewednesday	1
experience?look	1
sometimes	1
questions	1
promise	1
doable	1
purgatory	1
customerservice	1
co/5kpbqqpuftcheck	1
brittneyplz	1
co/l8fbvsniebwhat	1
co/rty9tekvzb	1
200%	1
co/zzjvnijaoltell	1
josephcoughlin	1
twitpic!spill	1
danny	1
rosemary	1
haikus	1
(24hr	1
cinnamon	1
beginning	1
comschedule	1
wash&foldrt	1
wnow25	1
co/fxaqtshepoit's	1
yup	1
co/ufpckgzc0z	1
softer	1
joanneeee14	1
sold	1
washio's	1
pokemon	1
co/7jeboe5k3e	1
aroundcoffee	1
thegirlpie	1
radiochio	1
although	1
out!want	1
cmrberry	1
2013	1
ondemandlifestyle	1
comforter	1
karenmsoto	1
snowshoestamp	1
hug	1
patriots	1
sooo	1
ya'll	1
hope	1
la--let	1
co/azwwujqqqgwho	1
laurenfragoza	1
action	1
co/fuqnhuxj6x	1
back-to-school	1
co/b91odbwcstcalifornia	1
washclubdcrt	1
üòârt	1
melissatan	1
co/tkaeeayt6tdon't	1
savoring	1
wash&fold-dry	1
mario	1
hood	1
annabelleigh	1
soggy	1
reached	1
impression	1
amazondash	1
co/fvzoveqiuert	1
servizla	1
socialtables	1
kutcher-backed	1
products	1
willhoughteling	1
42,000,000	1
scott_mccrary	1
steve	1
tart	1
creed	1
co/qiuic3z7ucthanks	1
thecanonball	1
laborday?	1
sweetie!happy	1
great?	1
positive	1
co/8y8qkb1shtrt	1
harvey	1
machine	1
brokeassgourmet	1
return	1
avivash	1
bottomless	1
serve	1
w/in	1
megantelles	1
co/ovmjtgihhi	1
smile	1
ajaff	1
co/ogcw8ssscjrt	1
next?	1
co/zom2qprn5rhow	1
towels	1
clotheswe're	1
wlf2014	1
co/dck4sd02ka	1
co/7sg1qdz2lc	1
discounted	1
quarters;	1
sooner	1
co/txts3vewa8	1
experiences	1
co/bbvmrwioi6hey	1
gigisaca	1
problemo	1
problems	1
tinango7	1
adorable	1
kickstarter	1
sennet	1
soup	1
home!rt	1
co/bfdu23mddjrt	1
co/jkiqzqr1s3washio	1
kimono	1
transform	1
co/yf9kpkcxncrt	1
noemico	1
sanfranciscort	1
futureperf‚Ä¶rt	1
confetti	1
impressive	1
today?rt	1
reppin'rt	1
washio!!	1
puzzle	1
w/laundry	1
ever?starting	1
-based	1
wearelatech	1
atomfactory	1
eternity?	1
blockbuster	1
clothes?rt	1
co/k78pv1lynrrt	1
ploys	1
firm	1
co/sj4wl2dlcrwashio	1
pumpkins	1
comic‚Ä¶	1
co/gcunl1hr7q	1
wear?	1
adventures	1
hawaiian	1
co/hyh7a3wqa6rt	1
cookie??	1
prici‚Ä¶rt	1
dryer	1
enthusiastic	1
co/ktjr4k491hwashio	1
admirers--	1
programs	1
co/edidjsv2wu	1
3,331	1
‚Äúif	1
eveything	1
co‚Ä¶sundays	1
teaming	1
n'‚Ä¶rt	1
realsimplemagwho	1
operating	1
ourtimedating	1
krispritch	1
jessedraper	1
co/bmfwnymxdrlike	1
face	1
ibm	1
nickbilton	1
ruff	1
kristinerica	1
showed	1
co/rpxmddriswlike	1
carrieloconnor	1
the‚Ä¶rt	1
catluvtosurf	1
heatwave	1
y'know	1
tardisk	1
jaggerapp	1
meticulously	1
presentation	1
co/arvgbwnrcort	1
be!rt	1
(obviously	1
ruin	1
http‚Ä¶spending	1
minded?	1
co/yyaw5lf8a1rt	1
drops!merry	1
phcsf	1
spill	1
shanaglenzer	1
please	1
finding	1
fits	1
y'all	1
coreysebens	1
immediacy	1
officefoodi‚Ä¶	1
co/cuxxluylam	1
todayhappy	1
campaign	1
rough	1
reasons	1
broccoli	1
rule	1
commerce	1
tee's	1
schedules	1
wants	1
definition	1
chrisfnicholson	1
deadspin-http	1
madness	1
westside5	1
cranberry	1
melodymcc's	1
kderkits	1
up/drop	1
employ	1
cupsapp	1
co/pdara1r1fc	1
schlepandfetch‚Ä¶rt	1
15‚Ä¶rt	1
matt_lync‚Ä¶rt	1
co/vvbbf7yeb4	1
desirable	1
jeff	1
üëèüèΩrt	1
stepping	1
degrees	1
compatible	1
tingly	1
co/r0akh1ut3qthis	1
co/bl3pp88bycawesome	1
latechsummit	1
ever?	1
co/kpyujtbgyhrt	1
mondays?	1
itself	1
enjoyable	1
smnewtech	1
co/2nghsc9blzlike	1
cafe_madeleine	1
comms	1
olga	1
üëèüëè	1
co/odsast‚Ä¶got	1
requests	1
co/wmcbudelkh	1
tonight!rt	1
sturbi	1
explains	1
pictured	1
buddy	1
co/wslpvoaie1	1
coupon	1
nolie	1
appearance	1
damaged	1
i‚Ä¶rt	1
co/fq2eefbb3alike	1
co/dlsswgufrd	1
co/mpttpno2d8	1
poll	1
tight	1
freeways	1
spite	1
co/qt7k2v7xqh	1
heatheradorsey	1
co/bbdlg7lek4we	1
smelly	1
ill	1
co/ythlhjcp0hwin	1
covered	1
co/9d5me7nrf3how	1
sheetsfoldedinaperfectstack	1
you!!!happy	1
sxsw	1
theythebest	1
w/promo‚Ä¶rt	1
solving	1
co/lmennacc2z	1
according	1
co/blhmqplo821	1
ferenstein	1
paper	1
public	1
co/qgvsmwx0djrt	1
soft?	1
inc	1
washiohappy	1
mercurynews	1
patriots15	1
boomrt	1
co/iehs9iofsjrt	1
wine?	1
resources	1
tricks	1
‚Ä¶great	1
openings	1
round	1
door;	1
mvpdon't	1
seamlessly	1
go‚Ä¶want	1
iok	1
co/dv2gxqrljqwant	1
averytlos	1
co/9pukgfs5dtlike	1
sorta	1
natashasharma	1
building	1
setting	1
properly	1
score	1
lamayorsoffice	1
quote	1
/‚Ä¶washio	1
co/nyy992hcpybig	1
invented	1
co/ows38htnalfresh	1
tech-quila	1
people-centric	1
co/g5eprfoa8zwhat	1
russellstuart	1
pool	1
musickillskate	1
slangin'	1
talkingtech	1
downtownnews	1
firmly	1
southern	1
mariana_h115	1
providing	1
bro‚Ä¶rt	1
celebrate!rt	1
cleantech	1
founding	1
rolling	1
drycleaners	1
techcrawl	1
la--forget	1
co/bxc7dmi2ohrt	1
mobileapp‚Ä¶	1
co/tkhu60izy9our	1
clothe‚Ä¶	1
close	1
scented	1
pulled	1
ga_la‚Äôs	1
abt	1
forefront	1
spin	1
pulley	1
washioappthanks	1
spit	1
jmsummers	1
munkey	1
digitaltrends	1
communicate	1
pots	1
rec	1
co/jsvvbeljgg	1
co/g5eprfoa8zwhen	1
mylifehaschangedforever	1
co/3r00dh0yn3	1
co/8s1wdoavajcan't	1
veniceit's	1
finish	1
co/hsclxod9pmrt	1
gifts	1
co/y4pykemte4rt	1
respect	1
giltcitysf	1
t-day	1
activation	1
pickup-	1
exec	1
kate_ross_	1
co/eh1p2j07rt	1
joining	1
petworth	1
pickup/deliver	1
alan_oc	1
choose	1
co/pauzgftqknrt	1
‚Äòwashio¬†now	1
pickup?	1
drizlychi	1
oscarraymundo	1
hoteltonight	1
identify	1
drenched	1
message	1
schaecher60574	1
micro	1
sense/no	1
baya‚Ä¶rt	1
pickups	1
rhs	1
co/o6cffpssfcthanks	1
washio!rt	1
age	1
chetkapoorsf	1
movie	1
ago	1
caption	1
co/rup7homtcr!rt	1
co/wpq0829d8iwhat	1
jenmkirch	1
blueapronrt	1
scrolling	1
my‚Ä¶rt	1
mslindsaywolfe	1
co/dp2u3bqhsdwashio	1
mallorymaske	1
testing	1
6th	1
model/actor	1
tough	1
fashserendipity	1
masses	1
mailbox	1
pumpkincarving	1
dufl	1
highdee's	1
sunday?	1
lulakilla	1
fathers	1
co/67kliojkqbyour	1
father's	1
uncle	1
co/x7j2clnxc7rt	1
co/nkdymxj4jgrt	1
2015trend	1
air	1
kelly	1
local	1
co/ss2aigrrnirt	1
crew	1
yrds	1
co/qqokuinlavit's	1
chanelle777	1
co/cyxiaw77bsrt	1
mpcommercial	1
dollarshaveclub	1
ti‚Ä¶rt	1
promptly	1
vacation	1
craving	1
goddess'	1
filled	1
satisfaction	1
juuuuuust	1
secretbostonhot	1
cleaners?	1
days,my	1
aka	1
bubbly	1
year?	1
maura	1
movement	1
isoquant	1
workings	1
wizards	1
duke	1
co/ogj5reuopwthanks	1
artsy	1
glove	1
co/3po8fypp1frt	1
body	1
drycleaner?	1
üëçüèªrt	1
co/c8ntgcqxqfexcited	1
awsstartups	1
planned?	1
thebouqs	1
co/2fclcqe4aart	1
dukes	1
customerservicert	1
rachaelnobrien	1
clock	1
djbtv	1
breather	1
arthivani	1
co/vv7wuwkxqv	1
ilinmiao	1
co/ob26k4zpcgexcited	1
co/rmjciw8ifk	1
co/tmh67bljskrt	1
co/tpulawots5rt	1
(created	1
smartcompany	1
dusty	1
attn	1
frowned	1
la-based	1
cle‚Ä¶rt	1
la‚Ä¶rt	1
ow‚Ä¶every	1
meundies!we	1
'on-demand	1
pooped	1
jonathanhung	1
ttbyrdd	1
construction	1
co/zef1orcfe1washio	1
saying	1
nastygal	1
andresmino	1
co/fn‚Ä¶rt	1
superbowlbounddoing	1
suzierobb	1
rocksrt	1
donation!rt	1
co/9fc2dux1ejrt	1
sundays	1
1,086	1
starring	1
‚Äúforget	1
co/lkexycnzy7	1
expanding	1
thought	1
co/wyuk7cn9ntrt	1
tryit10rt	1
co/cleirqcmonrt	1
johnmmadigan	1
anywhere	1
sacrificing	1
everyone--take	1
cake	1
coreycowens	1
kanye2020	1
sweater	1
whitney	1
shopping	1
goodness	1
jeffersongraham	1
nicholas	1
now?rt	1
co/lyd32dxqbrwednesday's	1
co/dd7wttvbg7rt	1
blush!wahoo	1
turkey	1
gently	1
co/6kdbmtuz8drt	1
co/dctkndxa19	1
inspiring	1
microwaved	1
notion	1
aweso‚Ä¶getting	1
jojotastic	1
taken	1
small-scale	1
drondemand	1
joannahawley10	1
takes	1
broken	1
wash!!	1
co/v3q570k‚Ä¶collar	1
sootheapp	1
pudding	1
co/hrkptftmjiloving	1
car‚Ä¶i	1
fabulous	1
co/yzybtx9qt8like	1
issuewe're	1
dusk	1
offices	1
run	1
bomb	1
nomorelaundrydaysrt	1
either	1
neighbors	1
friday!	1
cookie?	1
atm	1
helpful	1
rowantrollope	1
details!unless	1
mon‚Ä¶	1
co/kb8r3sleicrt	1
everywhere	1
spaces	1
co/qiaa67ei2chave	1
worst	1
selling	1
neighborhood	1
bestapp	1
non-fiction	1
shop	1
disappear	1
$‚Ä¶rt	1
shot	1
kam_bain	1
dander	1
emails	1
kicking	1
dcmeetmarket	1
street	1
arrive	1
bloombergwest	1
dailycandy	1
aswi2‚Ä¶rt	1
estimated	1
moms	1
co/ddgxh2bqkllike	1
co/yphl1yx8rimaybe	1
cstmr	1
silionbeach	1
samanthaonstyle	1
developers	1
cat?	1
richdemuro	1
stitchfix	1
carriages	1
temperatures	1
mattjoanou	1
deluscious	1
serendipity	1
dogsoftwitter	1
ryansmckinley	1
melotones	1
yourself!check	1
case	1
yaboinick	1
downtown	1
signup	1
account?	1
co/olj1kltn7vget	1
orionsdada	1
cordzzzz	1
sofreshwhat	1
mykeebe	1
matched	1
purely	1
more!rt	1
‚Ä¶do	1
laircake	1
newshub	1
side-we	1
pressing	1
theideologue	1
hassle	1
co/nvyljy0zabrt	1
two!we're	1
cooking	1
truelovert	1
co/hn9ub2ebws	1
mischief	1
stress	1
d_rock84	1
business!rt	1
jacinthsohi	1
born	1
heels	1
co/ajm6n87nzert	1
mondanity	1
activit‚Ä¶rt	1
bore	1
therealclayt0nrt	1
hunters	1
co/x6k53zfx02why	1
co/8wuzvgc2vkrt	1
co/lsrehhlc9lwhether	1
you?our	1
angelenos?	1
minded	1
co/sro129h0ekbecause	1
thestreet	1
co/svfd9ueadsdoes	1
co/0mfke3huasrt	1
factual	1
drama-free	1
kimkomando	1
kmyapp	1
timing	1
for‚Ä¶rt	1
2015!rt	1
instagram?	1
musicdealers	1
billboard	1
cchelseaa	1
co/vo3fetbc23	1
co/ls5b00t56mit's	1
andee_gardiner	1
bruinrob11	1
bowl	1
therubenm	1
co/kqtplm5i0urt	1
co/dpc2fqe0hurt	1
mondaymotivation	1
joy	1
co/zklmwms9cnthanks	1
compliment	1
sheet	1
ramborivera	1
rest	1
patricknowlan	1
co/4gvh4i6yq9if	1
co/0pnpraplmnrt	1
saw	1
aly_al	1
sbf	1
valeywood	1
co/doh6nua7enmake	1
co/jn7aarqslb	1
foodlovefreedom	1
weworkbos	1
kiss	1
campaigns	1
butterchrnr	1
cleanclothesrt	1
co/etqswzk1gtthanks	1
mishaps	1
pitching	1
personal	1
greattimesrt	1
co/whirn3wez9	1
co/fpzzjyd5c8rt	1
they‚Äôll	1
icky	1
kiat77	1
greatly	1
jtdant	1
co/9uk0tr7bt3rt	1
co/bsvfabmu4hhey	1
co/0s8g4dbzvirt	1
stained	1
5-step	1
chadschaefer	1
it?rt	1
proves	1
smoothly	1
co/2kidv3k6lmmaybe	1
sen	1
co/xhsa6qblhjrt	1
jobr	1
adityajagtiani	1
jobs	1
column	1
words	1
cooki‚Ä¶we	1
zestfinance	1
battle	1
co/4fm‚Ä¶rt	1
co/axoiylhgsd	1
co/rkzsu1n3ydwhatever	1
kite	1
bed	1
stegrelo	1
nearest	1
timhendrickson	1
shareeconomy	1
co/bfkvlozu9fi	1
eaze_‚Ä¶boston	1
*laborfree5*	1
kleverdogcowork	1
gif-based	1
johnnyquachy	1
contact	1
excuses	1
france	1
dcgirlinpearls	1
bff	1
co/ibqy5rmofxrt	1
shh	1
24-hours	1
ishawn23	1
zipline?	1
debt	1
accountants	1
fluff	1
lucky	1
visiting	1
parity	1
packing	1
itsthedids	1
westside	1
poopetrators	1
co/jfpnrpbdzw	1
chicagodeano	1
co/zth3hgzsdkhappy	1
captured	1
co/knjxbltgsihttp	1
cleaner/laundromat	1
co/pwfmzdu6uowashio	1
co/vyg9tufwkxwhat's	1
mccray‚Äôs	1
cargomatic	1
co/klzdezg2qftired	1
musthavert	1
surfair	1
co/zrz3qrfhaltell	1
prompt	1
shiphawk	1
mile-high	1
peasant	1
extra?	1
hiring!happy	1
peers	1
imagery	1
model	1
elaxation	1
reduce	1
co/b4fm5kobsyrt	1
co/oodbsjtdojour	1
morganoliveira1	1
messaging	1
co/cu1ckhrcarhave	1
lisadconn	1
exclusively	1
john	1
thanks!rt	1
howlerat	1
christopher	1
co/zrz3qrfhaldoes	1
debbietuel	1
truestory	1
going!check	1
boyfriend	1
noodle	1
dasbunker	1
peeps	1
thinking	1
heynowus	1
idrincwater	1
unwrapping	1
dirtylandry	1
bundle	1
standwithapp	1
flannelfriday	1
techcocktail	1
cashmeres	1
hotspotio	1
respectful	1
co/i8nvdqjrjmif	1
co/bnf81kflyc	1
century	1
zacharyliu	1
l‚Ä¶good	1
co/qqpsuczt6art	1
washers	1
doggies	1
report	1
co/2vt1r9iw7prt	1
guys!	1
shuffle	1
facilities	1
improvements	1
‚Ä¶we've	1
lifechanger	1
cotton	1
co/bjgliyqeptrt	1
work?	1
communal	1
download	1
thefenway	1
skirts	1
gselevator	1
community?	1
urbandaddy	1
barefoot	1
amdm	1
champagne	1
sequin	1
directly	1
co/b1quuundp7	1
officially	1
level	1
studio10	1
jorgemondacafox	1
cliffgagliardo	1
siliconbeach_la	1
dryclean10	1
bunch	1
co/d21e3wrq2t	1
post-signup	1
boo	1
guacamole	1
co/i8jl1mbjbu	1
candy	1
what‚Äôs	1
co/dhcsxfnazh	1
clothes?	1
box	1
total	1
givesyouwings	1
myclothesaremyeverything	1
kaneshow	1
alix520	1
waldopiehead	1
in‚Ä¶like	1
wheel	1
relying	1
rule!rt	1
h‚Ä¶thanks	1
service!make	1
getmahmee	1
awards	1
co/k1l9zra6fkrt	1
giftcards	1
dancing	1
the‚Ä¶guess	1
amaliedrury	1
night!life's	1
arrives!rt	1
episode	1
tweetpilothq!happy	1
somewhere	1
scweeker	1
andrews	1
encouraged	1
raises	1
scent	1
schlublifert	1
haiku	1
alcohol	1
co/qsxgo3qd09	1
sad-eating	1
trench	1
co/ouikobxjnfrt	1
students--westwood	1
australia	1
remaining	1
accept	1
ga_la's	1
full-stack	1
googlefiber	1
co/67klip0wfb	1
inklyapp	1
teens	1
co/blymmwt7f6check	1
co/t4xw1sqb9trt	1
co/dzxix9lykacheck	1
brentwood	1
nationalchocolatechipcookieday	1
techzulu	1
roller-skate	1
co/mkerkkjk9r	1
btw	1
opusforwork	1
manages	1
sharkweek2015	1
store	1
94131	1
bud	1
buzzfeed	1
thesunset	1
fourth	1
(with	1
headphones	1
buy	1
krownz	1
pairs	1
kyliemcquain	1
timehappy	1
co/y97b0rf1fprt	1
co/9ufic4qcbj	1
written	1
co/gwha4xkra4rt	1
away?	1
washiowhy	1
co/etrnvkbvsyeven	1
studios	1
co/ljtokmqyyahappy	1
especially	1
hint	1
rackedchicago	1
ej__baker	1
pimmfox	1
laundry!'	1
advice?	1
missing	1
co/ebfdajcvc5rt	1
co/gf0lhkhw56all	1
co/j1kkf1vbx2	1
lovely	1
studio5	1
buzzfeedfoodin	1
technology	1
nextbitsys	1
co/2lufhdx0eart	1
flightfac	1
punctual	1
expedite	1
mollybsims	1
reach	1
tested	1
co/kdfblakfctlike	1
co/w5ltljkvwo	1
co/qowqrvlway	1
seconds	1
interns	1
massachusetts	1
b_ri	1
narwhaldo	1
ther‚Ä¶rt	1
efficiency	1
dealbook	1
sneakers	1
co/f8est7ifwort	1
laundry!!	1
co/oj‚Ä¶rt	1
aniston	1
zipcar	1
logging	1
substantially	1
day!be	1
drivers	1
out--	1
scared	1
notifications	1
katharineconlon	1
workpop	1
rode	1
millennials	1
impress	1
feature	1
co/nwtiohzo6mlove	1
gohawke	1
blouse	1
karlfrisch	1
availablegreat	1
tired	1
sixdoorshq	1
crunchbase	1
hits	1
highlights	1
court-side	1
to‚Ä¶rt	1
fortpointhappy	1
haha	1
obrienmedia	1
torontostar	1
co/7ufoztifh5	1
michaelsidgmore	1
growing	1
plain	1
strollertraffic	1
clothed	1
co/62lldi3uv5‚Äù	1
prettyinstant	1
co/rnggqavj1o	1
tee-shirts	1
posed	1
lovers	1
deliveries	1
washionow	1
safe	1
awapy	1
westicaa	1
washio!what	1
sault69883	1
co/slkeggam23three	1
dcordell	1
ztailors	1
tgif!summer	1
co/o1cfwbcym1washio	1
washioappour	1
paris	1
co/z7mfryig6m	1
car	1
co/ja1swayalxit's	1
cat	1
alarm	1
lizkaitan	1
laundrylifewe've	1
1stuse	1
player	1
brownies?	1
compliments	1
your‚Ä¶if	1
hail	1
drizlybos	1
jimborden	1
innerrichmondrt	1
cbs	1
co/kmciy6wbqj	1
